fecha,hora,ticker_us,cedear,bid_ars,offer_ars,spread_ars_pct,prof_bids,prof_offers,bid_d,offer_d,spread_d_pct,px_subyacente_usd,mep_al30,ratio,prima_mep_pct,prima_d_pct
2026-07-15,11:29,MA,MA,25400,25460,0.236,5,5,16.8,16.9,0.593,538.78,1509.32,33,3.2,3.21
2026-07-15,11:29,EA,EA,22930,23000,0.305,4,5,15.05,15.34,1.909,206.37,1509.32,14,3.22,3.08
2026-07-15,11:29,AMX,AMX,40520,40700,0.443,5,5,25.73,27.04,4.965,26.06,1509.32,1,3.25,1.25
2026-07-15,11:29,NVS,NVS,58575,58725,0.256,5,5,37.25,39.34,5.458,150.18,1509.32,4,3.5,2.0
2026-07-15,11:29,PYPL,PYPL,10730,10750,0.186,5,5,7.1,7.12,0.281,55.18,1509.32,8,3.16,3.08
2026-07-15,11:29,GILD,GILD,50900,51025,0.245,5,5,32.38,34.08,5.116,130.13,1509.32,4,3.79,2.14
2026-07-15,11:29,DIS,DISN,12670,12710,0.315,5,5,8.38,8.46,0.95,97.21,1509.32,12,3.79,3.94
2026-07-15,11:29,AAPL,AAPL,25280,25320,0.158,5,5,16.73,16.76,0.179,324.61,1509.32,20,3.28,3.17
2026-07-15,11:29,UNP,UNP,22380,22490,0.49,4,5,14.67,15.04,2.491,286.76,1509.32,20,3.67,3.61
2026-07-15,11:29,KO,KO,25740,25800,0.233,5,5,17.05,17.1,0.293,82.46,1509.32,5,3.53,3.54
2026-07-15,11:29,BMY,BMY,30400,30500,0.328,5,5,19.61,20.4,3.949,58.3,1509.32,3,3.81,2.94
2026-07-15,11:29,RTX,RTX,60450,60600,0.248,5,5,39.66,40.25,1.477,193.48,1509.32,5,3.63,3.25
2026-07-15,11:31,MA,MA,25420,25500,0.314,5,5,16.83,16.93,0.592,538.95,1509.23,33,3.29,3.36
2026-07-15,11:31,EA,EA,22930,23010,0.348,4,4,15.05,15.34,1.909,206.38,1509.23,14,3.24,3.08
2026-07-15,11:31,AMX,AMX,40500,40660,0.394,5,5,25.73,27.04,4.965,25.94,1509.23,1,3.65,1.72
2026-07-15,11:31,NVS,NVS,58625,58775,0.256,5,5,37.25,39.34,5.458,150.36,1509.23,4,3.47,1.88
2026-07-15,11:31,PYPL,PYPL,10750,10760,0.093,5,5,7.11,7.12,0.141,55.18,1509.23,8,3.31,3.15
2026-07-15,11:31,GILD,GILD,51075,51225,0.293,5,5,32.38,34.08,5.116,130.25,1509.23,4,4.08,2.05
2026-07-15,11:31,DIS,DISN,12670,12710,0.315,5,5,8.38,8.46,0.95,97.4,1509.23,12,3.59,3.74
2026-07-15,11:31,AAPL,AAPL,25280,25300,0.079,5,5,16.73,16.76,0.179,324.83,1509.23,20,3.17,3.1
2026-07-15,11:31,UNP,UNP,22380,22490,0.49,4,5,14.67,15.03,2.424,286.76,1509.23,20,3.68,3.57
2026-07-15,11:31,KO,KO,25760,25800,0.155,5,5,17.06,17.13,0.409,82.69,1509.23,5,3.29,3.37
2026-07-15,11:31,BMY,BMY,30420,30520,0.328,5,5,19.61,20.4,3.949,58.33,1509.23,3,3.84,2.89
2026-07-15,11:31,RTX,RTX,60550,60700,0.247,4,5,39.68,40.31,1.575,193.65,1509.23,5,3.72,3.27
2026-07-15,11:33,MA,MA,25400,25440,0.157,5,5,16.81,16.89,0.475,538.95,1508.43,33,3.18,3.17
2026-07-15,11:33,EA,EA,22940,23000,0.261,5,5,15.05,15.34,1.909,206.36,1508.43,14,3.31,3.09
2026-07-15,11:33,AMX,AMX,40560,40700,0.345,5,5,25.73,27.04,4.965,25.95,1508.43,1,3.8,1.68
2026-07-15,11:33,NVS,NVS,58575,58725,0.256,5,5,37.25,39.34,5.458,150.36,1508.43,4,3.44,1.88
2026-07-15,11:33,PYPL,PYPL,10720,10750,0.279,5,5,7.1,7.12,0.281,55.12,1508.43,8,3.29,3.19
2026-07-15,11:33,GILD,GILD,51100,51225,0.244,5,5,32.37,34.08,5.147,130.25,1508.43,4,4.16,2.03
2026-07-15,11:33,DIS,DISN,12660,12680,0.158,5,5,8.38,8.42,0.476,97.36,1508.43,12,3.53,3.53
2026-07-15,11:33,AAPL,AAPL,25260,25300,0.158,5,5,16.72,16.74,0.12,325.59,1508.43,20,2.95,2.77
2026-07-15,11:33,UNP,UNP,22380,22480,0.446,3,5,14.67,15.03,2.424,286.97,1508.43,20,3.63,3.5
2026-07-15,11:33,KO,KO,25760,25780,0.078,5,5,17.06,17.11,0.293,82.69,1508.43,5,3.3,3.31
2026-07-15,11:33,BMY,BMY,30380,30480,0.329,5,5,19.61,20.4,3.949,58.43,1508.43,3,3.58,2.71
2026-07-15,11:33,RTX,RTX,60550,60700,0.247,5,5,39.73,40.32,1.474,193.65,1508.43,5,3.77,3.34
2026-07-15,12:07,MA,MA,25420,25480,0.236,5,5,16.81,16.88,0.416,538.82,1509.76,33,3.24,3.17
2026-07-15,12:07,EA,EA,23060,23120,0.26,4,5,15.05,15.48,2.817,207.58,1509.76,14,3.15,2.95
2026-07-15,12:07,AMX,AMX,40780,40920,0.343,5,5,25.91,27.31,5.261,26.23,1509.76,1,3.15,1.45
2026-07-15,12:07,NVS,NVS,58775,58925,0.255,5,5,37.25,39.34,5.458,150.78,1509.76,4,3.41,1.59
2026-07-15,12:07,PYPL,PYPL,10760,10780,0.186,5,5,7.11,7.15,0.561,55.58,1509.76,8,2.68,2.63
2026-07-15,12:07,GILD,GILD,51375,51500,0.243,5,5,33.45,34.23,2.305,131.57,1509.76,4,3.58,2.88
2026-07-15,12:07,DIS,DISN,12610,12660,0.396,5,5,8.36,8.41,0.596,97.22,1509.76,12,3.3,3.5
2026-07-15,12:07,AAPL,AAPL,25260,25300,0.158,5,5,16.71,16.72,0.06,324.48,1509.76,20,3.21,3.03
2026-07-15,12:07,UNP,UNP,22440,22510,0.311,4,5,14.69,15.44,4.978,288.26,1509.76,20,3.29,4.52
2026-07-15,12:07,KO,KO,25800,25860,0.232,5,5,17.1,17.16,0.35,82.93,1509.76,5,3.15,3.28
2026-07-15,12:07,BMY,BMY,30560,30620,0.196,5,5,19.61,20.57,4.778,59.04,1509.76,3,2.95,2.08
2026-07-15,12:07,RTX,RTX,60900,61075,0.287,5,5,40.18,40.59,1.015,195,1509.76,5,3.58,3.55
2026-07-15,12:07,RKLB,RKLB,10130,10180,0.492,5,5,6.51,6.79,4.211,78.54,1509.76,12,2.77,1.6
2026-07-15,12:07,RIOT,RIOT,10390,10430,0.384,5,5,6.86,6.93,1.015,19.91,1509.76,3,3.89,3.89
2026-07-15,12:07,NBIS,NBIS,11400,11450,0.438,5,5,7.4,7.92,6.789,195.39,1509.76,27,4.57,5.85
2026-07-15,12:07,INTC,INTC,31940,31980,0.125,5,5,21.13,21.22,0.425,102.01,1509.76,5,3.76,3.79
2026-07-15,12:07,MU,MU,284300,284625,0.114,5,5,188.5,189,0.265,916.46,1509.76,5,2.8,2.98
2026-07-15,12:07,MRVL,MRVL,23330,23380,0.214,5,5,15.4,15.52,0.776,208.86,1509.76,14,3.69,3.63
2026-07-15,12:07,QCOM,QCOM,25060,25140,0.319,5,5,16.6,16.68,0.481,177.69,1509.76,11,2.92,3.01
2026-07-15,12:07,LRCX,LRCX,9235,9275,0.432,5,5,6.1,6.16,0.979,332.65,1509.76,56,3.2,3.2
2026-07-15,12:07,SATL,SATL,6445,6480,0.542,5,5,4.27,4.3,0.7,4.16,1509.76,1,2.9,3.0
2026-07-15,12:07,F,F,22330,22390,0.268,5,5,14.76,14.86,0.675,14.23,1509.76,1,4.08,4.08
2026-07-15,12:07,AMD,AMD,81375,81525,0.184,5,5,53.8,54.1,0.556,520.48,1509.76,10,3.65,3.65
2026-07-15,12:07,PBI,PBI,28720,28880,0.556,4,3,,,,14.68,1509.76,1,29.94,
2026-07-15,12:07,MRNA,MRNA,5490,5535,0.816,5,5,3.63,3.68,1.368,66.83,1509.76,19,3.81,3.91
2026-07-15,12:07,TSM,TSM,72725,72900,0.24,5,5,48.1,48.37,0.56,419.5,1509.76,9,3.47,3.48
2026-07-15,12:07,ZM,ZM,3047.5,3075,0.898,5,5,2.02,2.04,0.985,92.55,1509.76,47,2.97,3.09
2026-07-15,12:07,SNDK,SNDK,14160,14210,0.352,5,5,9.34,9.45,1.171,1545.87,1509.76,170,3.32,3.32
2026-07-15,12:07,FSLR,FSLR,19400,19470,0.36,5,5,12.28,12.99,5.619,224.11,1509.76,18,3.39,1.48
2026-07-15,12:07,PATH,PATH,9460,9500,0.422,5,5,6.22,6.3,1.278,12.22,1509.76,2,2.77,2.45
2026-07-15,12:07,MP,MP,7705,7765,0.776,5,5,5.12,5.28,3.077,49.45,1509.76,10,3.61,5.16
2026-07-15,12:07,AAL,AAL,12420,12450,0.241,5,5,8.21,8.26,0.607,15.86,1509.76,2,3.86,3.85
2026-07-15,12:07,AMAT,AMAT,179950,180325,0.208,5,5,115.75,120.25,3.814,578.33,1509.76,5,3.16,2.02
2026-07-15,12:07,ADI,ADI,40460,40620,0.395,4,5,26.01,26.84,3.141,387.12,1509.76,15,4.05,2.39
2026-07-15,12:07,COPX,COPX,8620,8640,0.232,5,5,5.68,5.74,1.051,77.58,1509.76,14,3.15,3.04
2026-07-15,12:07,HPQ,HPQ,36860,37000,0.379,5,5,24.28,24.65,1.512,23.79,1509.76,1,2.82,2.84
2026-07-15,12:07,ARM,ARM,15880,15970,0.565,5,5,10.44,10.6,1.521,275.25,1509.76,27,3.47,3.19
2026-07-15,12:07,ETSY,ETSY,8405,8450,0.534,5,5,5.55,5.57,0.36,86.24,1509.76,16,3.56,3.15
2026-07-15,12:07,OKLO,OKLO,2562.5,2570,0.292,5,5,1.67,1.7,1.78,45.87,1509.76,28,3.76,2.86
2026-07-15,12:07,ABEV,ABEV,14330,14380,0.348,5,5,9.47,9.54,0.736,3.06,1509.76,0.333333,3.57,3.54
2026-07-15,12:07,SMSN,SMSN,100,0,,2,1,,,,1271,1509.76,14,,
2026-07-15,12:07,PAGS,PAGS,4800,4812.5,0.26,5,5,3.17,3.2,0.942,9.3,1509.76,3,2.69,2.74
2026-07-15,12:07,SMH,SMH,18310,18350,0.218,5,5,12.1,12.19,0.741,587.07,1509.76,50,3.4,3.44
2026-07-15,12:07,GM,GM,20260,20350,0.443,5,5,13.35,13.48,0.969,,1509.76,6,,
2026-07-15,12:07,JMIA,JMIA,10780,10850,0.647,5,5,7.12,7.2,1.117,6.88,1509.76,1,4.12,4.07
2026-07-15,12:07,GOOGL,GOOGL,9930,9945,0.151,5,5,,,,366.81,1509.76,58,4.08,
2026-07-15,12:07,XLK,XLK,6120,6145,0.408,5,5,4.04,4.08,0.985,,1509.76,46,,
2026-07-15,12:07,GGB,GGB,29140,29220,0.274,5,5,19,19.48,2.495,4.68,1509.76,0.25,3.25,2.78
2026-07-15,12:07,NVDA,NVDA,13650,13670,0.146,5,5,9.02,9.06,0.442,,1509.76,24,,
2026-07-15,12:07,TSLA,TSLA,41320,41400,0.193,5,5,27.32,27.45,0.475,395.69,1509.76,15,3.85,3.81
2026-07-15,12:07,UAL,UAL,38140,38260,0.314,4,5,25.22,25.39,0.672,122.0,1509.76,5,3.7,3.71
2026-07-15,12:07,FCX,FCX,31680,31780,0.315,5,5,20.8,21.12,1.527,60.84,1509.76,3,3.63,3.35
2026-07-15,12:07,ORCL,ORCL,68275,68400,0.183,5,5,45.25,45.39,0.309,,1509.76,3,,
2026-07-15,12:07,ARKK,ARKK,12430,12480,0.401,5,5,8.22,8.28,0.727,,1509.76,10,,
2026-07-15,12:07,ANET,ANET,9255,9295,0.431,5,5,6.12,6.22,1.621,172.54,1509.76,29,3.26,3.7
2026-07-15,12:07,QQQ,QQQ,55850,55950,0.179,5,5,37.04,37.12,0.216,715.93,1509.76,20,3.43,3.59
2026-07-15,12:07,TRIP,TRIP,11270,11330,0.531,4,5,7.44,7.55,1.468,14.51,1509.76,2,3.17,3.31
2026-07-15,12:07,SNAP,SNAP,7470,7500,0.401,5,5,,,,4.77,1509.76,1,3.94,
2026-07-15,12:07,ONDS,ONDS,5505,5550,0.814,5,5,3.62,3.72,2.725,7.1,1509.76,2,3.13,3.38
2026-07-15,12:07,ANF,ANF,152700,153250,0.36,5,5,,,,96.75,1509.76,1,4.73,
2026-07-15,12:07,TGT,TGT,9040,9070,0.331,5,5,5.97,6.02,0.834,138.92,1509.76,24,3.62,3.57
2026-07-15,12:07,BCS,BCS,43880,44040,0.364,5,5,,,,28.14,1509.76,1,3.47,
2026-07-15,12:07,CVS,CVS,11060,11120,0.541,5,5,7.3,7.39,1.225,106.65,1509.76,15,3.31,3.31
2026-07-15,12:07,PCAR,PCAR,64600,64800,0.309,5,5,28,44,44.444,,1509.76,3,,
2026-07-15,12:07,GT,GT,5425,5450,0.46,5,5,3.46,3.73,7.51,7.01,1509.76,2,2.76,2.57
2026-07-15,12:07,BAYN,BAYN,100,0,,2,1,,,,23,1509.76,3,,
2026-07-15,12:07,TEM,TEM,7550,7580,0.397,5,5,4.98,5.14,3.162,58.22,1509.76,12,3.28,4.29
2026-07-15,12:07,ABNB,ABNB,15540,15610,0.449,5,5,10.27,10.36,0.873,149.76,1509.76,15,3.33,3.32
2026-07-15,12:07,FDX,FDX,49740,49900,0.321,5,5,32.75,33.22,1.425,318.4,1509.76,10,3.64,3.6
2026-07-15,12:07,SE,SE,5535,5550,0.271,5,5,3.48,3.72,6.667,112.99,1509.76,32,3.97,1.96
2026-07-15,12:07,PHG,PHG,8405,8445,0.475,5,5,,,,27.04,1509.76,5,3.19,
2026-07-15,12:07,GRMN,GRMN,127150,127675,0.412,5,4,,,,244.72,1509.76,3,3.46,
2026-07-15,12:07,LYG,LYG,4677.5,4705,0.586,5,5,,,,6.02,1509.76,2,3.23,
2026-07-15,12:07,META,META,44340,44420,0.18,5,5,29.34,29.39,0.17,671.25,1509.76,24,5.1,4.99
2026-07-15,12:13,MA,MA,25460,25500,0.157,5,5,16.83,16.88,0.297,538.79,1509.49,33,3.39,3.23
2026-07-15,12:13,EA,EA,23060,23120,0.26,4,5,15.05,15.48,2.817,207.46,1509.49,14,3.23,3.01
2026-07-15,12:13,AMX,AMX,40760,40880,0.294,5,5,25.91,27.31,5.261,26.22,1509.49,1,3.14,1.49
2026-07-15,12:13,NVS,NVS,58800,58975,0.297,5,5,37.25,39.34,5.458,150.91,1509.49,4,3.4,1.5
2026-07-15,12:13,PYPL,PYPL,10790,10810,0.185,5,5,7.13,7.15,0.28,55.5,1509.49,8,3.13,2.92
2026-07-15,12:13,GILD,GILD,51375,51525,0.292,5,5,33.45,34.23,2.305,131.8,1509.49,4,3.44,2.7
2026-07-15,12:13,DIS,DISN,12630,12650,0.158,5,5,8.36,8.42,0.715,97.25,1509.49,12,3.33,3.53
2026-07-15,12:13,AAPL,AAPL,25260,25300,0.158,5,5,16.71,16.78,0.418,324.23,1509.49,20,3.31,3.29
2026-07-15,12:13,UNP,UNP,22460,22530,0.311,4,5,14.7,15.09,2.618,288.41,1509.49,20,3.34,3.29
2026-07-15,12:13,KO,KO,25820,25900,0.309,5,5,17.09,17.15,0.35,82.99,1509.49,5,3.21,3.14
2026-07-15,12:13,BMY,BMY,30400,30500,0.328,5,5,19.61,20.57,4.778,59.08,1509.49,3,2.43,2.01
2026-07-15,12:13,RTX,RTX,60850,61025,0.287,5,5,40.18,40.54,0.892,195.49,1509.49,5,3.25,3.23
2026-07-15,12:13,RKLB,RKLB,10100,10120,0.198,5,5,6.49,6.79,4.518,78.16,1509.49,12,2.83,1.94
2026-07-15,12:13,RIOT,RIOT,10290,10340,0.485,5,5,6.8,6.88,1.17,19.82,1509.49,3,3.43,3.53
2026-07-15,12:13,NBIS,NBIS,11320,11370,0.441,5,5,7.49,7.56,0.93,194.87,1509.49,27,4.13,4.26
2026-07-15,12:13,INTC,INTC,31820,31880,0.188,5,5,21.05,21.14,0.427,101.96,1509.49,5,3.47,3.45
2026-07-15,12:13,MU,MU,283000,283200,0.071,5,5,187,188,0.533,914.78,1509.49,5,2.51,2.48
2026-07-15,12:13,MRVL,MRVL,23240,23330,0.387,5,5,15.37,15.51,0.907,208.8,1509.49,14,3.43,3.52
2026-07-15,12:13,QCOM,QCOM,24980,25020,0.16,5,5,16.52,16.6,0.483,177.28,1509.49,11,2.76,2.75
2026-07-15,12:13,LRCX,LRCX,9215,9230,0.163,5,5,6.09,6.13,0.655,,1509.49,56,,
2026-07-15,12:13,SATL,SATL,6410,6420,0.156,5,5,4.25,4.26,0.235,4.15,1509.49,1,2.4,2.53
2026-07-15,12:13,F,F,22240,22300,0.269,5,5,14.7,14.82,0.813,14.24,1509.49,1,3.6,3.65
2026-07-15,12:13,AMD,AMD,80900,80975,0.093,5,5,53.6,53.8,0.372,521.34,1509.49,10,2.85,3.0
2026-07-15,12:13,PBI,PBI,28780,28900,0.416,5,4,,,,14.68,1509.49,1,30.15,
2026-07-15,12:13,MRNA,MRNA,5485,5525,0.727,5,5,3.62,3.66,1.099,66.92,1509.49,19,3.54,3.35
2026-07-15,12:13,TSM,TSM,72675,72825,0.206,5,5,48.1,48.33,0.477,420.04,1509.49,9,3.27,3.31
2026-07-15,12:13,ZM,ZM,3045,3072.5,0.899,5,5,2.01,2.04,1.481,92.46,1509.49,47,3.0,2.94
2026-07-15,12:13,SNDK,SNDK,14080,14130,0.354,5,5,9.32,9.45,1.385,1533.98,1509.49,170,3.56,4.01
2026-07-15,12:13,FSLR,FSLR,19320,19390,0.362,5,5,12.27,12.98,5.624,223.5,1509.49,18,3.27,1.68
2026-07-15,12:13,PATH,PATH,9445,9480,0.37,5,5,6.23,6.3,1.117,12.19,1509.49,2,2.85,2.79
2026-07-15,12:13,MP,MP,7690,7705,0.195,5,5,5.02,5.12,1.972,,1509.49,10,,
2026-07-15,12:13,AAL,AAL,12370,12410,0.323,5,5,8.18,8.24,0.731,15.93,1509.49,2,3.05,3.08
2026-07-15,12:13,AMAT,AMAT,179050,179425,0.209,5,5,117.5,119.5,1.688,580.35,1509.49,5,2.3,2.09
2026-07-15,12:13,ADI,ADI,40280,40400,0.297,4,5,26.01,26.84,3.141,387.88,1509.49,15,3.35,2.19
2026-07-15,12:13,COPX,COPX,8580,8605,0.291,5,5,5.69,5.74,0.875,,1509.49,14,,
2026-07-15,12:13,HPQ,HPQ,36600,36680,0.218,5,5,24.3,24.59,1.186,23.71,1509.49,1,2.37,3.1
2026-07-15,12:13,ARM,ARM,15720,15810,0.571,5,5,10.38,10.54,1.53,276.13,1509.49,27,2.12,2.28
2026-07-15,12:13,ETSY,ETSY,8415,8455,0.474,4,5,5.56,5.57,0.18,86.14,1509.49,16,3.79,3.37
2026-07-15,12:13,OKLO,OKLO,2527.5,2537.5,0.395,5,5,1.67,1.7,1.78,45.81,1509.49,28,2.55,2.99
2026-07-15,12:13,ABEV,ABEV,14330,14380,0.348,5,5,9.48,9.54,0.631,3.06,1509.49,0.333333,3.59,3.59
2026-07-15,12:13,SMSN,SMSN,100,0,,2,1,,,,1271,1509.49,14,,
2026-07-15,12:13,PAGS,PAGS,4800,4812.5,0.26,5,5,3.18,3.2,0.627,9.26,1509.49,3,3.15,3.35
2026-07-15,12:13,SMH,SMH,18210,18240,0.165,5,5,12.05,12.14,0.744,586.66,1509.49,50,2.9,3.08
2026-07-15,12:13,GM,GM,20160,20240,0.396,5,5,13.28,13.48,1.495,42.53,1509.49,6,88.79,88.76
2026-07-15,12:13,JMIA,JMIA,10760,10810,0.464,5,5,7.11,7.2,1.258,6.89,1509.49,1,3.7,3.85
2026-07-15,12:13,GOOGL,GOOGL,9945,9950,0.05,5,5,,,,367.23,1509.49,58,4.08,
2026-07-15,12:13,XLK,XLK,6095,6125,0.491,5,5,4.03,4.08,1.233,,1509.49,46,,
2026-07-15,12:13,GGB,GGB,29040,29220,0.618,5,5,19,19.47,2.443,4.68,1509.49,0.25,3.09,2.75
2026-07-15,12:13,NVDA,NVDA,13590,13610,0.147,5,5,9.02,9.03,0.111,209.95,1509.49,24,2.99,3.17
2026-07-15,12:13,TSLA,TSLA,41180,41240,0.146,5,5,27.23,27.35,0.44,395.79,1509.49,15,3.47,3.43
2026-07-15,12:13,UAL,UAL,38100,38240,0.367,5,5,25.17,25.37,0.791,122.25,1509.49,5,3.42,3.35
2026-07-15,12:13,FCX,FCX,31480,31560,0.254,5,5,20.01,21,4.828,61.08,1509.49,3,2.56,0.71
2026-07-15,12:13,ORCL,ORCL,68250,68375,0.183,5,5,45.25,45.36,0.243,130.98,1509.49,3,3.65,3.77
2026-07-15,12:13,ARKK,ARKK,12380,12420,0.323,5,5,8.2,8.24,0.487,,1509.49,10,,
2026-07-15,12:13,ANET,ANET,9205,9220,0.163,5,5,6.1,6.15,0.816,173.05,1509.49,29,2.28,2.64
2026-07-15,12:13,QQQ,QQQ,55775,55825,0.09,5,5,36.95,36.96,0.027,715.3,1509.49,20,3.36,3.33
2026-07-15,12:13,TRIP,TRIP,11270,11320,0.443,5,5,7.44,7.53,1.202,14.52,1509.49,2,3.07,3.1
2026-07-15,12:13,SNAP,SNAP,7475,7535,0.799,5,5,,,,4.78,1509.49,1,4.01,
2026-07-15,12:13,ONDS,ONDS,5430,5470,0.734,5,5,3.5,3.68,5.014,7.1,1509.49,2,1.7,1.13
2026-07-15,12:13,ANF,ANF,152800,153300,0.327,5,5,,,,98,1509.49,1,3.46,
2026-07-15,12:13,TGT,TGT,9025,9060,0.387,5,5,5.97,6.02,0.834,139.46,1509.49,24,3.09,3.17
2026-07-15,12:13,BCS,BCS,43880,44000,0.273,5,5,,,,28.16,1509.49,1,3.37,
2026-07-15,12:13,CVS,CVS,11070,11140,0.63,5,5,7.31,7.4,1.224,106.46,1509.49,15,3.66,3.63
2026-07-15,12:13,PCAR,PCAR,64575,64775,0.309,5,5,28,44,44.444,,1509.49,3,,
2026-07-15,12:13,GT,GT,5395,5445,0.923,5,5,3.46,3.64,5.07,7,1509.49,2,2.59,1.43
2026-07-15,12:13,BAYN,BAYN,100,0,,2,1,,,,23,1509.49,3,,
2026-07-15,12:13,TEM,TEM,7510,7550,0.531,5,5,5,5.03,0.598,58.09,1509.49,12,3.05,3.6
2026-07-15,12:13,ABNB,ABNB,15580,15650,0.448,5,5,10.3,10.39,0.87,150.05,1509.49,15,3.41,3.42
2026-07-15,12:13,FDX,FDX,49760,49900,0.281,5,5,32.75,33.2,1.365,320.13,1509.49,10,3.12,3.01
2026-07-15,12:13,SE,SE,5525,5545,0.361,5,5,3.5,3.72,6.094,113.47,1509.49,32,3.41,1.81
2026-07-15,12:13,PHG,PHG,8400,8440,0.475,4,5,,,,27.07,1509.49,5,3.03,
2026-07-15,12:13,GRMN,GRMN,127000,127675,0.53,5,4,,,,245.15,1509.49,3,3.23,
2026-07-15,12:13,LYG,LYG,4680,4705,0.533,5,5,,,,6.04,1509.49,2,2.94,
2026-07-15,12:13,META,META,44300,44320,0.045,5,5,29.3,29.35,0.171,,1509.49,24,,
2026-07-15,12:33,MA,MA,25420,25460,0.157,5,5,16.79,16.87,0.475,539.52,1511.71,33,2.93,2.94
2026-07-15,12:33,EA,EA,23080,23140,0.26,4,5,15.05,15.46,2.688,207.27,1511.71,14,3.26,3.04
2026-07-15,12:33,AMX,AMX,40880,41040,0.391,5,4,25.91,27.31,5.261,26.19,1511.71,1,3.46,1.6
2026-07-15,12:33,NVS,NVS,58975,59125,0.254,5,5,37.25,39.34,5.458,150.9,1511.71,4,3.54,1.51
2026-07-15,12:33,PYPL,PYPL,10650,10680,0.281,5,5,7.03,7.08,0.709,55.48,1511.71,8,1.73,1.73
2026-07-15,12:33,GILD,GILD,51475,51650,0.339,5,5,32.64,34.32,5.018,132,1511.71,4,3.36,1.45
2026-07-15,12:33,DIS,DISN,12660,12700,0.315,5,5,8.37,8.42,0.596,97.31,1511.71,12,3.44,3.52
2026-07-15,12:33,AAPL,AAPL,25420,25440,0.079,5,5,16.79,16.8,0.06,324.24,1511.71,20,3.76,3.6
2026-07-15,12:33,UNP,UNP,22440,22510,0.311,4,5,14.71,15.05,2.285,288.31,1511.71,20,3.13,3.22
2026-07-15,12:33,KO,KO,25860,25920,0.232,5,5,17.14,17.17,0.175,82.98,1511.71,5,3.2,3.37
2026-07-15,12:33,BMY,BMY,30400,30500,0.328,5,5,19.61,20.29,3.409,58.58,1511.71,3,3.16,2.17
2026-07-15,12:33,RTX,RTX,60800,60975,0.287,5,5,39.07,40.43,3.421,195.63,1511.71,5,2.94,1.59
2026-07-15,12:33,IBIT,IBIT,5785,5800,0.259,5,5,3.82,3.84,0.522,36.99,1511.71,10,3.59,3.54
2026-07-15,12:33,SPY,SPY,19630,19650,0.102,5,5,12.99,13.01,0.154,,1511.71,60,,
2026-07-15,12:33,QQQ,QQQ,55875,55975,0.179,5,5,37.05,37.1,0.135,714.95,1511.71,20,3.49,3.71
2026-07-15,12:33,DIA,DIA,41080,41160,0.195,5,5,27.2,27.26,0.22,,1511.71,20,,
2026-07-15,12:33,IWM,IWM,46180,46260,0.173,5,5,30.5,30.65,0.491,,1511.71,10,,
2026-07-15,12:33,GLD,GLD,11610,11630,0.172,5,5,7.67,7.7,0.39,,1511.71,50,,
2026-07-15,12:33,SLV,SLV,13570,13590,0.147,5,5,8.97,9.01,0.445,,1511.71,6,,
2026-07-15,12:33,XLY,XLY,4255,4280,0.586,5,5,2.81,2.86,1.764,,1511.71,43,,
2026-07-15,12:33,XLV,XLV,8550,8575,0.292,5,5,5.64,5.7,1.058,,1511.71,29,,
2026-07-15,12:33,XLRE,XLRE,7715,7735,0.259,5,5,5.09,5.13,0.783,44.51,1511.71,9,3.33,3.33
2026-07-15,12:33,XLK,XLK,6115,6145,0.489,5,5,4.04,4.08,0.985,,1511.71,46,,
2026-07-15,12:33,XLI,XLI,9990,10020,0.3,5,5,6.6,6.66,0.905,,1511.71,28,,
2026-07-15,12:33,XLF,XLF,44200,44260,0.136,5,5,29.22,29.32,0.342,,1511.71,2,,
2026-07-15,12:33,XLE,XLE,43600,43680,0.183,5,5,28.88,28.94,0.208,,1511.71,2,,
2026-07-15,12:33,XLC,XLC,9300,9340,0.429,5,5,6.14,6.21,1.134,113.39,1511.71,19,3.31,3.47
2026-07-15,12:33,XLB,XLB,4365,4385,0.457,5,5,2.88,2.9,0.692,50.55,1511.71,18,3.05,2.91
2026-07-15,12:33,XLP,XLP,8180,8205,0.305,5,5,5.4,5.45,0.922,83.98,1511.71,16,3.25,3.36
2026-07-15,12:33,PSQ,PSQ,5010,5025,0.299,5,5,3.3,3.33,0.905,,1511.71,8,,
2026-07-15,12:33,EWZ,EWZ,27960,28040,0.286,5,5,18.52,18.58,0.323,,1511.71,2,,
2026-07-15,12:33,FXI,FXI,10720,10730,0.093,5,5,7.09,7.11,0.282,,1511.71,5,,
2026-07-15,12:33,COPX,COPX,8570,8590,0.233,5,5,5.64,5.7,1.058,77,1511.71,14,3.19,3.09
2026-07-15,12:33,URA,URA,12750,12780,0.235,5,5,8.4,8.47,0.83,,1511.71,5,,
2026-07-15,12:33,ARKK,ARKK,12420,12470,0.402,5,5,8.25,8.26,0.121,,1511.71,10,,
2026-07-15,12:33,ITA,ITA,7350,7390,0.543,5,5,4.8,4.9,2.062,236.31,1511.71,50,3.15,2.62
2026-07-15,12:33,SMH,SMH,18290,18310,0.109,5,5,12.05,12.17,0.991,583.85,1511.71,50,3.67,3.71
2026-07-15,12:33,EEM,EEM,20400,20440,0.196,5,5,13.5,13.54,0.296,65.19,1511.71,5,3.6,3.7
2026-07-15,12:33,MSFT,MSFT,20610,20630,0.097,5,5,13.65,13.66,0.073,395.95,1511.71,30,3.35,3.46
2026-07-15,12:33,NVDA,NVDA,13630,13650,0.147,5,5,9.02,9.05,0.332,208.73,1511.71,24,3.75,3.89
2026-07-15,12:33,META,META,44020,44080,0.136,5,5,29.07,29.15,0.275,681.09,1511.71,24,2.68,2.58
2026-07-15,12:33,GOOGL,GOOGL,10010,10030,0.2,5,5,,,,369.18,1511.71,58,4.13,
2026-07-15,12:33,AMZN,AMZN,2777.5,2780,0.09,5,5,1.84,1.84,0.0,254.98,1511.71,144,3.81,3.91
2026-07-15,12:33,TSLA,TSLA,41300,41380,0.194,5,5,27.28,27.39,0.402,396.74,1511.71,15,3.39,3.35
2026-07-15,12:33,MSTR,MSTR,7695,7710,0.195,5,5,5.08,5.12,0.784,98.32,1511.71,20,3.65,3.74
2026-07-15,12:33,PLTR,PLTR,69525,69650,0.18,5,5,45.91,46.12,0.456,134.58,1511.71,3,2.61,2.57
2026-07-15,12:33,SNOW,SNOW,13970,14010,0.286,5,5,9.2,9.3,1.081,271,1511.71,30,2.45,2.4
2026-07-15,12:33,CRWD,CRWD,4050,4062.5,0.308,5,5,2.66,2.82,5.839,206.81,1511.71,79,2.5,4.67
2026-07-15,12:33,PANW,PANW,11030,11090,0.542,5,5,7.28,7.35,0.957,356.66,1511.71,50,2.57,2.55
2026-07-15,12:33,ADBE,ADBE,7990,8015,0.312,5,5,5.3,5.31,0.189,226.9,1511.71,44,2.65,2.87
2026-07-15,12:33,CRM,CRM,14650,14660,0.068,5,5,9.7,9.71,0.103,169.44,1511.71,18,2.98,3.1
2026-07-15,12:33,MU,MU,281850,282025,0.062,5,5,186.5,187,0.268,903.17,1511.71,5,3.25,3.39
2026-07-15,12:33,INTC,INTC,31660,31720,0.189,5,5,20.94,20.99,0.238,101.49,1511.71,5,3.28,3.29
2026-07-15,12:33,AMAT,AMAT,179350,179625,0.153,5,5,115.5,119.5,3.404,574.33,1511.71,5,3.37,2.29
2026-07-15,12:33,TXN,TXN,93600,93875,0.293,3,4,60.7,63,3.719,299.14,1511.71,5,3.64,3.38
2026-07-15,12:33,TSM,TSM,72475,72625,0.207,5,5,48,48.11,0.229,419.16,1511.71,9,3.05,3.18
2026-07-15,12:33,AMD,AMD,80800,80900,0.124,5,5,53.3,53.6,0.561,519.48,1511.71,10,2.95,2.89
2026-07-15,12:33,ASML,ASML,18890,18970,0.423,5,5,12.52,12.57,0.399,1769.03,1511.71,146,3.35,3.54
2026-07-15,12:33,MRVL,MRVL,23260,23330,0.3,5,5,15.26,15.45,1.237,208.02,1511.71,14,3.71,3.34
2026-07-15,12:33,QCOM,QCOM,24970,25020,0.2,5,5,16.49,16.58,0.544,175.36,1511.71,11,3.72,3.72
2026-07-15,12:33,COIN,COIN,9495,9520,0.263,5,5,6.26,6.3,0.637,164.33,1511.71,27,3.33,3.18
2026-07-15,12:33,SHOP,SHOP,1832,1855,1.248,5,5,1.21,1.23,1.639,125.48,1511.71,107,3.99,4.03
2026-07-15,12:33,RBLX,RBLX,43920,44000,0.182,5,5,29,29.29,0.995,56.09,1511.71,2,3.69,3.92
2026-07-15,12:33,UBER,UBER,57450,57525,0.13,5,5,37.94,38.2,0.683,73.84,1511.71,2,3.0,3.11
2026-07-15,12:33,HPQ,HPQ,36560,36640,0.219,5,5,20.29,24.41,18.434,23.51,1511.71,1,2.98,-4.93
2026-07-15,12:33,BIDU,BIDU,15940,16000,0.376,5,5,10.52,10.6,0.758,112.73,1511.71,11,3.08,3.04
2026-07-15,12:33,SPOT,SPOT,27220,27320,0.367,5,5,17.97,18.1,0.721,489.01,1511.71,28,3.29,3.27
2026-07-15,12:33,AVGO,AVGO,15600,15650,0.32,5,5,10.3,10.37,0.677,388.05,1511.71,39,3.88,3.87
2026-07-15,12:33,ACN,ACN,2860,2885,0.87,5,5,1.88,1.92,2.105,138.92,1511.71,75,2.59,2.58
2026-07-15,12:33,NFLX,NFLX,2421,2424,0.124,5,5,1.6,1.61,0.623,74.38,1511.71,48,3.41,3.58
2026-07-15,12:33,NIO,NIO,1988,1999,0.552,5,5,1.31,1.32,0.76,5.12,1511.71,4,3.02,2.73
2026-07-15,12:33,BABA,BABA,20560,20590,0.146,5,5,13.57,13.64,0.515,119.16,1511.71,9,2.8,2.76
2026-07-15,12:33,PDD,PDD,5400,5435,0.646,5,5,3.53,3.6,1.964,86.92,1511.71,25,3.07,2.54
2026-07-15,12:33,SAP,SAP,40720,40880,0.392,5,5,,,,156.45,1511.71,6,3.51,
2026-07-15,12:33,SE,SE,5550,5570,0.36,5,5,3.5,3.7,5.556,114.07,1511.71,32,3.18,0.99
2026-07-15,12:33,IBM,IBM,22360,22380,0.089,5,5,14.8,14.83,0.202,214.49,1511.71,15,3.49,3.61
2026-07-15,12:33,ZM,ZM,3050,3080,0.979,5,5,2.01,2.04,1.481,92.4,1511.71,47,3.13,3.0
2026-07-15,12:33,CSCO,CSCO,34700,34720,0.058,5,5,22.84,23.01,0.742,111.46,1511.71,5,3.0,2.84
2026-07-15,12:33,DOCU,DOCU,3575,3595,0.558,5,5,2.36,2.38,0.844,50.84,1511.71,22,2.62,2.56
2026-07-15,12:33,ARM,ARM,15670,15780,0.7,5,5,10.3,10.46,1.541,272.61,1511.71,27,3.03,2.81
2026-07-15,12:33,GRMN,GRMN,126925,127375,0.354,4,3,,,,244.7,1511.71,3,3.12,
2026-07-15,12:33,MSI,MSI,31840,31980,0.439,3,5,,,,411,1511.71,20,2.72,
2026-07-15,12:33,SNAP,SNAP,7495,7555,0.797,5,5,,,,4.82,1511.71,1,3.27,
2026-07-15,12:33,PINS,PINS,5170,5200,0.579,1,5,3.41,3.44,0.876,23.24,1511.71,7,3.31,3.16
2026-07-15,12:33,PATH,PATH,9460,9495,0.369,5,5,6.21,6.3,1.439,12.17,1511.71,2,3.03,2.79
2026-07-15,12:33,VZ,VZ,16720,16770,0.299,5,5,11.06,11.11,0.451,42.93,1511.71,4,3.21,3.28
2026-07-15,12:33,T,T,11130,11180,0.448,5,5,7.38,7.42,0.541,21.49,1511.71,3,3.01,3.3
2026-07-15,12:33,TCOM,TCOM,33700,33800,0.296,5,5,,,,43.25,1511.71,2,3.24,
2026-07-15,12:33,TRIP,TRIP,11350,11400,0.44,4,5,0,7.57,,14.49,1511.71,2,3.86,
2026-07-15,12:33,ABNB,ABNB,15570,15630,0.385,5,5,10.28,10.36,0.775,150.16,1511.71,15,3.08,3.09
2026-07-15,12:33,ORCL,ORCL,68450,68550,0.146,5,5,45.25,45.41,0.353,131.42,1511.71,3,3.44,3.48
2026-07-15,12:33,TMUS,TMUS,8870,8930,0.674,2,4,5.71,5.95,4.117,188.76,1511.71,33,2.93,1.92
2026-07-15,12:33,ANET,ANET,9170,9200,0.327,5,5,6.01,6.25,3.915,171.52,1511.71,29,2.73,3.64
2026-07-15,12:33,LRCX,LRCX,9235,9270,0.378,5,5,6.09,6.15,0.98,328.69,1511.71,56,4.28,4.27
2026-07-15,12:33,ADI,ADI,40380,40520,0.346,5,5,26.01,27.01,3.772,387.7,1511.71,15,3.53,2.57
2026-07-15,12:33,SNDK,SNDK,14300,14330,0.21,5,5,9.41,9.52,1.162,1537,1511.71,170,4.74,4.69
2026-07-15,12:33,NOW,NOW,955.5,958,0.261,5,5,0.63,0.64,1.575,106.73,1511.71,172,1.99,2.33
2026-07-15,12:33,NBIS,NBIS,11190,11230,0.357,5,5,7.28,7.46,2.442,192.69,1511.71,27,3.91,3.27
2026-07-15,12:33,OXY,OXY,16540,16590,0.302,5,5,10.92,10.99,0.639,53.31,1511.71,5,2.77,2.75
2026-07-15,12:33,XOM,XOM,22200,22260,0.27,5,5,14.65,14.75,0.68,142.78,1511.71,10,2.99,2.96
2026-07-15,12:33,CVX,CVX,17420,17460,0.229,5,5,11.5,11.57,0.607,179.6,1511.71,16,2.78,2.76
2026-07-15,12:33,PSX,PSX,51075,51275,0.391,4,3,33.58,34.35,2.267,197.36,1511.71,6,2.92,3.26
2026-07-15,12:33,VIST,VIST,34020,34060,0.118,5,5,22.55,22.57,0.089,65.58,1511.71,3,3.01,3.2
2026-07-15,12:33,VST,VST,9790,9840,0.509,5,5,6.5,6.53,0.46,164.37,1511.71,26,2.7,3.05
2026-07-15,12:33,BP,BP,12790,12840,0.39,3,5,8.42,8.53,1.298,41.17,1511.71,5,2.95,2.93
2026-07-15,12:33,E,E,18900,18980,0.422,2,4,,,,48.71,1511.71,4,2.89,
2026-07-15,12:33,SHEL,SHEL,65800,65950,0.228,5,5,43.45,44.04,1.349,84.74,1511.71,2,2.85,3.25
2026-07-15,12:33,HAL,HAL,27000,27080,0.296,3,4,17.83,17.98,0.838,34.81,1511.71,2,2.77,2.87
2026-07-15,12:33,SLB,SLB,24430,24500,0.286,4,5,16.05,16.28,1.423,47.29,1511.71,3,2.67,2.55
2026-07-15,12:33,COP,COP,6835,6865,0.438,5,5,4.45,4.56,2.442,110.28,1511.71,25,2.72,2.13
2026-07-15,12:33,GPRK,GPRK,15330,15350,0.13,5,5,10.12,10.17,0.493,9.91,1511.71,1,2.4,2.37
2026-07-15,12:33,CEG,CEG,8960,9000,0.445,5,5,5.9,6,1.681,261.52,1511.71,45,2.22,2.38
2026-07-15,12:33,FSLR,FSLR,19330,19390,0.31,5,5,0,13.28,,222.21,1511.71,18,3.74,
2026-07-15,12:33,CCJ,CCJ,6165,6205,0.647,5,5,4.06,4.09,0.736,90.77,1511.71,23,3.67,3.26
2026-07-15,12:33,PBR,PBR,27620,27700,0.289,5,5,18.29,18.35,0.328,17.76,1511.71,1,3.02,3.15
2026-07-15,12:33,NEE,NEE,7305,7340,0.478,5,5,4.81,4.88,1.445,89.32,1511.71,19,3.04,3.06
2026-07-15,12:33,PAAS,PAAS,22270,22340,0.314,5,5,14.7,14.8,0.678,42.69,1511.71,3,3.69,3.65
2026-07-15,12:33,HMY,HMY,23420,23500,0.341,5,5,15.46,15.56,0.645,14.94,1511.71,1,3.87,3.82
2026-07-15,12:33,B,B,27800,27860,0.216,5,5,,,,35.48,1511.71,2,3.77,
2026-07-15,12:33,VALE,VALE,11350,11370,0.176,5,5,7.51,7.54,0.399,14.52,1511.71,2,3.51,3.65
2026-07-15,12:33,LAC,LAC,4835,4867.5,0.67,5,5,3.21,3.32,3.369,3.1,1511.71,1,3.52,5.32
2026-07-15,12:33,RIO,RIO,18050,18110,0.332,5,5,11.91,12.01,0.836,49.99,1511.71,8,91.4,91.4
2026-07-15,12:33,GFI,GFI,50550,50650,0.198,5,5,,,,,1511.71,1,,
2026-07-15,12:33,GGB,GGB,29040,29220,0.618,5,5,19,19.46,2.392,4.66,1511.71,0.25,3.38,3.17
2026-07-15,12:33,FCX,FCX,31420,31520,0.318,5,5,20.67,20.94,1.298,60.33,1511.71,3,3.52,3.46
2026-07-15,12:33,HL,HL,23530,23600,0.297,5,5,,,,14.96,1511.71,1,4.2,
2026-07-15,12:33,NEM,NEM,48920,49060,0.286,5,5,32.23,32.59,1.111,93.74,1511.71,3,3.71,3.72
2026-07-15,12:33,MUX,MUX,13560,13650,0.662,5,5,7.9,9.86,22.072,17.35,1511.71,2,3.74,2.36
2026-07-15,12:33,NXE,NXE,14300,14750,3.098,5,4,9.18,9.78,6.329,9.2,1511.71,1,4.44,3.04
2026-07-15,12:33,MP,MP,7665,7700,0.456,5,5,5.01,5.12,2.172,48.9,1511.71,10,3.93,3.58
2026-07-15,12:33,JPM,JPM,36220,36320,0.276,5,5,23.95,24,0.209,347.81,1511.71,15,3.47,3.4
2026-07-15,12:33,AXP,AXP,37580,37660,0.213,5,5,24.81,24.94,0.523,361.07,1511.71,15,3.38,3.34
2026-07-15,12:33,V,V,30980,31020,0.129,5,5,20.46,20.53,0.342,357.79,1511.71,18,3.17,3.11
2026-07-15,12:33,PAGS,PAGS,4772.5,4787.5,0.314,5,5,3.15,3.17,0.633,9.26,1511.71,3,2.44,2.38
2026-07-15,12:33,XP,XP,6635,6650,0.226,5,5,4.37,4.4,0.684,17.05,1511.71,4,3.09,2.87
2026-07-15,12:33,AIG,AIG,24030,24100,0.291,5,5,,,,77.24,1511.71,5,3.05,
2026-07-15,12:33,BBD,BBD,5610,5630,0.356,5,5,3.72,3.73,0.268,3.62,1511.71,1,2.7,2.9
2026-07-15,12:33,AEG,AEG,14050,14130,0.568,5,5,,,,8.98,1511.71,1,3.79,
2026-07-15,12:33,SAN,SAN,85500,85750,0.292,5,4,56.2,57,1.413,13.68,1511.71,0.25,3.51,3.44
2026-07-15,12:33,MELI,MELI,24100,24110,0.041,5,5,15.9,15.95,0.314,1849.22,1511.71,120,3.47,3.34
2026-07-15,12:33,WFC,WFC,27160,27220,0.221,5,5,17.92,17.97,0.279,86.94,1511.71,5,3.44,3.2
2026-07-15,12:33,BCS,BCS,44060,44180,0.272,5,5,,,,28.14,1511.71,1,3.72,
2026-07-15,12:33,HSBC,HSBC,78225,78400,0.223,5,5,,,,100.02,1511.71,2,3.59,
2026-07-15,12:33,BHP,BHP,66475,66625,0.225,5,5,43.73,44.33,1.363,84.8,1511.71,2,3.83,3.84
2026-07-15,12:33,LYG,LYG,4692.5,4705,0.266,5,5,,,,,1511.71,2,,
2026-07-15,12:33,ING,ING,17200,17260,0.348,4,5,,,,,1511.71,3,,
2026-07-15,12:33,IBN,IBN,45920,46060,0.304,5,5,,,,29.43,1511.71,1,3.37,
2026-07-15,12:33,MUFG,MUFG,35400,35500,0.282,5,3,19.34,23.69,20.218,22.66,1511.71,1,3.49,-5.05
2026-07-15,12:33,GS,GS,135700,136150,0.331,5,5,89.7,90.2,0.556,1133.94,1511.71,13,3.08,3.12
2026-07-15,12:33,BX,BX,6715,6765,0.742,3,3,4.33,4.54,4.735,129.69,1511.71,30,3.14,2.59
2026-07-15,12:33,ITUB,ITUB,13260,13320,0.451,5,5,8.75,8.82,0.797,8.52,1511.71,1,3.19,3.11
2026-07-15,12:33,RACE,RACE,7060,7095,0.495,5,5,4.66,4.71,1.067,376.91,1511.71,83,3.1,3.17
2026-07-15,12:33,C,C,69675,69800,0.179,5,5,,,,133.89,1511.71,3,3.36,
2026-07-15,12:33,SCHW,SCHW,11770,0,,1,1,7.87,0,,102.96,1511.71,13,,
2026-07-15,12:33,PG,PG,15380,15410,0.195,5,5,10.15,10.23,0.785,148,1511.71,15,3.21,3.28
2026-07-15,12:33,PEP,PEP,11810,11830,0.169,5,5,7.82,7.85,0.383,136.77,1511.71,18,2.9,3.11
2026-07-15,12:33,MO,MO,27720,27780,0.216,5,5,18.29,18.39,0.545,71.39,1511.71,4,2.85,2.76
2026-07-15,12:33,WMT,WMT,9900,9910,0.101,5,5,6.53,6.56,0.458,114.46,1511.71,18,3.04,2.93
2026-07-15,12:33,TGT,TGT,9045,9080,0.386,5,5,5.97,5.99,0.334,139.69,1511.71,24,3.0,2.74
2026-07-15,12:33,MCD,MCD,17450,17470,0.115,5,5,11.56,11.58,0.173,268.77,1511.71,24,3.14,3.32
2026-07-15,12:33,SBUX,SBUX,13860,13920,0.432,3,5,9.14,9.22,0.871,107.07,1511.71,12,2.98,2.89
2026-07-15,12:33,NKE,NKE,5645,5670,0.442,5,5,3.73,3.76,0.801,43.4,1511.71,12,3.48,3.55
2026-07-15,12:33,MDLZ,MDLZ,6070,6115,0.739,4,4,3.96,4.09,3.23,58.79,1511.71,15,2.83,2.7
2026-07-15,12:33,HSY,HSY,12700,12770,0.55,5,5,8.42,8.46,0.474,171.28,1511.71,21,3.29,3.48
2026-07-15,12:33,ANF,ANF,153000,153450,0.294,5,5,,,,98.29,1511.71,1,3.12,
2026-07-15,12:33,EBAY,EBAY,88050,88200,0.17,5,5,58.1,58.4,0.515,112.75,1511.71,2,3.41,3.33
2026-07-15,12:33,ABEV,ABEV,14330,14360,0.209,5,5,9.46,9.51,0.527,3.06,1511.71,0.333333,3.37,3.32
2026-07-15,12:33,UL,UL,31900,32000,0.313,5,5,20.84,21.22,1.807,,1511.71,3,,
2026-07-15,12:33,URBN,URBN,56950,57175,0.394,5,5,36.07,38.12,5.526,73.11,1511.71,2,3.26,1.48
2026-07-15,12:33,CL,CL,47360,47500,0.295,4,5,31.2,31.59,1.242,91.4,1511.71,3,2.98,3.05
2026-07-15,12:33,COST,COST,29940,30040,0.333,5,5,19.77,19.89,0.605,922.96,1511.71,48,3.17,3.13
2026-07-15,12:33,KMB,KMB,27920,28020,0.358,2,5,18.36,18.63,1.46,107.8,1511.71,6,2.98,2.94
2026-07-15,12:33,ORLY,ORLY,593.5,603,1.588,5,5,0.38,0.42,10.0,85.46,1511.71,222,2.8,3.91
2026-07-15,12:33,PM,PM,15430,15440,0.065,4,3,10.01,10.59,5.631,179,1511.71,18,2.67,3.58
2026-07-15,12:33,ETSY,ETSY,8435,8470,0.414,5,5,5.56,5.61,0.895,86.88,1511.71,16,2.97,2.85
2026-07-15,12:33,TM,TM,18360,18400,0.218,5,5,12.12,12.26,1.148,176.7,1511.71,15,3.21,3.48
2026-07-15,12:33,HMC,HMC,43400,43540,0.322,5,5,,,,27.81,1511.71,1,3.4,
2026-07-15,12:33,GM,GM,20130,20200,0.347,5,5,13.25,13.45,1.498,42.53,1511.71,6,88.19,88.34
2026-07-15,12:33,ARCO,ARCO,25440,25460,0.079,5,5,16.79,16.9,0.653,8.15,1511.71,0.5,3.28,3.34
2026-07-15,12:33,HD,HD,16780,16850,0.416,5,5,11.06,11.18,1.079,345.46,1511.71,32,3.03,3.0
2026-07-15,12:33,JNJ,JNJ,26180,26200,0.076,5,5,17.28,17.43,0.864,253.71,1511.71,15,2.43,2.61
2026-07-15,12:33,LLY,LLY,31940,31980,0.125,5,5,21.08,21.18,0.473,1141.86,1511.71,56,3.68,3.63
2026-07-15,12:33,NVO,NVO,11320,11370,0.441,5,5,7.46,7.55,1.199,50.75,1511.71,7,3.51,3.52
2026-07-15,12:33,AMGN,AMGN,18600,18690,0.483,5,4,12.26,12.39,1.055,357.75,1511.71,30,3.43,3.35
2026-07-15,12:33,UNH,UNH,19960,20010,0.25,5,5,13.18,13.25,0.53,422.74,1511.71,33,3.2,3.16
2026-07-15,12:33,PFE,PFE,9655,9680,0.259,5,5,6.37,6.42,0.782,24.71,1511.71,4,3.52,3.52
2026-07-15,12:33,ABT,ABT,34960,35040,0.229,5,5,23.02,23.18,0.693,89.8,1511.71,4,3.13,2.9
2026-07-15,12:33,CVS,CVS,11130,11190,0.538,5,5,7.34,7.4,0.814,107.04,1511.71,15,3.45,3.28
2026-07-15,12:33,ABBV,ABBV,38560,38660,0.259,5,5,25.55,25.65,0.391,246.99,1511.71,10,3.41,3.65
2026-07-15,12:33,TMO,TMO,38060,38160,0.262,5,5,,,,537.69,1511.71,22,3.15,
2026-07-15,12:33,AZN,AZN,66025,66150,0.189,5,5,43.57,43.78,0.481,121.1,1511.71,4,44.4,44.26
2026-07-15,12:33,CAH,CAH,118500,118825,0.274,5,5,75.3,79.2,5.049,228.38,1511.71,3,3.11,1.48
2026-07-15,12:33,ISRG,ISRG,6785,6830,0.661,5,5,,,,392.24,1511.71,90,3.33,
2026-07-15,12:33,MRNA,MRNA,5485,5520,0.636,5,5,3.62,3.66,1.099,67.08,1511.71,19,3.1,3.1
2026-07-15,12:33,PHG,PHG,8430,8465,0.414,5,5,,,,27.03,1511.71,5,3.37,
2026-07-15,12:33,MRK,MRK,38480,38560,0.208,5,5,25.39,25.52,0.511,123.5,1511.71,5,3.16,3.06
2026-07-15,12:33,HIMS,HIMS,14450,14500,0.345,5,5,9.27,9.62,3.706,36.64,1511.71,4,4.53,3.11
2026-07-15,12:33,CAT,CAT,70775,70975,0.282,5,5,46.72,46.98,0.555,904.04,1511.71,20,3.72,3.65
2026-07-15,12:33,GE,GE,69525,69675,0.216,5,4,45.99,46.12,0.282,356.79,1511.71,8,3.23,3.27
2026-07-15,12:33,LMT,LMT,40200,40320,0.298,5,5,26.52,26.68,0.602,516.45,1511.71,20,3.14,3.01
2026-07-15,12:33,UAL,UAL,38040,38180,0.367,5,5,25.1,25.27,0.675,121.93,1511.71,5,3.38,3.28
2026-07-15,12:33,F,F,22240,22300,0.269,5,5,14.68,14.76,0.543,14.28,1511.71,1,3.16,3.08
2026-07-15,12:33,AAL,AAL,12380,12410,0.242,5,5,8.17,8.22,0.61,15.84,1511.71,2,3.53,3.47
2026-07-15,12:33,FDX,FDX,49520,49640,0.242,5,5,32.19,33.04,2.606,318.36,1511.71,10,3.02,2.45
2026-07-15,12:33,PCAR,PCAR,64225,64400,0.272,5,5,28,44,44.444,,1511.71,3,,
2026-07-15,12:33,MMM,MMM,25100,25160,0.239,5,5,16.53,16.7,1.023,160.87,1511.71,10,3.34,3.28
2026-07-15,12:33,PAC,PAC,22090,22300,0.946,5,5,,,,226.22,1511.71,16,3.84,
2026-07-15,12:33,GT,GT,5415,5450,0.644,5,5,3.56,3.65,2.497,6.95,1511.71,2,3.41,3.74
2026-07-15,12:33,BA,BA,14320,14370,0.349,5,5,9.46,9.52,0.632,220.71,1511.71,24,3.19,3.19
2026-07-15,12:33,HON,HON,43640,43780,0.32,4,5,27.92,29.27,4.721,224.75,1511.71,8,2.92,1.78
2026-07-15,12:33,MOS,MOS,7000,7025,0.357,5,5,4.6,4.67,1.51,22.48,1511.71,5,3.18,3.09
2026-07-15,12:33,RKLB,RKLB,10030,10080,0.497,5,5,6.57,6.71,2.108,77.06,1511.71,12,3.58,3.4
2026-07-15,12:33,ONDS,ONDS,5405,5445,0.737,5,5,3.57,3.62,1.391,6.98,1511.71,2,2.83,3.01
2026-07-15,12:33,SMSN,SMSN,100,0,,2,1,,,,,1511.71,14,,
2026-07-15,12:33,BAYN,BAYN,100,0,,2,1,,,,,1511.71,3,,
2026-07-15,12:33,RIOT,RIOT,10280,10310,0.291,5,5,6.78,6.84,0.881,19.72,1511.71,3,3.6,3.6
2026-07-15,12:33,OKLO,OKLO,2520,2525,0.198,5,5,1.66,1.68,1.198,45.17,1511.71,28,3.44,3.52
2026-07-15,12:33,SATL,SATL,6350,6355,0.079,5,5,4.19,4.2,0.238,4.07,1511.71,1,3.25,3.07
2026-07-15,12:33,JMIA,JMIA,10920,10950,0.274,5,5,7.2,7.25,0.692,6.92,1511.71,1,4.53,4.41
2026-07-15,12:33,LAR,LAR,10950,11000,0.456,5,5,7.25,7.29,0.55,7.08,1511.71,1,2.54,2.68
2026-07-15,12:33,NG,NG,36180,36300,0.331,5,5,23.69,24.71,4.215,9.53,1511.71,0.25,-37.11,-36.52
2026-07-15,12:33,PBI,PBI,28700,28820,0.417,5,3,,,,14.68,1511.71,1,29.6,
2026-07-15,12:33,TEM,TEM,7540,7565,0.331,5,4,5,5.03,0.598,58.24,1511.71,12,2.94,3.33
2026-07-15,12:33,GLOB,GLOB,2805,2815,0.356,5,5,1.85,1.86,0.539,32.39,1511.71,18,3.3,3.09
2026-07-15,12:33,LND,LND,5725,5760,0.609,5,5,,,,3.73,1511.71,1,1.84,
2026-07-20,16:23,MA,MA,26040,26080,0.153,5,5,17.2,17.26,0.348,546.72,1513.24,33,3.95,4.0
2026-07-20,16:23,AMX,AMX,41080,41200,0.292,5,4,26.87,27.6,2.68,26.15,1513.24,1,3.96,4.15
2026-07-20,16:23,NVS,NVS,58925,59050,0.212,5,5,38.25,39.7,3.72,150.41,1513.24,4,3.67,3.65
2026-07-20,16:23,PYPL,PYPL,11150,11180,0.269,5,5,7.35,7.37,0.272,56.81,1513.24,8,3.9,3.64
2026-07-20,16:23,GILD,GILD,52350,52450,0.191,5,5,33.74,35.12,4.008,133.42,1513.24,4,3.82,3.22
2026-07-20,16:23,DIS,DISN,12600,12640,0.317,5,5,8.34,8.38,0.478,96.32,1513.24,12,3.9,4.15
2026-07-20,16:23,AAPL,AAPL,25820,25840,0.077,5,5,17.04,17.06,0.117,327.32,1513.24,20,4.3,4.18
2026-07-20,16:23,UNP,UNP,23280,23340,0.257,4,5,15.27,15.57,1.946,296.24,1513.24,20,4.0,4.1
2026-07-20,16:23,KO,KO,25720,25760,0.155,5,5,17.01,17.04,0.176,81.69,1513.24,5,4.11,4.2
2026-07-20,16:23,BMY,BMY,31520,31600,0.253,5,5,20.71,21.05,1.628,60.33,1513.24,3,3.71,3.83
2026-07-20,16:23,RTX,RTX,61175,61350,0.286,5,5,40.5,40.68,0.443,194.68,1513.24,5,3.98,4.25
2026-07-20,16:23,AMD,AMD,79600,79750,0.188,5,5,52.5,52.7,0.38,509.93,1513.24,10,3.25,3.15
2026-07-20,16:23,PLTR,PLTR,71100,71225,0.176,5,5,46.91,47.13,0.468,135.78,1513.24,3,3.9,3.89
2026-07-20,16:23,AAL,AAL,11880,11930,0.42,5,5,7.83,7.9,0.89,15.21,1513.24,2,3.45,3.42
2026-07-20,16:23,MRK,MRK,39180,39280,0.255,2,5,25.85,26,0.579,125.05,1513.24,5,3.66,3.66
2026-07-20,16:23,PEP,PEP,11800,11820,0.169,5,5,7.8,7.84,0.512,134.83,1513.24,18,4.19,4.4
2026-07-20,16:23,PG,PG,15600,15650,0.32,5,5,10.31,10.4,0.869,148.66,1513.24,15,4.19,4.48
2026-07-20,16:23,UNH,UNH,20110,20150,0.199,5,5,13.27,13.34,0.526,423.28,1513.24,33,3.71,3.73
2026-07-20,16:23,IBIT,IBIT,5805,5820,0.258,5,5,3.84,3.84,0.0,36.92,1513.24,10,4.04,4.01
2026-07-20,16:23,SPY,SPY,19480,19490,0.051,5,5,12.88,12.9,0.155,,1513.24,60,,
2026-07-20,16:23,QQQ,QQQ,54800,54900,0.182,5,5,36.26,36.34,0.22,697.53,1513.24,20,3.93,4.08
2026-07-20,16:23,DIA,DIA,40680,40760,0.196,5,5,26.93,26.97,0.148,,1513.24,20,,
2026-07-20,16:23,IWM,IWM,46060,46100,0.087,5,5,30.39,30.52,0.427,,1513.24,10,,
2026-07-20,16:23,GLD,GLD,11580,11600,0.173,5,5,7.66,7.68,0.261,,1513.24,50,,
2026-07-20,16:23,SLV,SLV,13400,13430,0.224,5,5,8.84,8.89,0.564,,1513.24,6,,
2026-07-20,16:23,XLY,XLY,4172.5,4197.5,0.597,5,5,2.75,2.78,1.085,,1513.24,43,,
2026-07-20,16:23,XLV,XLV,8640,8655,0.173,5,5,5.71,5.74,0.524,,1513.24,29,,
2026-07-20,16:23,XLRE,XLRE,7880,7910,0.38,5,5,5.2,5.25,0.957,45.19,1513.24,9,3.91,4.06
2026-07-20,16:23,XLK,XLK,6005,6035,0.498,5,5,3.98,4.0,0.501,,1513.24,46,,
2026-07-20,16:23,XLI,XLI,9985,10010,0.25,5,5,6.58,6.65,1.058,,1513.24,28,,
2026-07-20,16:23,XLF,XLF,44020,44080,0.136,5,5,29.11,29.26,0.514,,1513.24,2,,
2026-07-20,16:23,XLE,XLE,45760,45840,0.175,5,5,30.29,30.34,0.165,,1513.24,2,,
2026-07-20,16:23,XLC,XLC,9165,9205,0.435,5,5,6.04,6.1,0.988,110.89,1513.24,19,4.0,4.0
2026-07-20,16:23,XLB,XLB,4372.5,4382.5,0.228,5,4,2.88,2.9,0.692,50.01,1513.24,18,4.12,4.02
2026-07-20,16:23,XLP,XLP,8320,8345,0.3,5,5,5.51,5.53,0.362,84.69,1513.24,16,4.03,4.29
2026-07-20,16:23,PSQ,PSQ,5190,5200,0.192,5,5,3.42,3.44,0.583,,1513.24,8,,
2026-07-20,16:23,EWZ,EWZ,27920,27960,0.143,5,5,18.45,18.51,0.325,,1513.24,2,,
2026-07-20,16:23,FXI,FXI,11020,11050,0.272,5,5,7.27,7.32,0.685,,1513.24,5,,
2026-07-20,16:23,COPX,COPX,8285,8305,0.241,5,5,5.48,5.51,0.546,73.69,1513.24,14,4.14,4.4
2026-07-20,16:23,URA,URA,12110,12140,0.247,5,5,8,8.04,0.499,,1513.24,5,,
2026-07-20,16:23,ARKK,ARKK,11800,11850,0.423,5,5,7.83,7.85,0.255,,1513.24,10,,
2026-07-20,16:23,ITA,ITA,7215,7225,0.139,5,5,4.72,4.81,1.889,229.4,1513.24,50,3.99,3.86
2026-07-20,16:23,SMH,SMH,17580,17590,0.057,5,5,11.61,11.68,0.601,559.64,1513.24,50,3.82,4.04
2026-07-20,16:23,EEM,EEM,19990,20030,0.2,5,5,13.22,13.31,0.678,63.6,1513.24,5,3.96,4.28
2026-07-20,16:23,MSFT,MSFT,21010,21040,0.143,5,5,13.86,13.89,0.216,401.16,1513.24,30,3.9,3.76
2026-07-20,16:23,NVDA,NVDA,13280,13300,0.15,5,5,8.78,8.8,0.228,202.68,1513.24,24,4.0,4.09
2026-07-20,16:23,META,META,42540,42580,0.094,5,5,28.1,28.19,0.32,649.52,1513.24,24,3.92,4.0
2026-07-20,16:23,GOOGL,GOOGL,9560,9575,0.157,5,5,,,,352.3,1513.24,58,4.09,
2026-07-20,16:23,AMZN,AMZN,2727.5,2735,0.275,5,5,1.8,1.81,0.554,249.36,1513.24,144,4.23,4.23
2026-07-20,16:23,TSLA,TSLA,38880,38940,0.154,5,5,25.66,25.72,0.234,370.46,1513.24,15,4.11,4.02
2026-07-20,16:23,MSTR,MSTR,7645,7660,0.196,5,5,5.04,5.07,0.593,97.74,1513.24,20,3.48,3.44
2026-07-20,16:23,SNOW,SNOW,14360,14390,0.209,5,5,9.46,9.54,0.842,274,1513.24,30,4.01,4.01
2026-07-20,16:23,CRWD,CRWD,4007.5,4025,0.436,5,5,2.64,2.67,1.13,202.56,1513.24,79,3.51,3.55
2026-07-20,16:23,PANW,PANW,11120,11170,0.449,5,5,7.33,7.4,0.95,355.35,1513.24,50,3.63,3.63
2026-07-20,16:23,ADBE,ADBE,8405,8420,0.178,5,5,5.55,5.57,0.36,234.81,1513.24,44,4.17,4.19
2026-07-20,16:23,CRM,CRM,15140,15170,0.198,5,5,9.99,10.04,0.499,173.35,1513.24,18,3.99,3.99
2026-07-20,16:23,MU,MU,270550,270875,0.12,5,5,179,179.25,0.14,866.19,1513.24,5,3.27,3.4
2026-07-20,16:23,INTC,INTC,30600,30660,0.196,5,5,20.19,20.29,0.494,97.74,1513.24,5,3.55,3.54
2026-07-20,16:23,AMAT,AMAT,165425,165725,0.181,5,5,109.5,111.25,1.586,528.08,1513.24,5,3.6,4.51
2026-07-20,16:23,TXN,TXN,89475,89675,0.223,4,5,59,59.6,1.012,286.34,1513.24,5,3.36,3.55
2026-07-20,16:23,TSM,TSM,70150,70200,0.071,5,5,46.4,46.54,0.301,402.49,1513.24,9,3.7,3.91
2026-07-20,16:23,ASML,ASML,18690,18710,0.107,5,5,12.35,12.39,0.323,1733.71,1513.24,146,4.07,4.17
2026-07-20,16:23,MRVL,MRVL,21830,21860,0.137,5,5,14.39,14.52,0.899,195.83,1513.24,14,3.2,3.34
2026-07-20,16:23,QCOM,QCOM,24320,24370,0.205,5,5,16.05,16.13,0.497,171.47,1513.24,11,3.21,3.22
2026-07-20,16:23,COIN,COIN,9275,9305,0.323,5,5,6.12,6.16,0.651,,1513.24,27,,
2026-07-20,16:23,SHOP,SHOP,1834,1838,0.218,5,5,1.21,1.22,0.823,126.15,1513.24,107,2.91,3.06
2026-07-20,16:23,RBLX,RBLX,42320,42420,0.236,5,5,28,28.51,1.805,54.05,1513.24,2,3.61,4.55
2026-07-20,16:23,UBER,UBER,56850,56925,0.132,5,5,37.51,37.7,0.505,72.14,1513.24,2,4.22,4.26
2026-07-20,16:23,HPQ,HPQ,38280,38340,0.157,5,5,25.25,25.45,0.789,24.45,1513.24,1,3.54,3.68
2026-07-20,16:23,BIDU,BIDU,15720,15780,0.381,5,5,10.37,10.45,0.768,109.99,1513.24,11,4.09,4.11
2026-07-20,16:23,SPOT,SPOT,27640,27680,0.145,5,5,18.24,18.32,0.438,493.44,1513.24,28,3.72,3.73
2026-07-20,16:23,AVGO,AVGO,15250,15270,0.131,5,5,10.06,10.11,0.496,378.54,1513.24,39,3.9,3.9
2026-07-20,16:23,ACN,ACN,3005,3025,0.663,5,5,1.98,2.01,1.504,144.27,1513.24,75,3.58,3.71
2026-07-20,16:23,NFLX,NFLX,2217,2220,0.135,5,5,1.46,1.47,0.683,67.5,1513.24,48,4.25,4.18
2026-07-20,16:23,NIO,NIO,1899,1900,0.053,5,5,1.25,1.26,0.797,4.83,1513.24,4,3.95,3.93
2026-07-20,16:23,BABA,BABA,21030,21070,0.19,5,5,13.87,13.95,0.575,120.48,1513.24,9,3.91,3.91
2026-07-20,16:23,PDD,PDD,5390,5420,0.555,4,5,3.54,3.58,1.124,85.93,1513.24,25,3.92,3.57
2026-07-20,16:23,SAP,SAP,41540,41660,0.288,5,5,27.33,27.73,1.453,158.54,1513.24,6,4.04,4.19
2026-07-20,16:23,SE,SE,5195,5210,0.288,5,5,3.41,3.49,2.319,106.04,1513.24,32,3.75,4.11
2026-07-20,16:23,IBM,IBM,22360,22390,0.134,5,5,14.8,14.83,0.202,213.67,1513.24,15,3.8,4.0
2026-07-20,16:23,ZM,ZM,3030,3040,0.329,5,5,2,2.02,0.995,91.07,1513.24,47,3.51,3.73
2026-07-20,16:23,CSCO,CSCO,34940,35040,0.286,5,5,23.01,23.24,0.995,111.47,1513.24,5,3.72,3.73
2026-07-20,16:23,DOCU,DOCU,3765,3777.5,0.331,5,5,2.48,2.5,0.803,52.89,1513.24,22,3.66,3.57
2026-07-20,16:23,ARM,ARM,15610,15680,0.447,5,5,10.29,10.41,1.159,270.55,1513.24,27,3.18,3.29
2026-07-20,16:23,GRMN,GRMN,128975,129350,0.29,5,5,,,,246.48,1513.24,3,3.89,
2026-07-20,16:23,MSI,MSI,32260,32340,0.248,3,5,,,,411.34,1513.24,20,3.78,
2026-07-20,16:23,SNAP,SNAP,7200,7255,0.761,5,5,,,,4.58,1513.24,1,4.28,
2026-07-20,16:23,PINS,PINS,5135,5175,0.776,1,5,3.38,3.42,1.176,23,1513.24,7,3.68,3.48
2026-07-20,16:23,EA,EA,23470,23530,0.255,3,5,15.4,15.59,1.226,,1513.24,14,,
2026-07-20,16:23,PATH,PATH,9645,9675,0.311,5,5,6.35,6.63,4.314,12.28,1513.24,2,3.97,5.7
2026-07-20,16:23,VZ,VZ,17100,17150,0.292,5,5,11.3,11.36,0.53,43.46,1513.24,4,4.16,4.28
2026-07-20,16:23,T,T,11500,11540,0.347,5,5,7.59,7.64,0.657,21.93,1513.24,3,4.14,4.17
2026-07-20,16:23,TCOM,TCOM,34660,34760,0.288,5,5,,,,44.09,1513.24,2,4.05,
2026-07-20,16:23,TRIP,TRIP,11270,11310,0.354,3,5,7.41,7.54,1.739,14.36,1513.24,2,3.91,4.11
2026-07-20,16:23,ABNB,ABNB,15180,15230,0.329,5,5,10.01,10.08,0.697,145.09,1513.24,15,3.88,3.85
2026-07-20,16:23,ORCL,ORCL,64000,64050,0.078,5,5,42.3,42.42,0.283,122.59,1513.24,3,3.54,3.66
2026-07-20,16:23,TMUS,TMUS,9310,9330,0.215,5,5,6.1,6.15,0.816,195.14,1513.24,33,4.15,3.58
2026-07-20,16:23,ANET,ANET,9175,9195,0.218,5,5,6.05,6.1,0.823,169.53,1513.24,29,3.83,3.92
2026-07-20,16:23,LRCX,LRCX,8585,8620,0.407,5,5,5.66,5.71,0.88,307.63,1513.24,56,3.48,3.49
2026-07-20,16:23,ADI,ADI,39100,39220,0.306,3,5,25.07,26.62,5.997,374.76,1513.24,15,3.58,3.45
2026-07-20,16:23,SNDK,SNDK,12750,12780,0.235,5,5,8.31,8.84,6.181,1391.34,1513.24,170,3.07,4.77
2026-07-20,16:23,NOW,NOW,955,957,0.209,5,5,0.63,0.64,1.575,104.85,1513.24,172,3.64,4.17
2026-07-20,16:23,NBIS,NBIS,10460,10510,0.477,5,5,6.88,7.02,2.014,182.76,1513.24,27,2.36,2.68
2026-07-20,16:23,OXY,OXY,17410,17450,0.229,5,5,11.49,11.56,0.607,55.36,1513.24,5,4.03,4.09
2026-07-20,16:23,XOM,XOM,23380,23420,0.171,5,5,15.45,15.51,0.388,148.68,1513.24,10,4.01,4.12
2026-07-20,16:23,CVX,CVX,18630,18660,0.161,5,5,12.29,12.36,0.568,189.57,1513.24,16,3.99,4.02
2026-07-20,16:23,PSX,PSX,54975,55125,0.272,5,2,36.01,36.74,2.007,209.79,1513.24,6,4.04,4.03
2026-07-20,16:23,VIST,VIST,33380,33400,0.06,5,5,22.03,22.09,0.272,63.46,1513.24,3,4.31,4.29
2026-07-20,16:23,VST,VST,9500,9515,0.158,5,5,6.29,6.32,0.476,157.88,1513.24,26,3.47,3.83
2026-07-20,16:23,BP,BP,13240,13280,0.302,5,5,8.71,8.98,3.053,42.1,1513.24,5,4.07,5.05
2026-07-20,16:23,E,E,19450,19510,0.308,3,4,,,,49.54,1513.24,4,3.94,
2026-07-20,16:23,SHEL,SHEL,67875,68050,0.257,4,4,44.8,45.05,0.556,86.24,1513.24,2,4.16,4.19
2026-07-20,16:23,HAL,HAL,27900,27980,0.286,3,5,18.41,18.68,1.456,35.55,1513.24,2,3.87,4.33
2026-07-20,16:23,SLB,SLB,24400,24480,0.327,4,5,16.07,16.25,1.114,46.67,1513.24,3,3.82,3.88
2026-07-20,16:23,COP,COP,7310,7335,0.341,5,5,4.81,4.87,1.24,116.22,1513.24,25,4.09,4.11
2026-07-20,16:23,GPRK,GPRK,15270,15300,0.196,5,5,10.07,10.13,0.594,9.73,1513.24,1,3.81,3.8
2026-07-20,16:23,CEG,CEG,8870,8905,0.394,5,5,5.86,5.9,0.68,253.92,1513.24,45,4.08,4.21
2026-07-20,16:23,FSLR,FSLR,17900,17910,0.056,5,5,11.8,12.12,2.676,204.65,1513.24,18,4.07,5.19
2026-07-20,16:23,CCJ,CCJ,5785,5795,0.173,5,5,3.8,3.86,1.567,84.68,1513.24,23,3.92,4.03
2026-07-20,16:23,PBR,PBR,28720,28780,0.209,5,5,18.98,19,0.105,18.3,1513.24,1,3.82,3.77
2026-07-20,16:23,NEE,NEE,7260,7295,0.481,5,5,4.78,4.84,1.247,87.75,1513.24,19,4.13,4.15
2026-07-20,16:23,PAAS,PAAS,22190,22250,0.27,5,5,14.71,14.74,0.204,42.38,1513.24,3,3.94,4.24
2026-07-20,16:23,HMY,HMY,22580,22660,0.354,5,5,14.95,15,0.334,14.38,1513.24,1,3.95,4.14
2026-07-20,16:23,B,B,27480,27540,0.218,5,5,,,,35.01,1513.24,2,3.85,
2026-07-20,16:23,VALE,VALE,11040,11080,0.362,5,5,7.31,7.32,0.137,14.08,1513.24,2,3.82,3.91
2026-07-20,16:23,LAC,LAC,4560,4577.5,0.383,5,5,3.02,3.04,0.66,2.9,1513.24,1,4.11,4.48
2026-07-20,16:23,RIO,RIO,17420,17470,0.287,5,5,11.54,11.57,0.26,49.99,1513.24,8,84.49,84.92
2026-07-20,16:23,GFI,GFI,49240,49340,0.203,5,5,,,,,1513.24,1,,
2026-07-20,16:23,GGB,GGB,29200,29400,0.683,3,5,19.18,19.54,1.86,4.66,1513.24,0.25,3.88,3.86
2026-07-20,16:23,FCX,FCX,30680,30760,0.26,5,5,20.2,20.42,1.083,58.74,1513.24,3,3.68,3.73
2026-07-20,16:23,HL,HL,22500,22570,0.311,5,5,,,,14.34,1513.24,1,3.85,
2026-07-20,16:23,NEM,NEM,46900,47020,0.256,5,5,30.91,31.24,1.062,89.56,1513.24,3,3.95,4.09
2026-07-20,16:23,MUX,MUX,12900,12960,0.464,5,5,8.45,9.31,9.685,16.46,1513.24,2,3.82,7.9
2026-07-20,16:23,NXE,NXE,13460,14090,4.574,5,3,8.84,9.39,6.034,8.71,1513.24,1,4.51,4.65
2026-07-20,16:23,MP,MP,7010,7055,0.64,5,3,4.6,4.68,1.724,44.43,1513.24,10,4.6,4.43
2026-07-20,16:23,JPM,JPM,35420,35500,0.226,5,5,23.38,23.5,0.512,338.1,1513.24,15,3.96,3.99
2026-07-20,16:23,AXP,AXP,36860,36880,0.054,4,5,24.33,24.4,0.287,351.81,1513.24,15,3.88,3.88
2026-07-20,16:23,V,V,31520,31600,0.253,5,5,20.81,20.87,0.288,361.49,1513.24,18,3.85,3.77
2026-07-20,16:23,PAGS,PAGS,4840,4850,0.206,5,5,3.2,3.22,0.623,9.26,1513.24,3,3.73,4.0
2026-07-20,16:23,XP,XP,6650,6660,0.15,5,5,4.38,4.42,0.909,16.97,1513.24,4,3.66,3.71
2026-07-20,16:23,AIG,AIG,25080,25140,0.239,4,5,,,,,1513.24,5,,
2026-07-20,16:23,BBD,BBD,5605,5620,0.267,5,5,3.7,3.72,0.539,,1513.24,1,,
2026-07-20,16:23,AEG,AEG,14160,14230,0.493,5,5,,,,,1513.24,1,,
2026-07-20,16:23,SAN,SAN,83825,84025,0.238,4,5,55,55.9,1.623,13.35,1513.24,0.25,3.86,3.84
2026-07-20,16:23,MELI,MELI,24110,24120,0.041,5,5,15.91,15.97,0.376,1837.63,1513.24,120,4.06,4.09
2026-07-20,16:23,WFC,WFC,27080,27160,0.295,5,5,17.88,17.99,0.613,86.31,1513.24,5,3.82,3.9
2026-07-20,16:23,BCS,BCS,42840,42960,0.28,4,5,,,,27.26,1513.24,1,4.0,
2026-07-20,16:23,HSBC,HSBC,77625,77800,0.225,4,5,,,,98.89,1513.24,2,3.86,
2026-07-20,16:23,BHP,BHP,63125,63250,0.198,5,5,41.38,42.02,1.535,80,1513.24,2,4.39,4.25
2026-07-20,16:23,LYG,LYG,4605,4645,0.865,5,5,,,,5.9,1513.24,2,3.61,
2026-07-20,16:23,ING,ING,16830,16890,0.356,3,5,,,,32.18,1513.24,3,3.87,
2026-07-20,16:23,IBN,IBN,46960,47080,0.255,4,5,,,,29.88,1513.24,1,3.99,
2026-07-20,16:23,MUFG,MUFG,33640,33740,0.297,4,3,21.67,22.52,3.847,21.43,1513.24,1,3.89,3.1
2026-07-20,16:23,GS,GS,127750,128000,0.196,5,5,84.3,86.6,2.692,1054.7,1513.24,13,4.16,5.32
2026-07-20,16:23,BX,BX,6445,6470,0.387,5,4,4.08,4.38,7.092,122.99,1513.24,30,4.09,3.18
2026-07-20,16:23,ITUB,ITUB,13080,13120,0.305,5,5,8.63,8.67,0.462,8.31,1513.24,1,4.17,4.09
2026-07-20,16:23,RACE,RACE,7045,7065,0.283,5,5,4.67,4.68,0.214,371.98,1513.24,83,4.03,4.31
2026-07-20,16:23,C,C,67525,67625,0.148,5,5,,,,128.91,1513.24,3,3.92,
2026-07-20,16:23,SCHW,SCHW,11830,0,,1,1,0,0,,101.92,1513.24,13,,
2026-07-20,16:23,MO,MO,29140,29180,0.137,5,5,19.23,19.32,0.467,74.08,1513.24,4,4.05,4.08
2026-07-20,16:23,WMT,WMT,9830,9845,0.152,5,5,6.49,6.53,0.614,112.46,1513.24,18,4.05,4.2
2026-07-20,16:23,TGT,TGT,9090,9120,0.329,5,5,6,6.04,0.664,139.08,1513.24,24,3.83,3.88
2026-07-20,16:23,MCD,MCD,17510,17530,0.114,5,5,11.58,11.63,0.431,266.48,1513.24,24,4.27,4.52
2026-07-20,16:23,SBUX,SBUX,13670,13730,0.438,5,5,9.02,9.1,0.883,104.3,1513.24,12,4.16,4.24
2026-07-20,16:23,NKE,NKE,5655,5675,0.353,5,5,3.74,3.76,0.533,43.23,1513.24,12,3.92,4.09
2026-07-20,16:23,MDLZ,MDLZ,6285,6325,0.634,5,5,4.12,4.2,1.923,60.14,1513.24,15,3.92,3.76
2026-07-20,16:23,HSY,HSY,12830,12890,0.467,5,5,8.47,8.54,0.823,171.85,1513.24,21,3.85,3.93
2026-07-20,16:23,ANF,ANF,147675,148125,0.304,5,5,,,,93.8,1513.24,1,4.2,
2026-07-20,16:23,EBAY,EBAY,89650,89775,0.139,5,5,59.1,59.5,0.675,114.06,1513.24,2,3.95,3.98
2026-07-20,16:23,ABEV,ABEV,14460,14570,0.758,5,5,9.54,9.65,1.146,3.08,1513.24,0.333333,3.81,3.84
2026-07-20,16:23,UL,UL,32580,32660,0.245,3,5,21.41,21.69,1.299,,1513.24,3,,
2026-07-20,16:23,URBN,URBN,58950,59200,0.423,5,5,38,39.99,5.103,75.59,1513.24,2,3.29,3.18
2026-07-20,16:23,CL,CL,47980,48080,0.208,5,5,31.61,31.96,1.101,91.42,1513.24,3,4.16,4.3
2026-07-20,16:23,COST,COST,30660,30680,0.065,5,5,20.24,20.31,0.345,933.89,1513.24,48,4.17,4.21
2026-07-20,16:23,KMB,KMB,28380,28460,0.281,4,5,18.64,18.9,1.385,108.01,1513.24,6,4.33,4.27
2026-07-20,16:23,ORLY,ORLY,605,607.5,0.412,5,5,0.4,0.41,2.469,84.9,1513.24,222,4.76,5.9
2026-07-20,16:23,PM,PM,16740,16810,0.417,2,5,10.86,11.21,3.172,191.87,1513.24,18,4.0,3.52
2026-07-20,16:23,ETSY,ETSY,8290,8330,0.481,5,5,5.47,5.52,0.91,84.82,1513.24,16,3.59,3.65
2026-07-20,16:23,TM,TM,18720,18760,0.213,5,5,12.35,12.42,0.565,178.39,1513.24,15,4.13,4.14
2026-07-20,16:23,HMC,HMC,44340,44440,0.225,5,5,,,,28.17,1513.24,1,4.13,
2026-07-20,16:23,GM,GM,19870,19930,0.302,5,5,13.05,13.34,2.198,42.53,1513.24,6,85.52,86.15
2026-07-20,16:23,ARCO,ARCO,25740,25840,0.388,5,5,16.99,17.19,1.17,8.18,1513.24,0.5,4.17,4.46
2026-07-20,16:23,HD,HD,16350,16390,0.244,5,5,10.66,10.83,1.582,332.47,1513.24,32,4.12,3.42
2026-07-20,16:23,JNJ,JNJ,26140,26200,0.229,5,5,17.25,17.37,0.693,249.41,1513.24,15,4.01,4.11
2026-07-20,16:23,LLY,LLY,32340,32400,0.185,5,5,21.38,21.45,0.327,1153.02,1513.24,56,3.89,4.01
2026-07-20,16:23,NVO,NVO,11130,11170,0.359,5,5,7.33,7.42,1.22,49.63,1513.24,7,3.93,4.02
2026-07-20,16:23,AMGN,AMGN,19060,19120,0.314,5,5,12.61,12.7,0.711,363.85,1513.24,30,4.02,4.34
2026-07-20,16:23,PFE,PFE,9720,9750,0.308,5,5,6.44,6.47,0.465,24.75,1513.24,4,3.97,4.32
2026-07-20,16:23,ABT,ABT,39820,39920,0.251,5,5,26.3,26.5,0.758,101.72,1513.24,4,3.61,3.81
2026-07-20,16:23,CVS,CVS,11250,11280,0.266,4,5,7.41,7.49,1.074,107.44,1513.24,15,3.93,4.01
2026-07-20,16:23,ABBV,ABBV,39780,39820,0.101,5,5,26.21,26.43,0.836,252.76,1513.24,10,4.06,4.13
2026-07-20,16:23,TMO,TMO,37700,37800,0.265,5,5,,,,527.44,1513.24,22,4.05,
2026-07-20,16:23,AZN,AZN,64600,64750,0.232,5,5,42.65,44.04,3.207,121.1,1513.24,4,41.17,43.17
2026-07-20,16:23,CAH,CAH,118725,118975,0.21,4,5,78.1,78.9,1.019,226.17,1513.24,3,4.18,4.13
2026-07-20,16:23,ISRG,ISRG,6165,6190,0.405,5,5,,,,352.67,1513.24,90,4.18,
2026-07-20,16:23,MRNA,MRNA,4930,4955,0.506,5,5,3.26,3.28,0.612,60.14,1513.24,19,3.19,3.31
2026-07-20,16:23,PHG,PHG,8410,8450,0.474,5,4,,,,26.78,1513.24,5,4.01,
2026-07-20,16:23,HIMS,HIMS,12860,12910,0.388,5,5,8.41,8.59,2.118,32.74,1513.24,4,4.03,3.85
2026-07-20,16:23,CAT,CAT,67925,68075,0.221,5,5,44.83,44.96,0.29,862.85,1513.24,20,4.16,4.06
2026-07-20,16:23,GE,GE,66975,67125,0.224,5,5,44.22,44.45,0.519,340.55,1513.24,8,4.09,4.15
2026-07-20,16:23,LMT,LMT,40000,40020,0.05,4,5,26.41,26.51,0.378,508.24,1513.24,20,4.05,4.12
2026-07-20,16:23,UAL,UAL,36700,36820,0.326,4,5,24.23,24.4,0.699,117.04,1513.24,5,3.78,3.87
2026-07-20,16:23,F,F,22060,22130,0.317,5,5,14.56,14.7,0.957,14.02,1513.24,1,4.14,4.35
2026-07-20,16:23,FDX,FDX,48240,48300,0.124,5,5,31.7,32.29,1.844,306.98,1513.24,10,3.91,4.23
2026-07-20,16:23,PCAR,PCAR,65325,65425,0.153,5,5,42.18,44.45,5.241,,1513.24,3,,
2026-07-20,16:23,MMM,MMM,25040,25100,0.239,5,5,16.47,16.79,1.924,159.26,1513.24,10,4.03,4.42
2026-07-20,16:23,PAC,PAC,21310,21420,0.515,5,5,,,,216.16,1513.24,16,4.51,
2026-07-20,16:23,GT,GT,5620,5645,0.444,2,5,3.7,3.72,0.539,7.24,1513.24,2,2.82,2.49
2026-07-20,16:23,BA,BA,13720,13750,0.218,5,5,9.05,9.11,0.661,209.61,1513.24,24,3.93,3.96
2026-07-20,16:23,HON,HON,44220,44320,0.226,5,5,28.94,29.63,2.356,225.66,1513.24,8,3.71,3.82
2026-07-20,16:23,MOS,MOS,6985,7025,0.571,5,5,4.59,5.34,15.106,22.14,1513.24,5,4.54,12.13
2026-07-20,16:23,RKLB,RKLB,8635,8670,0.405,5,5,5.68,6.78,17.657,65.71,1513.24,12,4.42,13.77
2026-07-20,16:23,ONDS,ONDS,5370,5405,0.65,5,5,3.54,3.59,1.403,6.86,1513.24,2,3.8,3.94
2026-07-20,16:23,SMSN,SMSN,100,0,,2,1,,,,1271,1513.24,14,,
2026-07-20,16:23,ADS,ADS,3810,16000,123.069,2,1,,,,247.5,1513.24,22,-41.82,
2026-07-20,16:23,BAYN,BAYN,0.01,0,,1,1,,,,23,1513.24,3,,
2026-07-20,16:23,RIOT,RIOT,10440,10470,0.287,5,5,6.89,6.96,1.011,19.92,1513.24,3,4.05,4.29
2026-07-20,16:23,OKLO,OKLO,2317,2325,0.345,5,5,1.52,1.56,2.597,41.17,1513.24,28,4.31,4.74
2026-07-20,16:23,SATL,SATL,5680,5700,0.351,5,5,3.75,3.78,0.797,3.6,1513.24,1,4.45,4.58
2026-07-20,16:23,JMIA,JMIA,9990,10020,0.3,5,5,6.59,6.66,1.057,6.35,1513.24,1,4.12,4.33
2026-07-20,16:23,LAR,LAR,9285,9300,0.161,5,5,6.15,6.18,0.487,5.89,1513.24,1,4.26,4.67
2026-07-20,16:23,NG,NG,32980,33160,0.544,5,5,21.51,22.1,2.706,9.53,1513.24,0.25,-42.67,-42.8
2026-07-20,16:23,PBI,PBI,29080,29180,0.343,5,4,,,,14.68,1513.24,1,31.13,
2026-07-20,16:23,TEM,TEM,6375,6390,0.235,5,5,4.2,4.25,1.183,49.04,1513.24,12,3.21,3.38
2026-07-20,16:23,GLOB,GLOB,2820,2830,0.354,5,5,1.86,1.88,1.07,32.38,1513.24,18,3.78,3.95
2026-07-20,16:23,LND,LND,5960,6000,0.669,5,4,,,,3.8,1513.24,1,3.99,
2026-07-21,12:58,MA,MA,25680,25740,0.233,5,5,17,17.09,0.528,541.83,1508.11,33,3.83,3.81
2026-07-21,12:58,AMX,AMX,40760,40880,0.294,5,5,26.75,27.54,2.91,26.07,1508.11,1,3.82,4.12
2026-07-21,12:58,NVS,NVS,60550,60725,0.289,5,5,39.78,40.98,2.972,154.5,1508.11,4,4.1,4.54
2026-07-21,12:58,PYPL,PYPL,10960,10980,0.182,5,5,7.25,7.29,0.55,55.8,1508.11,8,4.29,4.23
2026-07-21,12:58,GILD,GILD,50900,51025,0.245,5,5,33.51,34.06,1.628,130.43,1508.11,4,3.63,3.61
2026-07-21,12:58,DIS,DISN,12580,12610,0.238,5,5,8.34,8.38,0.478,96.35,1508.11,12,4.01,4.12
2026-07-21,12:58,AAPL,AAPL,25740,25780,0.155,5,5,17.05,17.12,0.41,328.17,1508.11,20,4.1,4.12
2026-07-21,12:58,UNP,UNP,23030,23080,0.217,4,5,15.2,15.37,1.112,294.27,1508.11,20,3.9,3.88
2026-07-21,12:58,KO,KO,25680,25740,0.233,5,5,17.05,17.09,0.234,82.14,1508.11,5,3.77,3.91
2026-07-21,12:58,BMY,BMY,31480,31560,0.254,5,5,20.72,21.14,2.007,60.36,1508.11,3,3.88,4.03
2026-07-21,12:58,RTX,RTX,61500,61650,0.244,5,5,40.59,40.94,0.859,196.23,1508.11,5,4.03,3.87
2026-07-21,12:58,AMD,AMD,83375,83475,0.12,5,5,55.2,55.5,0.542,534.67,1508.11,10,3.46,3.52
2026-07-21,12:58,PLTR,PLTR,70150,70250,0.142,5,5,46.45,46.63,0.387,133.89,1508.11,3,4.3,4.28
2026-07-21,12:58,AAL,AAL,11880,11920,0.336,5,5,7.86,7.92,0.76,15.23,1508.11,2,3.62,3.61
2026-07-21,12:58,MRK,MRK,39200,39300,0.255,4,5,25.95,26.09,0.538,125.48,1508.11,5,3.71,3.68
2026-07-21,12:58,PEP,PEP,11720,11750,0.256,5,5,7.78,7.82,0.513,134.73,1508.11,18,3.96,4.21
2026-07-21,12:58,PG,PG,15410,15440,0.194,5,5,10.22,10.24,0.196,,1508.11,15,,
2026-07-21,12:58,UNH,UNH,20510,20560,0.243,5,5,13.57,13.6,0.221,432.54,1508.11,33,3.88,3.64
2026-07-21,12:58,IBIT,IBIT,5920,5935,0.253,5,5,3.92,3.94,0.509,37.74,1508.11,10,4.14,4.13
2026-07-21,12:58,SPY,SPY,19540,19560,0.102,5,5,12.98,12.99,0.077,,1508.11,60,,
2026-07-21,12:58,QQQ,QQQ,55450,55550,0.18,5,5,36.84,36.88,0.109,707.95,1508.11,20,3.97,4.13
2026-07-21,12:58,DIA,DIA,40860,40900,0.098,5,5,27.1,27.16,0.221,,1508.11,20,,
2026-07-21,12:58,IWM,IWM,46260,46340,0.173,5,5,30.62,30.76,0.456,,1508.11,10,,
2026-07-21,12:58,GLD,GLD,11720,11750,0.256,5,5,7.78,7.81,0.385,,1508.11,50,,
2026-07-21,12:58,SLV,SLV,13890,13910,0.144,5,5,9.2,9.24,0.434,,1508.11,6,,
2026-07-21,12:58,XLY,XLY,4170,4197.5,0.657,5,5,2.77,2.79,0.719,,1508.11,43,,
2026-07-21,12:58,XLV,XLV,8585,8610,0.291,5,5,5.7,5.72,0.35,,1508.11,29,,
2026-07-21,12:58,XLRE,XLRE,7870,7910,0.507,5,5,5.21,5.26,0.955,45.3,1508.11,9,3.94,4.01
2026-07-21,12:58,XLK,XLK,6120,6145,0.408,5,5,4.05,4.06,0.247,,1508.11,46,,
2026-07-21,12:58,XLI,XLI,10010,10050,0.399,4,5,6.62,6.68,0.902,,1508.11,28,,
2026-07-21,12:58,XLF,XLF,43980,44080,0.227,5,5,29.13,29.2,0.24,,1508.11,2,,
2026-07-21,12:58,XLE,XLE,45660,45740,0.175,5,5,30.27,30.3,0.099,,1508.11,2,,
2026-07-21,12:58,XLC,XLC,9070,9115,0.495,5,5,6,6.08,1.325,110.23,1508.11,19,3.92,4.11
2026-07-21,12:58,XLB,XLB,4362.5,4392.5,0.685,5,5,2.88,2.92,1.379,50.29,1508.11,18,3.89,3.8
2026-07-21,12:58,XLP,XLP,8220,8255,0.425,5,5,5.45,5.46,0.183,84.09,1508.11,16,3.93,3.79
2026-07-21,12:58,PSQ,PSQ,5090,5100,0.196,5,5,3.37,3.38,0.296,,1508.11,8,,
2026-07-21,12:58,EWZ,EWZ,27760,27820,0.216,5,5,18.41,18.47,0.325,,1508.11,2,,
2026-07-21,12:58,FXI,FXI,10850,10880,0.276,5,5,7.19,7.22,0.416,,1508.11,5,,
2026-07-21,12:58,COPX,COPX,8730,8750,0.229,5,5,5.76,5.8,0.692,77.85,1508.11,14,4.22,3.94
2026-07-21,12:58,URA,URA,12570,12590,0.159,5,5,8.32,8.36,0.48,,1508.11,5,,
2026-07-21,12:58,ARKK,ARKK,12160,12200,0.328,5,5,8.05,8.08,0.372,,1508.11,10,,
2026-07-21,12:58,ITA,ITA,7230,7270,0.552,5,5,4.8,4.84,0.83,230.89,1508.11,50,4.1,4.38
2026-07-21,12:58,SMH,SMH,18200,18230,0.165,5,5,12.08,12.17,0.742,581.05,1508.11,50,3.93,4.34
2026-07-21,12:58,EEM,EEM,20460,20490,0.147,5,5,13.57,13.59,0.147,65.28,1508.11,5,3.99,4.01
2026-07-21,12:58,MSFT,MSFT,20820,20840,0.096,5,5,13.83,13.84,0.072,399.65,1508.11,30,3.68,3.85
2026-07-21,12:58,NVDA,NVDA,13420,13450,0.223,5,5,8.92,8.93,0.112,206.36,1508.11,24,3.61,3.8
2026-07-21,12:58,META,META,42280,42360,0.189,5,5,28.04,28.12,0.285,647.92,1508.11,24,3.94,4.01
2026-07-21,12:58,GOOGL,GOOGL,9450,9465,0.159,5,5,,,,349.11,1508.11,58,4.19,
2026-07-21,12:58,AMZN,AMZN,2700,2705,0.185,5,5,1.78,1.8,1.117,247.96,1508.11,144,4.07,3.95
2026-07-21,12:58,TSLA,TSLA,39840,39900,0.15,5,5,26.45,26.48,0.113,381.07,1508.11,15,4.06,4.17
2026-07-21,12:58,MSTR,MSTR,8010,8030,0.249,5,5,5.3,5.34,0.752,102.53,1508.11,20,3.73,3.77
2026-07-21,12:58,SNOW,SNOW,14130,14180,0.353,5,5,9.35,9.44,0.958,272.04,1508.11,30,3.51,3.61
2026-07-21,12:58,CRWD,CRWD,3810,3822.5,0.328,5,5,2.52,2.55,1.183,192.4,1508.11,79,3.9,4.09
2026-07-21,12:58,PANW,PANW,10690,10720,0.28,5,5,7.07,7.12,0.705,337.71,1508.11,50,5.09,5.05
2026-07-21,12:58,ADBE,ADBE,8100,8115,0.185,5,5,5.36,5.39,0.558,228.32,1508.11,44,3.6,3.58
2026-07-21,12:58,CRM,CRM,14790,14820,0.203,5,5,9.79,9.85,0.611,170.25,1508.11,18,3.79,3.82
2026-07-21,12:58,MU,MU,299075,299350,0.092,5,5,198,198.5,0.252,953.12,1508.11,5,4.08,4.0
2026-07-21,12:58,INTC,INTC,32520,32540,0.061,5,5,21.53,21.6,0.325,103.72,1508.11,5,3.98,3.96
2026-07-21,12:58,AMAT,AMAT,176250,176650,0.227,5,5,116,118,1.709,563.03,1508.11,5,3.9,3.9
2026-07-21,12:58,TXN,TXN,91925,92200,0.299,5,4,59.7,61.4,2.808,293.12,1508.11,5,4.13,3.29
2026-07-21,12:58,TSM,TSM,73125,73225,0.137,5,5,48.41,48.61,0.412,419.03,1508.11,9,4.21,4.19
2026-07-21,12:58,ASML,ASML,19440,19480,0.206,5,5,12.9,12.94,0.31,1815.08,1508.11,146,3.79,3.92
2026-07-21,12:58,MRVL,MRVL,23380,23450,0.299,5,5,15.43,15.58,0.967,207.78,1508.11,14,4.61,4.47
2026-07-21,12:58,QCOM,QCOM,24770,24810,0.161,5,5,16.4,16.48,0.487,172.71,1508.11,11,4.69,4.71
2026-07-21,12:58,COIN,COIN,10470,10490,0.191,5,5,6.92,6.94,0.289,179.88,1508.11,27,4.31,4.02
2026-07-21,12:58,SHOP,SHOP,1785,1791,0.336,5,5,1.18,1.19,0.844,123.6,1508.11,107,2.64,2.58
2026-07-21,12:58,RBLX,RBLX,41260,41360,0.242,5,5,27.01,27.7,2.522,52.9,1508.11,2,3.56,3.42
2026-07-21,12:58,UBER,UBER,56300,56375,0.133,5,5,37.3,37.51,0.561,71.88,1508.11,2,3.94,4.08
2026-07-21,12:58,HPQ,HPQ,38880,38980,0.257,5,5,25.67,25.93,1.008,24.81,1508.11,1,4.05,3.99
2026-07-21,12:58,BIDU,BIDU,15440,15490,0.323,5,5,10.22,10.29,0.683,108.32,1508.11,11,4.14,4.14
2026-07-21,12:58,SPOT,SPOT,27420,27460,0.146,5,5,18.15,18.24,0.495,490.03,1508.11,28,3.96,3.97
2026-07-21,12:58,AVGO,AVGO,15510,15520,0.064,5,5,10.26,10.3,0.389,384.79,1508.11,39,4.27,4.19
2026-07-21,12:58,ACN,ACN,2942.5,2975,1.098,5,5,1.94,1.98,2.041,142.29,1508.11,75,3.41,3.31
2026-07-21,12:58,NFLX,NFLX,2203,2205,0.091,5,5,1.46,1.46,0.0,67.42,1508.11,48,4.05,3.95
2026-07-21,12:58,NIO,NIO,1874,1885,0.585,5,5,1.24,1.25,0.803,4.8,1508.11,4,3.86,3.75
2026-07-21,12:58,BABA,BABA,20580,20610,0.146,5,5,13.63,13.65,0.147,118.08,1508.11,9,4.09,3.96
2026-07-21,12:58,PDD,PDD,5300,5320,0.377,5,5,3.47,3.56,2.56,84.87,1508.11,25,3.72,3.54
2026-07-21,12:58,SAP,SAP,40580,40700,0.295,5,5,26.84,27.06,0.816,155.6,1508.11,6,3.91,3.92
2026-07-21,12:58,SE,SE,5185,5200,0.289,5,5,3.42,3.49,2.026,106.26,1508.11,32,3.69,4.05
2026-07-21,12:58,IBM,IBM,22030,22050,0.091,5,5,14.63,14.64,0.068,210.1,1508.11,15,4.34,4.49
2026-07-21,12:58,ZM,ZM,2975,2985,0.336,5,5,1.96,1.98,1.015,89.76,1508.11,47,3.47,3.15
2026-07-21,12:58,CSCO,CSCO,34820,34900,0.229,5,5,22.99,23.19,0.866,111.12,1508.11,5,4.01,3.9
2026-07-21,12:58,DOCU,DOCU,3630,3640,0.275,5,5,2.4,2.42,0.83,51.16,1508.11,22,3.65,3.64
2026-07-21,12:58,ARM,ARM,16820,16870,0.297,5,5,11.06,11.15,0.81,288.49,1508.11,27,4.54,3.93
2026-07-21,12:58,GRMN,GRMN,126900,127500,0.472,5,5,,,,245.21,1508.11,3,3.19,
2026-07-21,12:58,MSI,MSI,31580,31720,0.442,5,5,,,,404.45,1508.11,20,3.78,
2026-07-21,12:58,SNAP,SNAP,7150,7210,0.836,5,5,,,,4.56,1508.11,1,4.41,
2026-07-21,12:58,PINS,PINS,5050,5095,0.887,1,4,3.34,3.38,1.19,22.67,1508.11,7,3.86,3.75
2026-07-21,12:58,EA,EA,23390,23440,0.214,4,5,15.36,15.6,1.55,209.1,1508.11,14,3.95,3.64
2026-07-21,12:58,PATH,PATH,9355,9405,0.533,5,5,6.17,6.29,1.926,11.98,1508.11,2,3.83,4.01
2026-07-21,12:58,VZ,VZ,16970,17010,0.235,5,5,11.23,11.3,0.621,43.27,1508.11,4,4.14,4.14
2026-07-21,12:58,T,T,11470,11510,0.348,5,5,7.59,7.65,0.787,21.97,1508.11,3,4.03,4.05
2026-07-21,12:58,TCOM,TCOM,34220,34300,0.234,5,5,,,,43.67,1508.11,2,4.04,
2026-07-21,12:58,TRIP,TRIP,10850,10910,0.551,5,5,7.16,7.28,1.662,13.87,1508.11,2,4.03,4.11
2026-07-21,12:58,ABNB,ABNB,15050,15090,0.265,5,5,9.96,10.02,0.601,144.14,1508.11,15,3.99,3.96
2026-07-21,12:58,ORCL,ORCL,65375,65500,0.191,5,5,43.4,43.49,0.207,125.15,1508.11,3,4.01,4.14
2026-07-21,12:58,TMUS,TMUS,9050,9085,0.386,2,5,5.93,6.07,2.333,190.78,1508.11,33,4.0,3.78
2026-07-21,12:58,ANET,ANET,9440,9470,0.317,5,5,6.16,6.34,2.88,175.22,1508.11,29,3.76,3.44
2026-07-21,12:58,LRCX,LRCX,8960,8990,0.334,5,5,5.93,5.97,0.672,320.75,1508.11,56,3.9,3.88
2026-07-21,12:58,ADI,ADI,39980,40100,0.3,4,5,25.39,26.76,5.254,382.87,1508.11,15,4.02,2.16
2026-07-21,12:58,SNDK,SNDK,14250,14280,0.21,5,5,9.45,9.58,1.366,1548.85,1508.11,170,3.82,4.44
2026-07-21,12:58,NOW,NOW,924,930,0.647,5,5,0.62,0.62,0.0,102.5,1508.11,172,3.15,4.04
2026-07-21,12:58,NBIS,NBIS,12110,12150,0.33,5,5,7.88,8.07,2.382,206.99,1508.11,27,4.92,4.03
2026-07-21,12:58,OXY,OXY,17590,17640,0.284,5,5,11.64,11.71,0.6,56.35,1508.11,5,3.64,3.59
2026-07-21,12:58,XOM,XOM,23660,23690,0.127,5,5,15.66,15.73,0.446,151.4,1508.11,10,3.69,3.67
2026-07-21,12:58,CVX,CVX,18630,18660,0.161,5,5,12.33,12.39,0.485,190.67,1508.11,16,3.74,3.72
2026-07-21,12:58,PSX,PSX,55000,55150,0.272,5,3,36.07,36.79,1.976,210.62,1508.11,6,4.03,3.78
2026-07-21,12:58,VIST,VIST,34240,34280,0.117,5,5,22.7,22.76,0.264,,1508.11,3,,
2026-07-21,12:58,VST,VST,9835,9850,0.152,5,5,6.44,6.55,1.694,162.34,1508.11,26,4.53,4.02
2026-07-21,12:58,BP,BP,13290,13340,0.376,5,5,8.74,8.88,1.589,42.58,1508.11,5,3.67,3.45
2026-07-21,12:58,E,E,19530,19620,0.46,4,5,,,,50.06,1508.11,4,3.71,
2026-07-21,12:58,SHEL,SHEL,68225,68375,0.22,5,3,45.15,45.38,0.508,87.22,1508.11,2,3.85,3.8
2026-07-21,12:58,HAL,HAL,26000,26060,0.231,5,5,17.2,17.31,0.637,33.24,1508.11,2,3.85,3.82
2026-07-21,12:58,SLB,SLB,24180,24240,0.248,5,5,15.94,20.84,26.645,46.33,1508.11,3,3.95,19.08
2026-07-21,12:58,COP,COP,7330,7360,0.408,4,5,4.65,4.9,5.236,117.25,1508.11,25,3.85,1.81
2026-07-21,12:58,GPRK,GPRK,15850,15910,0.378,5,5,10.49,10.56,0.665,10.15,1508.11,1,3.74,3.69
2026-07-21,12:58,CEG,CEG,9135,9150,0.164,5,5,5.99,6.1,1.82,261.36,1508.11,45,4.38,4.08
2026-07-21,12:58,FSLR,FSLR,17970,18040,0.389,5,5,11.85,12.05,1.674,206,1508.11,18,4.32,4.42
2026-07-21,12:58,CCJ,CCJ,5990,6010,0.333,5,5,3.92,3.98,1.519,87.93,1508.11,23,4.07,3.32
2026-07-21,12:58,PBR,PBR,28820,28860,0.139,5,5,19.08,19.14,0.314,18.44,1508.11,1,3.71,3.63
2026-07-21,12:58,NEE,NEE,7225,7260,0.483,5,5,4.8,4.85,1.036,87.71,1508.11,19,4.03,4.52
2026-07-21,12:58,PAAS,PAAS,23050,23110,0.26,5,5,15.25,15.34,0.588,44.16,1508.11,3,3.97,3.91
2026-07-21,12:58,HMY,HMY,23950,24010,0.25,5,5,15.85,15.94,0.566,15.28,1508.11,1,4.06,4.02
2026-07-21,12:58,B,B,28340,28400,0.211,5,5,,,,36.16,1508.11,2,4.05,
2026-07-21,12:58,VALE,VALE,11150,11180,0.269,5,5,7.39,7.42,0.405,14.21,1508.11,2,4.2,4.22
2026-07-21,12:58,LAC,LAC,4735,4760,0.527,5,5,3.13,3.15,0.637,3.0,1508.11,1,4.93,4.67
2026-07-21,12:58,RIO,RIO,17780,17840,0.337,5,5,11.76,11.86,0.847,49.99,1508.11,8,88.99,89.0
2026-07-21,12:58,GFI,GFI,50575,50700,0.247,5,5,,,,,1508.11,1,,
2026-07-21,12:58,GGB,GGB,29300,29480,0.612,4,5,19.29,19.66,1.9,4.68,1508.11,0.25,4.1,4.03
2026-07-21,12:58,FCX,FCX,32400,32460,0.185,5,5,21.39,21.57,0.838,61.98,1508.11,3,4.08,3.97
2026-07-21,12:58,HL,HL,23730,23810,0.337,4,5,,,,15.12,1508.11,1,4.24,
2026-07-21,12:58,NEM,NEM,48220,48320,0.207,5,5,31.72,33.2,4.559,92.11,1508.11,3,4.25,5.72
2026-07-21,12:58,MUX,MUX,13630,13700,0.512,5,5,8.32,9.46,12.823,17.45,1508.11,2,3.85,1.89
2026-07-21,12:58,NXE,NXE,13800,14400,4.255,5,5,9.12,10.84,17.234,9.05,1508.11,1,3.31,10.28
2026-07-21,12:58,MP,MP,7255,7305,0.687,5,5,4.78,4.92,2.887,46.3,1508.11,10,4.26,4.75
2026-07-21,12:58,JPM,JPM,35980,36040,0.167,5,5,23.85,23.9,0.209,343.5,1508.11,15,4.27,4.26
2026-07-21,12:58,AXP,AXP,36640,36680,0.109,5,5,24.25,24.35,0.412,350.5,1508.11,15,4.03,3.99
2026-07-21,12:58,V,V,31160,31200,0.128,5,5,20.62,20.66,0.194,358.16,1508.11,18,3.91,3.73
2026-07-21,12:58,PAGS,PAGS,4920,4930,0.203,5,5,3.26,3.28,0.612,9.38,1508.11,3,4.45,4.58
2026-07-21,12:58,XP,XP,6490,6500,0.154,5,5,4.28,4.32,0.93,16.56,1508.11,4,4.03,3.86
2026-07-21,12:58,AIG,AIG,24880,24960,0.321,4,5,,,,79.72,1508.11,5,3.64,
2026-07-21,12:58,BBD,BBD,5635,5655,0.354,5,5,3.73,3.76,0.801,3.6,1508.11,1,3.97,4.03
2026-07-21,12:58,AEG,AEG,14270,14330,0.42,5,5,,,,9.11,1508.11,1,4.08,
2026-07-21,12:58,SAN,SAN,85275,85550,0.322,5,5,56.1,57.1,1.767,13.6,1508.11,0.25,4.11,4.04
2026-07-21,12:58,MELI,MELI,23600,23630,0.127,5,5,15.65,15.67,0.128,1808.03,1508.11,120,3.93,3.94
2026-07-21,12:58,WFC,WFC,27420,27480,0.219,5,5,18.14,18.24,0.55,87.38,1508.11,5,4.15,4.09
2026-07-21,12:58,BCS,BCS,43900,44040,0.318,5,5,,,,28,1508.11,1,4.13,
2026-07-21,12:58,HSBC,HSBC,79475,79650,0.22,5,5,,,,101.28,1508.11,2,4.18,
2026-07-21,12:58,BHP,BHP,65050,65175,0.192,5,5,42.84,43.53,1.598,82.81,1508.11,2,4.27,4.3
2026-07-21,12:58,LYG,LYG,4727.5,4740,0.264,4,5,,,,6.06,1508.11,2,3.59,
2026-07-21,12:58,ING,ING,17280,17340,0.347,4,5,,,,33.13,1508.11,3,3.94,
2026-07-21,12:58,IBN,IBN,47400,47540,0.295,4,5,,,,30.3,1508.11,1,3.88,
2026-07-21,12:58,MUFG,MUFG,34700,34800,0.288,5,3,22.73,23.31,2.52,22.14,1508.11,1,4.07,3.97
2026-07-21,12:58,GS,GS,130350,130625,0.211,5,5,86.2,88.5,2.633,1080,1508.11,13,4.15,5.14
2026-07-21,12:58,BX,BX,6480,6515,0.539,4,5,4.24,4.38,3.248,124.49,1508.11,30,3.82,3.86
2026-07-21,12:58,ITUB,ITUB,13040,13100,0.459,5,5,8.62,8.7,0.924,8.34,1508.11,1,3.91,3.84
2026-07-21,12:58,RACE,RACE,6980,6995,0.215,5,5,4.62,4.64,0.432,370.85,1508.11,83,3.7,3.62
2026-07-21,12:58,C,C,69350,69475,0.18,5,5,,,,132.54,1508.11,3,4.18,
2026-07-21,12:58,SCHW,SCHW,11830,0,,1,1,0,0,,102.29,1508.11,13,,
2026-07-21,12:58,MO,MO,28700,28760,0.209,5,5,18.99,19.09,0.525,73.15,1508.11,4,4.17,4.11
2026-07-21,12:58,WMT,WMT,9620,9635,0.156,5,5,6.38,6.4,0.313,110.37,1508.11,18,4.11,4.21
2026-07-21,12:58,TGT,TGT,9090,9105,0.165,5,5,6.01,6.03,0.332,139.21,1508.11,24,4.0,3.79
2026-07-21,12:58,MCD,MCD,17290,17310,0.116,5,5,11.48,11.5,0.174,264.49,1508.11,24,4.09,4.26
2026-07-21,12:58,SBUX,SBUX,13670,13730,0.438,5,5,9.04,9.1,0.662,104.71,1508.11,12,4.11,3.94
2026-07-21,12:58,NKE,NKE,5635,5640,0.089,5,5,3.73,3.74,0.268,43.1,1508.11,12,4.08,3.99
2026-07-21,12:58,MDLZ,MDLZ,6205,6240,0.562,5,5,4.07,4.16,2.187,59.61,1508.11,15,3.83,3.55
2026-07-21,12:58,HSY,HSY,12670,12710,0.315,5,5,8.38,8.42,0.476,170.06,1508.11,21,3.91,3.73
2026-07-21,12:58,ANF,ANF,143625,144325,0.486,5,5,,,,91.89,1508.11,1,3.89,
2026-07-21,12:58,EBAY,EBAY,87975,88175,0.227,4,5,58.2,58.6,0.685,112.6,1508.11,2,3.73,3.73
2026-07-21,12:58,ABEV,ABEV,14550,14600,0.343,5,5,9.62,9.69,0.725,3.1,1508.11,0.333333,3.92,3.82
2026-07-21,12:58,UL,UL,31840,31920,0.251,5,5,21.02,21.23,0.994,,1508.11,3,,
2026-07-21,12:58,URBN,URBN,57875,58075,0.345,4,5,37.64,38.88,3.241,73.76,1508.11,2,4.24,3.74
2026-07-21,12:58,CL,CL,46980,47100,0.255,3,5,30.95,31.39,1.412,89.97,1508.11,3,4.01,3.93
2026-07-21,12:58,COST,COST,30320,30400,0.264,5,5,20.06,20.22,0.794,928.7,1508.11,48,4.05,4.09
2026-07-21,12:58,KMB,KMB,28100,28180,0.284,3,5,18.46,18.8,1.825,107.72,1508.11,6,3.93,3.77
2026-07-21,12:58,ORLY,ORLY,615,623,1.292,5,5,0.4,0.42,4.878,87.56,1508.11,222,4.07,3.95
2026-07-21,12:58,PM,PM,16550,16620,0.422,4,4,10.88,11.06,1.641,190.34,1508.11,18,4.0,3.74
2026-07-21,12:58,ETSY,ETSY,8010,8055,0.56,4,5,5.3,5.35,0.939,81.9,1508.11,16,4.05,4.03
2026-07-21,12:58,TM,TM,18910,18960,0.264,5,5,12.51,12.59,0.637,181.09,1508.11,15,4.0,3.95
2026-07-21,12:58,HMC,HMC,44780,44900,0.268,5,5,,,,28.61,1508.11,1,3.92,
2026-07-21,12:58,GM,GM,20800,20850,0.24,5,5,13.68,13.98,2.169,42.53,1508.11,6,94.81,95.11
2026-07-21,12:58,ARCO,ARCO,25880,25920,0.154,5,5,17.12,17.45,1.909,8.24,1508.11,0.5,4.21,4.88
2026-07-21,12:58,HD,HD,16230,16290,0.369,5,5,10.67,10.81,1.304,330.36,1508.11,32,4.44,4.03
2026-07-21,12:58,JNJ,JNJ,26160,26220,0.229,5,5,17.31,17.41,0.576,250.87,1508.11,15,3.84,3.8
2026-07-21,12:58,LLY,LLY,32500,32560,0.184,5,5,21.55,21.58,0.139,1163.2,1508.11,56,3.84,3.82
2026-07-21,12:58,NVO,NVO,11040,11090,0.452,5,5,7.28,7.38,1.364,49.38,1508.11,7,4.01,3.91
2026-07-21,12:58,AMGN,AMGN,18960,19030,0.369,5,5,12.57,12.65,0.634,363.76,1508.11,30,3.88,4.0
2026-07-21,12:58,PFE,PFE,9740,9770,0.308,5,5,6.48,6.49,0.154,24.88,1508.11,4,3.99,4.26
2026-07-21,12:58,ABT,ABT,39500,39560,0.152,5,5,25.66,26.36,2.691,101.06,1508.11,4,3.75,2.95
2026-07-21,12:58,CVS,CVS,11380,11440,0.526,3,5,7.51,7.61,1.323,109.08,1508.11,15,4.04,3.96
2026-07-21,12:58,ABBV,ABBV,39960,40080,0.3,5,5,26.32,26.7,1.433,255.65,1508.11,10,3.8,3.7
2026-07-21,12:58,TMO,TMO,36560,36680,0.328,5,5,,,,513.65,1508.11,22,4.0,
2026-07-21,12:58,AZN,AZN,65350,65525,0.267,5,5,43.25,43.8,1.264,121.1,1508.11,4,43.32,43.77
2026-07-21,12:58,CAH,CAH,118600,118900,0.253,4,5,77.6,79.2,2.041,226.32,1508.11,3,4.38,3.92
2026-07-21,12:58,ISRG,ISRG,6225,6245,0.321,5,5,,,,356.14,1508.11,90,4.48,
2026-07-21,12:58,MRNA,MRNA,4857.5,4882.5,0.513,5,5,3.21,3.24,0.93,59.15,1508.11,19,3.73,3.59
2026-07-21,12:58,PHG,PHG,8305,8345,0.48,5,5,,,,26.58,1508.11,5,3.84,
2026-07-21,12:58,HIMS,HIMS,12870,12920,0.388,5,5,8.46,9.48,11.371,33.03,1508.11,4,3.55,8.63
2026-07-21,12:58,CAT,CAT,69625,69775,0.215,5,5,46.08,46.31,0.498,887.75,1508.11,20,4.12,4.07
2026-07-21,12:58,GE,GE,67225,67350,0.186,5,5,44.5,44.7,0.448,342.84,1508.11,8,4.11,4.07
2026-07-21,12:58,LMT,LMT,39560,39680,0.303,5,5,26.23,26.34,0.418,504.61,1508.11,20,4.13,4.18
2026-07-21,12:58,UAL,UAL,37160,37280,0.322,5,4,24.6,24.75,0.608,118.02,1508.11,5,4.56,4.54
2026-07-21,12:58,F,F,22500,22560,0.266,5,5,14.89,14.98,0.603,14.39,1508.11,1,3.82,3.79
2026-07-21,12:58,FDX,FDX,49180,49320,0.284,5,5,32.35,32.82,1.442,314.23,1508.11,10,3.93,3.7
2026-07-21,12:58,PCAR,PCAR,65975,66150,0.265,4,4,42.18,44.4,5.128,,1508.11,3,,
2026-07-21,12:58,MMM,MMM,27060,27140,0.295,5,5,17.56,18.02,2.586,173.43,1508.11,10,3.61,2.58
2026-07-21,12:58,PAC,PAC,21250,21390,0.657,4,5,,,,218.25,1508.11,16,3.64,
2026-07-21,12:58,GT,GT,5730,5780,0.869,3,5,3.75,3.82,1.849,7.34,1508.11,2,3.98,3.13
2026-07-21,12:58,BA,BA,13740,13780,0.291,5,5,9.09,9.15,0.658,211.23,1508.11,24,3.67,3.62
2026-07-21,12:58,HON,HON,45340,45460,0.264,3,5,29.74,30.26,1.733,231.05,1508.11,8,4.23,3.87
2026-07-21,12:58,MOS,MOS,6920,6965,0.648,5,5,4.56,4.75,4.082,22.13,1508.11,5,4.01,5.17
2026-07-21,12:58,RKLB,RKLB,8990,9005,0.167,5,5,5.96,5.97,0.168,69.16,1508.11,12,3.52,3.5
2026-07-21,12:58,ONDS,ONDS,6075,6115,0.656,5,5,4,4.49,11.543,7.77,1508.11,2,4.03,9.27
2026-07-21,12:58,SMSN,SMSN,100,0,,2,1,,,,1271,1508.11,14,,
2026-07-21,12:58,ADS,ADS,0,0,,1,1,,,,247.5,1508.11,22,,
2026-07-21,12:58,BAYN,BAYN,0.01,0,,1,1,,,,23,1508.11,3,,
2026-07-21,12:58,RIOT,RIOT,11210,11250,0.356,5,5,7.42,7.44,0.269,21.3,1508.11,3,4.88,4.65
2026-07-21,12:58,OKLO,OKLO,2449,2455,0.245,5,5,1.62,1.64,1.227,43.66,1508.11,28,4.27,4.54
2026-07-21,12:58,SATL,SATL,6035,6045,0.166,5,5,4.0,4.02,0.499,3.87,1508.11,1,3.49,3.62
2026-07-21,12:58,JMIA,JMIA,9825,9855,0.305,5,5,6.53,6.55,0.306,6.28,1508.11,1,3.9,4.14
2026-07-21,12:58,LAR,LAR,9825,9855,0.305,5,5,6.49,6.58,1.377,6.27,1508.11,1,4.06,4.23
2026-07-21,12:58,NG,NG,34820,35020,0.573,5,5,22.84,23.7,3.696,9.53,1508.11,0.25,-39.26,-38.96
2026-07-21,12:58,PBI,PBI,28800,28920,0.416,5,4,,,,14.68,1508.11,1,30.36,
2026-07-21,12:58,TEM,TEM,6430,6450,0.311,5,5,4.24,4.28,0.939,49.46,1508.11,12,3.6,3.36
2026-07-21,12:58,GLOB,GLOB,2800,2810,0.357,5,5,1.86,1.87,0.536,32.23,1508.11,18,3.88,4.16
2026-07-21,12:58,LND,LND,6000,6065,1.077,5,5,,,,3.87,1508.11,1,3.36,
