Ticker,Precio,Cierre_Confirmado,Fecha_Cierre_Confirmado,Precio_Es_Intradiario,Low,High,Change (%),RS 20D,Credit Stress,Market Cap,P/E,Forward P/E,P/Book,ROE,ROA,Operating Margin,Net Margin,FCF Yield,EV/EBITDA,Debt/Equity,Current Ratio,Piotroski,Fund Source,Grain_IS,ZC_Surprise,ZS_Surprise,SPX_Quarterly_Divisor,SPX_ROC_63d,z_MOVE_inv,MOVE_price,Earnings_Next_Date,Earnings_Days_To_Next,Earnings_Last_Date,Earnings_Days_Since,Earnings_Source,piotroski_roa_positive,piotroski_d_roa,piotroski_cfo_positive,piotroski_cfo_gt_ni,piotroski_d_leverage,piotroski_d_liquidity,piotroski_no_dilution,piotroski_d_margin,piotroski_d_turnover,roc_5d,roc_10d,roc_42d,roc_63d,vol_5d,vol_60d,high_20d,high_60d,high_252d,drawdown_20d,drawdown_60d,drawdown_252d
^GSPC,7707.97998046875,7691.7598,2026-08-18,True,7700.06982421875,7743.93017578125,0.21,0.07,BAJO,,,,,,,,,,,,,,NONE,2.7784,3.5723,2.2491,0.067345,4.819,0.453,71.26,,999,,,none,,,,,,,,,,-0.5229,-0.2016,2.0345,,6.337,,7798.9902,7798.9902,,-1.1669,-1.1669,
^DJI,53463.05078125,53343.3984,2026-08-18,True,53399.53125,53710.05859375,0.22,3.27,BAJO,,,,,,,,,,,,,,NONE,2.7784,3.5723,2.2491,0.067345,4.819,0.453,71.26,,999,,,none,,,,,,,,,,-0.5714,-1.6303,3.4681,,4.7831,,54349.1211,54349.1211,,-1.6303,-1.6303,
^IXIC,26331.08984375,26289.7109,2026-08-18,True,26185.12890625,26456.775390625,0.16,-3.4,BAJO,,,,,,,,,,,,,,NONE,2.7784,3.5723,2.2491,0.067345,4.819,0.453,71.26,,999,,,none,,,,,,,,,,-0.9681,-0.1227,-1.3223,,10.0277,,26803.0293,27093.9004,,-1.7608,-2.8154,
^RUT,3032.94189453125,3017.8899,2026-08-18,True,3029.979248046875,3050.25244140625,0.5,4.02,BAJO,,,,,,,,,,,,,,NONE,2.7784,3.5723,2.2491,0.067345,4.819,0.453,71.26,,999,,,none,,,,,,,,,,-0.4117,0.4555,2.2884,,13.6344,,3068.4199,3068.4199,,-1.1562,-1.1562,
^VIX,14.890000343322754,15.84,2026-08-18,True,14.770000457763672,15.949999809265137,-6.0,-21.19,BAJO,,,,,,,,,,,,,,NONE,2.7784,3.5723,2.2491,0.067345,4.819,0.453,71.26,,999,,,none,,,,,,,,,,2.3368,-5.8191,-8.0864,,93.1246,134.0337,20.66,22.22,,-27.9284,-32.9883,
^MOVE,71.26139831542969,74.98,2026-08-18,True,0.0,0.0,-4.96,-16.23,BAJO,,,,,,,,,,,,,,NONE,2.7784,3.5723,2.2491,0.067345,4.819,0.453,71.26,,999,,,none,,,,,,,,,,-1.1494,-3.1511,8.979,,90.8853,70.6477,83.02,83.02,,-14.1636,-14.1636,
^TNX,4.6529998779296875,4.706,2026-08-18,True,4.63700008392334,4.684000015258789,-1.13,-4.7,BAJO,,,,,,,,,,,,,,NONE,2.7784,3.5723,2.2491,0.067345,4.819,0.453,71.26,,999,,,none,,,,,,,,,,-0.6194,0.7797,,,16.2788,,,,,,,
^IRX,3.700000047683716,3.705,2026-08-18,True,3.697000026702881,3.7070000171661377,-0.13,-6.27,BAJO,,,,,,,,,,,,,,NONE,2.7784,3.5723,2.2491,0.067345,4.819,0.453,71.26,,999,,,none,,,,,,,,,,-0.1888,-0.6711,,,2.7429,,,,,,,
DX-Y.NYB,98.84700012207031,99.65,2026-08-18,True,98.78199768066406,98.86100006103516,-0.81,-4.09,BAJO,,,,,,,,,,,,,,NONE,2.7784,3.5723,2.2491,0.067345,4.819,0.453,71.26,,999,,,none,,,,,,,,,,-1.1629,-0.8456,-0.7859,,5.962,4.7329,101.51,101.61,,-2.6234,-2.7192,
^N225,66131.2109375,67460.7266,2026-08-18,True,65652.25,66220.1171875,-1.97,6.94,BAJO,,,,,,,,,,,,,,NONE,2.7784,3.5723,2.2491,0.067345,4.819,0.453,71.26,,999,,,none,,,,,,,,,,-2.0627,3.3986,-6.9276,10.5792,27.0465,34.1832,69220.25,72366.3438,,-4.4626,-8.6161,
^MERV,2874492.75,2891651.0,2026-08-18,True,2865263.75,2938459.5,-0.59,-0.04,BAJO,,,,,,,,,,,,,,NONE,2.7784,3.5723,2.2491,0.067345,4.819,0.453,71.26,,999,,,none,,,,,,,,,,-4.8964,-9.8614,-14.2636,,14.823,,3319522.0,3353008.0,,-13.4064,-14.2712,
^NYA,24707.26953125,24629.1406,2026-08-18,True,0.0,0.0,0.32,3.69,BAJO,,,,,,,,,,,,,,NONE,2.7784,3.5723,2.2491,0.067345,4.819,0.453,71.26,,999,,,none,,,,,,,,,,-0.2074,0.7892,4.3661,,5.533,,24821.6797,24821.6797,,-0.4609,-0.4609,
^HSI,25471.150390625,25471.1504,2026-08-18,False,25240.619140625,25518.029296875,0.07,-4.9,BAJO,,,,,,,,,,,,,,NONE,2.7784,3.5723,2.2491,0.067345,4.819,0.453,71.26,,999,,,none,,,,,,,,,,-0.7082,-1.4767,3.0466,,15.9693,,26009.4004,26038.3203,,-2.0694,-2.1782,
^TWII,45308.6796875,45308.6797,2026-08-18,False,45225.421875,46064.08984375,-1.2,9.58,BAJO,,,,,,,,,,,,,,NONE,2.7784,3.5723,2.2491,0.067345,4.819,0.453,71.26,,999,,,none,,,,,,,,,,0.4166,4.4926,-1.2396,,15.4011,36.2971,46021.4805,47741.5117,,-1.5488,-5.0958,
^KS11,6763.419921875,6869.8301,2026-08-18,True,6600.08984375,6771.18994140625,-1.55,-9.81,BAJO,,,,,,,,,,,,,,NONE,2.7784,3.5723,2.2491,0.067345,4.819,0.453,71.26,,999,,,none,,,,,,,,,,6.5856,6.3606,-20.8585,,42.2461,,7096.8901,,,-4.6988,,
^GDAXI,26128.359375,26128.3594,2026-08-18,False,26119.5390625,26292.94921875,-0.8,3.45,BAJO,,,,,,,,,,,,,,NONE,2.7784,3.5723,2.2491,0.067345,4.819,0.453,71.26,,999,,,none,,,,,,,,,,-0.9968,-0.2824,4.8893,,8.8755,13.5362,26440.3105,26440.3105,,-1.1798,-1.1798,
^FTSE,10728.0,10728.0,2026-08-18,False,10701.7001953125,10779.900390625,0.07,0.21,BAJO,,,,,,,,,,,,,,NONE,2.7784,3.5723,2.2491,0.067345,4.819,0.453,71.26,,999,,,none,,,,,,,,,,-1.0715,-1.3916,2.2279,,4.1081,9.2961,10908.4004,10908.4004,,-1.6538,-1.6538,
^AEX,1107.3199462890625,1107.3199,2026-08-18,False,1106.7099609375,1115.1500244140625,-0.67,5.05,BAJO,,,,,,,,,,,,,,NONE,2.7784,3.5723,2.2491,0.067345,4.819,0.453,71.26,,999,,,none,,,,,,,,,,-0.8462,-0.4647,2.7046,6.9895,8.8446,10.3884,1119.59,1119.59,,-1.0959,-1.0959,
^IBEX,19934.900390625,19934.9004,2026-08-18,False,19929.0,20074.0,-0.24,9.18,BAJO,,,,,,,,,,,,,,NONE,2.7784,3.5723,2.2491,0.067345,4.819,0.453,71.26,,999,,,none,,,,,,,,,,-1.3788,-0.443,4.0248,,5.7491,14.0269,20213.5996,20213.5996,,-1.3788,-1.3788,
FTSEMIB.MI,53018.0,53018.0,2026-08-17,False,53018.0,53517.0,-1.06,19.6,BAJO,,,,,,,,,,,,,,YAHOO,2.7784,3.5723,2.2491,0.067345,4.819,0.453,71.26,,999,,,none,,,,,,,,,,-1.281,-0.9768,1.1157,8.9359,8.0181,12.7853,53717.0,53717.0,,-1.3013,-1.3013,
^SSMI,14320.900390625,14320.9004,2026-08-18,False,14251.009765625,14336.580078125,0.13,3.52,BAJO,,,,,,,,,,,,,,NONE,2.7784,3.5723,2.2491,0.067345,4.819,0.453,71.26,,999,,,none,,,,,,,,,,-1.7451,-0.9841,4.0647,,6.9018,10.5317,14633.7002,14633.7002,,-2.1375,-2.1375,
^OMXC25,1884.8043212890625,1883.41,2026-08-18,True,1869.525634765625,1886.239501953125,0.07,2.52,BAJO,,,,,,,,,,,,,,NONE,2.7784,3.5723,2.2491,0.067345,4.819,0.453,71.26,,999,,,none,,,,,,,,,,0.6023,3.5988,6.9562,,8.0754,,1899.24,,,-0.7601,,
^GSPTSE,36401.7890625,36367.8984,2026-08-18,True,36340.390625,36737.37109375,0.09,4.25,BAJO,,,,,,,,,,,,,,NONE,2.7784,3.5723,2.2491,0.067345,4.819,0.453,71.26,,999,,,none,,,,,,,,,,-0.71,0.7065,3.1925,,6.324,10.6252,36759.3008,36759.3008,,-0.9726,-0.9726,
^AXJO,9078.7001953125,9070.0,2026-08-18,True,9053.7998046875,9111.2001953125,0.1,3.22,BAJO,,,,,,,,,,,,,,NONE,2.7784,3.5723,2.2491,0.067345,4.819,0.453,71.26,,999,,,none,,,,,,,,,,-1.4192,-1.6158,2.9786,5.3006,6.4835,10.9867,9271.5996,9271.5996,,-2.0805,-2.0805,
^MXX,63999.26171875,63933.6914,2026-08-18,True,63924.19921875,64584.421875,0.1,-10.28,BAJO,,,,,,,,,,,,,,NONE,2.7784,3.5723,2.2491,0.067345,4.819,0.453,71.26,,999,,,none,,,,,,,,,,-2.6716,-3.7969,-6.3033,-6.6462,5.3242,14.9119,67307.5391,70021.3516,,-4.9152,-8.6004,
^BVSP,167830.265625,166335.0,2026-08-18,True,0.0,0.0,0.9,-7.33,BAJO,,,,,,,,,,,,,,NONE,2.7784,3.5723,2.2491,0.067345,4.819,0.453,71.26,,999,,,none,,,,,,,,,,0.2026,-5.568,-0.3703,,8.4511,15.9789,178000.0,178000.0,,-5.7133,-5.7133,
HYG,79.70999908447266,79.53,2026-08-18,True,79.63999938964844,79.73999786376953,0.23,1.53,BAJO,,,,,,,,,,,,,,YAHOO,2.7784,3.5723,2.2491,0.067345,4.819,0.453,71.26,,999,,,none,,,,,,,,,,0.1256,0.2389,0.5476,1.7873,2.6661,3.2409,79.79,79.79,,-0.1003,-0.1003,
LQD,106.56999969482422,105.84,2026-08-18,True,106.28500366210938,106.62999725341797,0.69,-2.49,BAJO,,,,,,,,,,,,,,YAHOO,2.7784,3.5723,2.2491,0.067345,4.819,0.453,71.26,,999,,,none,,,,,,,,,,0.424,-0.1593,-1.8767,-1.1055,8.2621,5.499,107.15,109.3158,,-0.5413,-2.5118,
TLT,83.0199966430664,81.66,2026-08-18,True,82.61000061035156,83.05999755859375,1.67,-3.66,BAJO,,,-4151.0,0.56,,,,,,,,,,YAHOO,2.7784,3.5723,2.2491,0.067345,4.819,0.453,71.26,,999,,,none,,,,,,,,,,1.1083,0.0241,-3.5593,1.17,18.3233,9.5252,83.902,86.7786,,-1.0512,-4.3313,
GC=F,4566.5,4366.0,2026-08-18,True,4560.2998046875,4583.7998046875,4.59,-2.3,BAJO,,,,,,,,,,,,,,NONE,2.7784,3.5723,2.2491,0.067345,4.819,0.453,71.26,,999,,,none,,,,,,,,,,3.5746,7.5534,8.1059,1.3359,38.7933,26.827,4566.5,4566.5,,0.0,0.0,
HG=F,6.501999855041504,6.4825,2026-08-18,True,6.489999771118164,6.517000198364258,0.3,1.83,BAJO,,,,,,,,,,,,,,NONE,2.7784,3.5723,2.2491,0.067345,4.819,0.453,71.26,,999,,,none,,,,,,,,,,-1.4401,-2.9987,2.0002,5.4663,15.9424,24.2465,6.703,6.703,,-2.9987,-2.9987,
CL=F,84.58000183105469,84.94,2026-08-18,True,84.2300033569336,84.68000030517578,-0.42,-25.15,BAJO,,,,,,,,,,,,,,NONE,2.7784,3.5723,2.2491,0.067345,4.819,0.453,71.26,,999,,,none,,,,,,,,,,1.5732,12.4435,10.4178,-21.518,20.1354,53.7539,92.19,96.02,,-8.2547,-11.9142,
ZS=F,1238.0,1200.75,2026-08-18,True,1235.5,1240.0,3.1,-1.28,BAJO,,,,,,,,,,,,,,NONE,2.7784,3.5723,2.2491,0.067345,4.819,0.453,71.26,,999,,,none,,,,,,,,,,6.2889,7.5119,10.265,2.3563,23.5642,19.8015,1248.0,1248.0,,-0.8013,-0.8013,
ZC=F,497.75,463.25,2026-08-18,True,497.25,499.5,7.45,1.1,BAJO,,,,,,,,,,,,,,NONE,2.7784,3.5723,2.2491,0.067345,4.819,0.453,71.26,,999,,,none,,,,,,,,,,8.9168,13.9668,19.2216,4.7344,53.4424,29.8089,497.75,497.75,,0.0,0.0,
BTC-USD,69300.8828125,64680.7109,2026-08-18,True,69289.4375,69715.6796875,7.14,-42.99,BAJO,1391311847424.0,,,,,,,,,,,,,YAHOO,2.7784,3.5723,2.2491,0.067345,4.819,0.453,71.26,,999,,,none,,,,,,,,,,10.044,6.8718,11.3132,7.5793,53.8634,27.3689,69300.8828,69300.8828,96929.3281,0.0,0.0,-28.5037
ETH-USD,2253.25,1916.4596,2026-08-18,True,2251.931396484375,2271.6953125,17.57,-51.65,BAJO,272843046912.0,,,,,,,,,,,,,YAHOO,2.7784,3.5723,2.2491,0.067345,4.819,0.453,71.26,,999,,,none,,,,,,,,,,19.8123,18.0526,29.2982,28.9129,135.4581,48.4379,2253.25,2253.25,3354.7227,0.0,0.0,-32.8335
IBIT,38.779998779296875,36.6,2026-08-18,True,36.67499923706055,39.47999954223633,5.96,-43.88,BAJO,,,,,,,,,,,,,,YAHOO,2.7784,3.5723,2.2491,0.067345,4.819,0.453,71.26,,999,,,none,,,,,,,,,,8.0524,5.5525,8.8714,-10.8506,46.0443,38.4979,38.78,42.99,,0.0,-9.793,
SPY,769.0599975585938,767.45,2026-08-18,True,768.1099853515625,772.469970703125,0.21,18.22,BAJO,,25.91,,1.79,,,,,,,,,,YAHOO,2.7784,3.5723,2.2491,0.067345,4.819,0.453,71.26,,999,,,none,,,,,,,,,,-0.444,-0.0948,2.989,5.0851,6.0807,13.9702,777.88,777.88,,-1.1339,-1.1339,
QQQ,716.0800170898438,717.51,2026-08-18,True,712.6099853515625,721.4998779296875,-0.2,23.51,BAJO,,30.62,,2.0,,,,,,,,,,YAHOO,2.7784,3.5723,2.2491,0.067345,4.819,0.453,71.26,,999,,,none,,,,,,,,,,-1.0529,-0.1701,-3.2072,2.1862,12.1252,26.2361,732.07,745.3409,,-2.1842,-3.9258,
DIA,534.27001953125,532.91,2026-08-18,True,533.5800170898438,536.6799926757812,0.26,16.98,BAJO,,22.19,,,,,,,,,,,,YAHOO,2.7784,3.5723,2.2491,0.067345,4.819,0.453,71.26,,999,,,none,,,,,,,,,,-0.5362,-1.5733,3.6665,8.4821,4.9097,12.5313,542.81,542.81,,-1.5733,-1.5733,
IWM,301.7200012207031,300.23,2026-08-18,True,301.2300109863281,303.4104919433594,0.5,31.61,BAJO,,18.71,,1.38,,,,,,,,,,YAHOO,2.7784,3.5723,2.2491,0.067345,4.819,0.453,71.26,,999,,,none,,,,,,,,,,-0.327,0.6505,2.0738,10.783,13.4016,16.6933,305.09,305.09,,-1.1046,-1.1046,
GLD,413.8399963378906,398.55,2026-08-18,True,407.4700012207031,414.0,3.84,30.57,BAJO,,,,2.43,,,,,,,,,,YAHOO,2.7784,3.5723,2.2491,0.067345,4.819,0.453,71.26,,999,,,none,,,,,,,,,,2.2029,6.2109,6.9023,0.5687,36.1044,26.8,413.84,417.12,,0.0,-0.7863,
SLV,60.0099983215332,57.44,2026-08-18,True,58.584999084472656,60.04999923706055,4.47,70.66,BAJO,,,,,,,,,,,,,,YAHOO,2.7784,3.5723,2.2491,0.067345,4.819,0.453,71.26,,999,,,none,,,,,,,,,,1.6085,7.0269,0.8402,-10.299,53.3134,45.0025,60.01,69.72,,0.0,-13.9271,
XLY,118.58999633789062,116.36,2026-08-18,True,116.7300033569336,119.05999755859375,1.92,1.39,BAJO,,26.99,,,,,,,,,,,,YAHOO,2.7784,3.5723,2.2491,0.067345,4.819,0.453,71.26,,999,,,none,,,,,,,,,,0.5938,-0.0421,1.4222,3.3003,21.1566,22.223,119.86,121.8173,,-1.0596,-2.6493,
XLV,175.67999267578125,169.73,2026-08-18,True,172.2899932861328,176.59500122070312,3.51,26.36,BAJO,,31.31,,,,,,,,,,,,YAHOO,2.7784,3.5723,2.2491,0.067345,4.819,0.453,71.26,,999,,,none,,,,,,,,,,4.2983,7.0175,18.109,19.7765,29.834,19.6878,175.68,175.68,,0.0,0.0,
XLRE,44.9900016784668,44.63,2026-08-18,True,44.64500045776367,45.084999084472656,0.81,7.63,BAJO,,32.62,,,,,,,,,,,,YAHOO,2.7784,3.5723,2.2491,0.067345,4.819,0.453,71.26,,999,,,none,,,,,,,,,,1.1238,-0.4646,0.6302,4.9832,12.5848,16.378,46.01,46.01,,-2.2169,-2.2169,
XLK,183.63999938964844,185.62,2026-08-18,True,182.41000366210938,186.86000061035156,-1.07,38.45,BAJO,,35.28,,,,,,,,,,,,YAHOO,2.7784,3.5723,2.2491,0.067345,4.819,0.453,71.26,,999,,,none,,,,,,,,,,-2.764,-1.221,-3.96,6.1296,18.0201,35.7756,190.77,197.974,,-3.7375,-7.2403,
XLI,181.9499969482422,183.57,2026-08-18,True,181.72000122070312,184.6199951171875,-0.88,18.24,BAJO,,30.17,,1.85,,,,,,,,,,YAHOO,2.7784,3.5723,2.2491,0.067345,4.819,0.453,71.26,,999,,,none,,,,,,,,,,-2.1143,-2.3612,2.0806,4.5199,13.1023,19.4485,186.51,186.51,,-2.4449,-2.4449,
XLF,57.47999954223633,57.84,2026-08-18,True,57.41999816894531,58.20000076293945,-0.62,6.77,BAJO,,16.82,,1.69,,,,,,,,,,YAHOO,2.7784,3.5723,2.2491,0.067345,4.819,0.453,71.26,,999,,,none,,,,,,,,,,-0.7597,-0.8966,7.6747,12.8794,9.8988,13.2921,58.26,58.26,,-1.3388,-1.3388,
XLE,63.58000183105469,63.68,2026-08-18,True,63.400001525878906,64.25,-0.16,49.21,BAJO,,21.43,,1.22,,,,,,,,,,YAHOO,2.7784,3.5723,2.2491,0.067345,4.819,0.453,71.26,,999,,,none,,,,,,,,,,4.1783,10.9405,19.0971,4.4845,13.1927,23.2578,63.68,63.68,,-0.157,-0.157,
XLC,111.31999969482422,110.48,2026-08-18,True,110.25,112.1500015258789,0.76,-1.02,BAJO,,16.12,,,,,,,,,,,,YAHOO,2.7784,3.5723,2.2491,0.067345,4.819,0.453,71.26,,999,,,none,,,,,,,,,,0.9522,0.4059,1.9731,-3.6602,18.4782,20.1263,112.95,116.3673,,-1.4431,-4.3374,
XLB,52.52000045776367,51.78,2026-08-18,True,52.275001525878906,53.14500045776367,1.43,15.04,BAJO,,25.71,,0.66,,,,,,,,,,YAHOO,2.7784,3.5723,2.2491,0.067345,4.819,0.453,71.26,,999,,,none,,,,,,,,,,-0.1141,-0.228,-0.0069,4.8039,16.6332,19.1422,53.24,53.24,,-1.3524,-1.3524,
XLP,86.54000091552734,85.58,2026-08-18,True,85.72000122070312,87.18009948730469,1.12,3.24,BAJO,,26.59,,1.27,,,,,,,,,,YAHOO,2.7784,3.5723,2.2491,0.067345,4.819,0.453,71.26,,999,,,none,,,,,,,,,,1.716,1.418,4.6104,1.2202,20.4431,17.4411,87.36,87.36,,-0.9386,-0.9386,
XLU,44.02000045776367,44.02,2026-08-18,True,43.79999923706055,44.380001068115234,0.0,1.38,BAJO,,20.04,,0.69,,,,,,,,,,YAHOO,2.7784,3.5723,2.2491,0.067345,4.819,0.453,71.26,,999,,,none,,,,,,,,,,0.4106,0.8246,-1.0253,-0.0878,7.0557,15.7203,46.29,46.29,,-4.9039,-4.9039,
PSQ,25.799999237060547,25.75,2026-08-18,True,25.610000610351562,25.920000076293945,0.19,-22.65,BAJO,,,,,,,,,,,,,,YAHOO,2.7784,3.5723,2.2491,0.067345,4.819,0.453,71.26,,999,,,none,,,,,,,,,,1.1765,0.3501,3.371,-2.1105,12.0479,26.085,27.91,27.91,,-7.56,-7.56,
EWZ,34.2599983215332,33.7,2026-08-18,True,34.244998931884766,34.93000030517578,1.66,25.65,BAJO,,10.78,,0.94,,,,,,,,,,YAHOO,2.7784,3.5723,2.2491,0.067345,4.819,0.453,71.26,,999,,,none,,,,,,,,,,1.1813,-5.1232,0.4397,-5.8624,16.1357,21.4414,36.65,36.65,,-6.5212,-6.5212,
FXI,35.68000030517578,35.06,2026-08-18,True,35.529998779296875,35.744998931884766,1.77,-9.08,BAJO,,9.68,,,,,,,,,,,,YAHOO,2.7784,3.5723,2.2491,0.067345,4.819,0.453,71.26,,999,,,none,,,,,,,,,,1.2773,-1.1087,6.0327,-0.5865,13.4018,19.9745,36.52,36.52,,-2.3001,-2.3001,
COPX,88.27999877929688,85.57,2026-08-18,True,87.30500030517578,89.06999969482422,3.17,92.3,BAJO,,18.99,,,,,,,,,,,,YAHOO,2.7784,3.5723,2.2491,0.067345,4.819,0.453,71.26,,999,,,none,,,,,,,,,,-0.0227,1.7989,3.6266,11.6039,35.7074,51.2431,89.51,93.3428,,-1.3742,-5.4239,
URA,45.0099983215332,43.62,2026-08-18,True,43.970001220703125,45.029998779296875,3.19,25.74,BAJO,,29.73,,,,,,,,,,,,YAHOO,2.7784,3.5723,2.2491,0.067345,4.819,0.453,71.26,,999,,,none,,,,,,,,,,-0.4204,4.9429,-5.7974,-4.6398,44.9893,48.9173,45.25,53.42,,-0.5304,-15.7432,
ARKK,83.30999755859375,79.15,2026-08-18,True,80.52999877929688,83.33000183105469,5.26,9.28,BAJO,,53.77,,,,,,,,,,,,YAHOO,2.7784,3.5723,2.2491,0.067345,4.819,0.453,71.26,,999,,,none,,,,,,,,,,2.3842,9.3594,3.8908,12.825,58.9344,40.0846,83.31,83.61,,0.0,-0.3588,
ITA,246.14999389648438,252.16,2026-08-18,True,245.82000732421875,250.91000366210938,-2.38,23.69,BAJO,,37.64,,,,,,,,,,,,YAHOO,2.7784,3.5723,2.2491,0.067345,4.819,0.453,71.26,,999,,,none,,,,,,,,,,-2.1739,-2.4298,2.9959,12.8265,25.8939,24.7604,253.22,253.22,,-2.792,-2.792,
SMH,560.9199829101562,569.77,2026-08-18,True,556.3150024414062,576.8300170898438,-1.55,91.09,BAJO,,39.79,,,,,,,,,,,,YAHOO,2.7784,3.5723,2.2491,0.067345,4.819,0.453,71.26,,999,,,none,,,,,,,,,,-4.0884,-1.5412,-14.9967,3.1179,34.9729,54.4891,594.07,668.91,,-5.5802,-16.1442,
EEM,66.11000061035156,65.34,2026-08-18,True,65.83999633789062,66.5999984741211,1.18,31.85,BAJO,,17.15,,,,,,,,,,,,YAHOO,2.7784,3.5723,2.2491,0.067345,4.819,0.453,71.26,,999,,,none,,,,,,,,,,-0.5266,0.5934,-3.5735,2.2836,30.4329,33.9098,67.32,71.21,,-1.7974,-7.1619,
AAPL,316.8299865722656,310.03,2026-08-18,True,309.6000061035156,319.2799072265625,2.19,37.07,BAJO,4623874129920.0,36.38,33.21,43.05,148.75,27.08,32.62,27.62,2.33,27.66,0.78,1.0,8.0,YAHOO,2.7784,3.5723,2.2491,0.067345,4.819,0.453,71.26,2026-10-29,71,2026-07-30,20.0,yahoo,1.0,1.0,1.0,0.0,1.0,1.0,1.0,1.0,1.0,4.8238,1.9625,6.4069,6.0652,17.0432,32.83,339.7869,339.7869,,-6.7563,-6.7563,
MSFT,484.30999755859375,481.63,2026-08-18,True,479.54998779296875,489.2900085449219,0.56,-7.1,BAJO,3596265979904.0,26.97,20.54,8.13,34.04,14.09,45.11,40.3,0.46,18.78,0.29,1.23,6.0,YAHOO,2.7784,3.5723,2.2491,0.067345,4.819,0.453,71.26,2026-10-28,70,2026-07-29,21.0,yahoo,1.0,1.0,1.0,1.0,1.0,0.0,1.0,0.0,0.0,-1.649,-0.6462,27.6516,16.2759,26.1164,47.8933,506.06,506.06,,-4.2979,-4.2979,
NVDA,217.55999755859375,219.74,2026-08-18,True,216.75999450683594,222.8699951171875,-0.99,20.57,BAJO,5269520646144.0,33.32,16.95,26.96,114.29,52.73,65.6,62.97,0.88,31.89,0.07,3.44,4.0,YAHOO,2.7784,3.5723,2.2491,0.067345,4.819,0.453,71.26,2026-08-26,7,,,yahoo,1.0,0.0,1.0,0.0,1.0,0.0,1.0,0.0,0.0,-2.914,-0.7572,3.2607,-1.2676,17.0974,40.481,225.3,225.3,,-3.4354,-3.4354,
META,546.030029296875,543.67,2026-08-18,True,537.280029296875,554.0599975585938,0.43,-30.37,BAJO,1391014838272.0,20.58,15.73,5.33,29.85,14.59,34.83,29.83,1.55,12.89,0.43,2.23,5.0,YAHOO,2.7784,3.5723,2.2491,0.067345,4.819,0.453,71.26,2026-10-28,70,2026-07-29,21.0,yahoo,1.0,0.0,1.0,1.0,0.0,0.0,1.0,1.0,0.0,-5.6699,-7.2592,-5.4035,-9.3052,36.1272,49.5251,606.1,681.31,,-9.9109,-19.8559,
GOOGL,344.7200012207031,344.2,2026-08-18,True,340.6600036621094,346.7300109863281,0.15,69.81,BAJO,4215903354880.0,17.3,23.33,6.77,48.68,12.96,34.03,54.77,0.54,23.75,0.19,2.72,6.0,YAHOO,2.7784,3.5723,2.2491,0.067345,4.819,0.453,71.26,2026-10-28,70,2026-07-22,28.0,yahoo,1.0,0.0,1.0,1.0,0.0,1.0,1.0,1.0,0.0,0.3435,-4.8865,-6.3337,-11.0236,4.9327,38.1336,377.65,389.8971,,-8.7197,-11.5869,
AMZN,265.8399963378906,259.45,2026-08-18,True,258.5799865722656,266.3999938964844,2.46,15.14,BAJO,2867433570304.0,21.39,25.55,5.2,30.56,6.59,13.69,17.44,0.11,17.74,0.46,1.03,6.0,YAHOO,2.7784,3.5723,2.2491,0.067345,4.819,0.453,71.26,2026-10-29,71,2026-07-30,20.0,yahoo,1.0,1.0,1.0,1.0,1.0,0.0,0.0,1.0,0.0,-0.5388,-2.4977,8.777,2.5064,25.4065,45.6134,284.02,284.02,,-6.401,-6.401,
TSLA,351.1199951171875,336.87,2026-08-18,True,335.70001220703125,351.6199951171875,4.23,4.77,BAJO,1386765090816.0,325.11,161.44,15.96,4.67,1.93,1.41,3.67,0.35,126.45,0.18,1.94,5.0,YAHOO,2.7784,3.5723,2.2491,0.067345,4.819,0.453,71.26,2026-10-21,63,2026-07-22,28.0,yahoo,1.0,0.0,1.0,1.0,0.0,1.0,0.0,1.0,0.0,7.2089,9.1961,-12.3274,-13.1128,37.629,56.4177,351.12,442.1,,0.0,-20.5791,
MSTR,104.25,92.52,2026-08-18,True,94.30000305175781,106.9000015258789,12.68,-73.36,BAJO,41416613888.0,,2.11,1.25,-63.56,-38.73,-6808.11,0.0,-54.54,-1.49,0.15,5.39,3.0,YAHOO,2.7784,3.5723,2.2491,0.067345,4.819,0.453,71.26,2026-10-29,71,2026-07-30,20.0,yahoo,0.0,0.0,0.0,1.0,1.0,1.0,0.0,0.0,0.0,9.9336,5.9774,-7.358,-36.6762,134.132,82.2482,104.25,159.93,,0.0,-34.8152,
PLTR,175.19000244140625,171.54,2026-08-18,True,169.77049255371094,176.82000732421875,2.13,8.66,BAJO,420991827968.0,149.74,75.7,43.07,38.1,17.29,47.12,49.01,0.51,154.7,0.02,7.23,8.0,YAHOO,2.7784,3.5723,2.2491,0.067345,4.819,0.453,71.26,2026-11-02,75,2026-08-03,16.0,yahoo,1.0,1.0,1.0,1.0,1.0,1.0,0.0,1.0,1.0,2.4263,10.5788,36.3665,29.5209,32.0378,85.6327,179.01,179.01,,-2.134,-2.134,
SNOW,325.010009765625,325.33,2026-08-18,True,316.32000732421875,326.0,-0.1,63.21,BAJO,112648470528.0,,120.09,58.08,-54.87,-9.68,-22.17,-23.79,1.54,-99.82,1.43,1.05,5.0,YAHOO,2.7784,3.5723,2.2491,0.067345,4.819,0.453,71.26,2026-09-02,14,,,yahoo,0.0,0.0,1.0,1.0,1.0,0.0,0.0,1.0,1.0,-2.182,2.5786,39.9156,91.6898,20.7326,88.5207,337.38,337.38,,-3.6665,-3.6665,
CRWD,201.6300048828125,212.92,2026-08-18,True,197.25,213.97999572753906,-5.3,88.77,BAJO,205311623168.0,,128.65,44.3,-0.25,-1.0,-2.21,-0.6,0.94,3592.74,0.18,1.53,4.0,YAHOO,2.7784,3.5723,2.2491,0.067345,4.819,0.453,71.26,2026-08-26,7,,,yahoo,0.0,0.0,1.0,1.0,1.0,1.0,0.0,0.0,0.0,-9.0856,-3.9217,17.7642,30.7418,35.1228,57.3572,225.53,225.53,,-10.5973,-10.5973,
PANW,359.760009765625,374.14,2026-08-18,True,351.4599914550781,376.42999267578125,-3.84,91.43,BAJO,293204393984.0,321.21,87.39,10.57,4.83,1.77,-2.46,7.95,1.22,204.88,0.08,0.86,5.0,YAHOO,2.7784,3.5723,2.2491,0.067345,4.819,0.453,71.26,2026-09-01,13,,,yahoo,1.0,0.0,1.0,1.0,1.0,1.0,0.0,0.0,0.0,-7.0412,-0.7996,25.0122,49.8188,23.0134,54.805,396.0,396.0,,-9.1515,-9.1515,
ADBE,272.4700012207031,263.14,2026-08-18,True,261.6700134277344,275.7998962402344,3.55,-26.54,BAJO,108306825216.0,15.6,9.91,9.44,62.95,19.93,35.33,28.69,8.51,11.28,0.61,0.75,7.0,YAHOO,2.7784,3.5723,2.2491,0.067345,4.819,0.453,71.26,2026-09-10,22,,,yahoo,1.0,1.0,1.0,1.0,0.0,0.0,1.0,1.0,1.0,5.3024,5.071,39.6136,6.8552,61.6078,53.5935,272.96,274.03,,-0.1795,-0.5693,
CRM,206.08999633789062,196.14,2026-08-18,True,194.2100067138672,207.9499969482422,5.07,-19.3,BAJO,,23.88,13.28,4.93,16.91,5.7,21.8,18.73,,15.47,1.24,0.79,7.0,YAHOO,2.7784,3.5723,2.2491,0.067345,4.819,0.453,71.26,2026-08-26,7,,,yahoo,1.0,1.0,1.0,1.0,0.0,0.0,1.0,1.0,1.0,6.6056,6.7935,35.7821,15.161,61.5772,52.4845,206.09,209.0604,,0.0,-1.4208,
MU,937.10498046875,940.76,2026-08-18,True,915.1799926757812,959.989990234375,-0.39,697.16,BAJO,,21.19,6.05,10.5,66.64,34.87,80.37,55.91,,15.29,0.06,3.42,7.0,YAHOO,2.7784,3.5723,2.2491,0.067345,4.819,0.453,71.26,2026-09-23,35,,,yahoo,1.0,1.0,1.0,1.0,1.0,0.0,0.0,1.0,1.0,2.8328,4.9166,-17.3494,34.1342,77.4702,106.4361,1011.75,1213.3734,,-7.3778,-22.7686,
INTC,92.80000305175781,96.69,2026-08-18,True,91.27999877929688,98.19999694824219,-4.02,290.59,BAJO,490550558720.0,,45.49,5.35,-10.71,1.41,12.19,-19.79,0.99,29.96,0.49,1.6,6.0,YAHOO,2.7784,3.5723,2.2491,0.067345,4.819,0.453,71.26,2026-10-22,64,2026-07-23,27.0,yahoo,0.0,1.0,1.0,1.0,1.0,1.0,0.0,1.0,0.0,-8.0733,-8.1734,-30.7411,-16.2455,50.6534,85.3805,104.56,140.94,,-11.2471,-34.1564,
AMAT,496.1700134277344,514.33,2026-08-18,True,488.54998779296875,513.47998046875,-3.53,206.88,BAJO,393938862080.0,42.88,27.05,15.37,41.07,15.48,33.74,30.05,0.81,39.95,0.26,2.42,6.0,YAHOO,2.7784,3.5723,2.2491,0.067345,4.819,0.453,71.26,2026-11-12,85,2026-08-13,6.0,yahoo,1.0,0.0,1.0,1.0,0.0,1.0,1.0,1.0,0.0,-9.4828,-7.126,-19.5978,22.0876,78.0168,87.7679,562.8,723.0,,-11.839,-31.3734,
TXN,267.45001220703125,272.24,2026-08-18,True,266.3900146484375,277.3699951171875,-1.76,33.03,BAJO,244248100864.0,41.34,25.7,13.56,35.18,13.06,42.58,31.11,1.45,26.4,0.78,4.86,7.0,YAHOO,2.7784,3.5723,2.2491,0.067345,4.819,0.453,71.26,2026-10-27,69,2026-07-22,28.0,yahoo,1.0,1.0,1.0,1.0,0.0,1.0,1.0,0.0,1.0,-3.3045,-3.698,-16.7381,-11.0782,43.6717,50.4941,286.08,330.5874,,-6.5122,-19.0985,
TSM,412.0899963378906,413.41,2026-08-18,True,407.8800048828125,419.6000061035156,-0.32,78.63,BAJO,2137293979648.0,30.96,18.92,84.74,39.97,19.0,60.34,49.92,34.19,4.64,0.17,2.46,9.0,YAHOO,2.7784,3.5723,2.2491,0.067345,4.819,0.453,71.26,2026-10-15,57,,,yahoo,1.0,1.0,1.0,1.0,1.0,1.0,1.0,1.0,1.0,-3.9753,-0.4614,-10.8262,5.2075,34.5862,49.9594,430.97,477.57,,-4.3808,-13.7111,
AMD,466.4200134277344,484.39,2026-08-18,True,462.54998779296875,487.0050048828125,-3.71,178.7,BAJO,761419005952.0,118.98,30.15,11.32,10.2,5.13,17.25,15.58,1.16,78.71,0.06,2.61,7.0,YAHOO,2.7784,3.5723,2.2491,0.067345,4.819,0.453,71.26,2026-11-03,76,2026-08-04,15.0,yahoo,1.0,1.0,1.0,1.0,0.0,1.0,0.0,1.0,1.0,-3.4187,-3.2424,-13.2032,12.6482,79.0782,78.0225,539.69,580.91,,-13.5763,-19.7087,
ASML,1751.72998046875,1802.98,2026-08-18,True,1748.8800048828125,1804.27001953125,-2.84,131.63,BAJO,672839499776.0,59.6,29.43,1478.71,53.94,16.45,37.06,30.11,1.25,2770.85,0.09,1.33,8.0,YAHOO,2.7784,3.5723,2.2491,0.067345,4.819,0.453,71.26,2026-10-14,56,,,yahoo,1.0,1.0,1.0,1.0,1.0,0.0,1.0,1.0,1.0,-3.2231,4.3802,-9.1043,20.1828,44.8877,57.1303,1883.12,1986.8704,,-6.9773,-11.8347,
MRVL,237.27000427246094,216.0,2026-08-18,True,228.10009765625,245.48899841308594,9.85,230.23,BAJO,212960378880.0,81.26,37.96,11.41,16.03,3.81,14.48,28.99,1.07,77.06,0.29,3.28,8.0,YAHOO,2.7784,3.5723,2.2491,0.067345,4.819,0.453,71.26,2026-08-27,8,,,yahoo,1.0,1.0,1.0,0.0,1.0,1.0,1.0,1.0,1.0,9.3007,12.4396,-23.5854,34.6392,121.1917,122.6263,237.27,316.352,,0.0,-24.9981,
QCOM,161.91000366210938,160.19,2026-08-18,True,160.19009399414062,166.49989318847656,1.07,2.72,BAJO,170043375616.0,18.5,15.87,6.19,33.75,11.61,18.53,21.01,6.02,14.75,0.55,2.02,6.0,YAHOO,2.7784,3.5723,2.2491,0.067345,4.819,0.453,71.26,2026-10-29,71,2026-07-29,21.0,yahoo,1.0,0.0,1.0,1.0,0.0,1.0,1.0,0.0,1.0,-0.7114,2.7804,-28.3933,-16.9224,24.2921,63.5811,171.11,250.0963,,-5.3767,-35.2609,
COIN,160.1999969482422,146.23,2026-08-18,True,147.5,165.74000549316406,9.55,-51.0,BAJO,42266673152.0,,53.08,3.23,-7.85,1.12,-13.92,-16.34,6.31,57.39,0.51,2.42,4.0,YAHOO,2.7784,3.5723,2.2491,0.067345,4.819,0.453,71.26,2026-10-29,71,2026-07-30,20.0,yahoo,1.0,0.0,1.0,1.0,0.0,1.0,0.0,0.0,0.0,7.4879,6.8784,-1.8743,-17.1879,95.5652,67.6483,167.9,189.03,,-4.5861,-15.2515,
SHOP,146.5800018310547,146.58,2026-08-18,True,145.61000061035156,149.77999877929688,0.0,3.13,BAJO,190210228224.0,99.04,59.98,15.25,15.54,10.19,17.55,14.53,0.83,76.75,0.01,5.35,5.0,YAHOO,2.7784,3.5723,2.2491,0.067345,4.819,0.453,71.26,2026-11-03,76,2026-08-05,14.0,yahoo,1.0,0.0,1.0,1.0,0.0,1.0,0.0,0.0,1.0,-2.5464,1.6223,34.6624,45.1143,25.2375,65.1216,158.53,158.53,,-7.538,-7.538,
RBLX,38.689998626708984,37.67,2026-08-18,True,37.83000183105469,40.189998626708984,2.71,-70.98,BAJO,27639203840.0,,-31.63,181.64,-432.28,-7.73,-13.27,-17.61,5.34,-31.34,14.23,0.82,6.0,YAHOO,2.7784,3.5723,2.2491,0.067345,4.819,0.453,71.26,2026-10-29,71,2026-07-30,20.0,yahoo,0.0,1.0,1.0,1.0,1.0,0.0,0.0,1.0,1.0,8.8632,6.908,-24.9175,-12.9584,25.9008,83.282,50.13,57.95,,-22.8207,-33.2356,
UBER,78.04000091552734,74.66,2026-08-18,True,73.9697036743164,79.30999755859375,4.53,-20.37,BAJO,159401394176.0,17.11,17.79,5.83,37.16,6.88,13.32,17.34,4.54,22.72,0.52,0.84,6.0,YAHOO,2.7784,3.5723,2.2491,0.067345,4.819,0.453,71.26,2026-11-03,76,2026-08-05,14.0,yahoo,1.0,0.0,1.0,1.0,0.0,1.0,1.0,1.0,0.0,3.5563,14.4617,8.9336,5.3314,41.162,42.8115,78.54,78.54,,-0.6366,-0.6366,
HPQ,29.940000534057617,29.96,2026-08-18,True,29.850000381469727,30.639999389648438,-0.07,15.28,BAJO,,11.09,9.96,-190.7,,5.88,7.11,4.45,,7.33,,0.79,5.0,YAHOO,2.7784,3.5723,2.2491,0.067345,4.819,0.453,71.26,2026-08-26,7,,,yahoo,1.0,0.0,1.0,1.0,0.0,1.0,1.0,0.0,0.0,2.2541,4.979,27.4043,44.5137,39.9264,52.5249,31.3,31.3,,-4.345,-4.345,
BIDU,92.87000274658203,90.87,2026-08-18,True,90.13999938964844,93.04000091552734,2.2,3.41,BAJO,31500253184.0,,11.41,0.78,-1.39,1.2,9.65,-2.9,,0.07,0.38,2.33,2.0,YAHOO,2.7784,3.5723,2.2491,0.067345,4.819,0.453,71.26,2026-11-18,91,2026-08-18,1.0,yahoo,1.0,0.0,0.0,0.0,0.0,0.0,1.0,0.0,0.0,-11.4174,-16.4162,-16.9023,-32.5465,107.4126,49.1787,113.06,136.72,,-17.8578,-32.0728,
SPOT,533.3699951171875,516.28,2026-08-18,True,521.4199829101562,541.8699951171875,3.31,-27.85,BAJO,109652451328.0,28.94,29.76,11.86,44.48,12.19,13.71,18.43,1.41,38.44,0.06,2.11,5.0,YAHOO,2.7784,3.5723,2.2491,0.067345,4.819,0.453,71.26,2026-11-03,76,2026-08-04,15.0,yahoo,1.0,1.0,1.0,1.0,0.0,0.0,0.0,1.0,0.0,8.9399,10.6049,11.1535,23.3111,62.1812,49.5241,533.37,533.37,,0.0,0.0,
AVGO,362.4800109863281,380.0,2026-08-18,True,357.610107421875,373.9100036621094,-4.61,21.77,BAJO,1724527804416.0,60.41,18.56,19.67,37.28,12.12,48.99,38.85,1.58,42.05,0.74,2.24,8.0,YAHOO,2.7784,3.5723,2.2491,0.067345,4.819,0.453,71.26,2026-09-02,14,,,yahoo,1.0,1.0,1.0,1.0,1.0,1.0,0.0,1.0,1.0,-12.8759,-13.3403,-11.7409,-11.6808,39.5049,55.9423,427.76,480.8091,,-15.2609,-24.6104,
ACN,183.1699981689453,172.93,2026-08-18,True,172.3699951171875,185.77000427246094,5.92,-30.34,BAJO,112089432064.0,14.63,12.49,3.51,24.41,10.9,16.96,10.66,10.79,8.65,0.25,1.34,5.0,YAHOO,2.7784,3.5723,2.2491,0.067345,4.819,0.453,71.26,2026-10-01,43,,,yahoo,1.0,0.0,1.0,1.0,0.0,1.0,1.0,0.0,0.0,1.682,7.2864,44.8449,4.8487,66.156,62.6917,183.17,194.2542,,0.0,-5.706,
NFLX,80.22000122070312,77.77,2026-08-18,True,78.0999984741211,81.16000366210938,3.15,-37.55,BAJO,334031224832.0,24.46,20.98,11.08,49.54,16.08,33.38,28.22,7.6,22.5,0.55,1.14,7.0,YAHOO,2.7784,3.5723,2.2491,0.067345,4.819,0.453,71.26,2026-10-20,62,,,yahoo,1.0,1.0,1.0,0.0,1.0,0.0,1.0,1.0,1.0,8.0986,8.1132,3.6702,-10.1981,42.025,36.4952,80.22,87.68,,0.0,-8.5082,
NIO,4.579999923706055,4.53,2026-08-18,True,4.480000019073486,4.599999904632568,1.1,-13.3,BAJO,,,26.3,17.65,-83.96,-4.42,-1.21,-9.09,,-34.64,1.83,1.01,6.0,YAHOO,2.7784,3.5723,2.2491,0.067345,4.819,0.453,71.26,2026-09-01,13,,,yahoo,0.0,1.0,1.0,1.0,1.0,0.0,0.0,1.0,1.0,0.8811,-1.5054,-8.7649,-20.2091,22.5569,43.1459,4.88,6.01,,-6.1475,-23.7937,
BABA,128.89999389648438,128.15,2026-08-18,True,127.54000091552734,129.5,0.59,5.23,BAJO,308957020160.0,19.77,14.13,1.9,9.22,2.12,1.01,10.12,-14.27,3.01,0.25,1.28,3.0,YAHOO,2.7784,3.5723,2.2491,0.067345,4.819,0.453,71.26,2026-08-20,1,,,yahoo,1.0,0.0,1.0,0.0,0.0,0.0,1.0,0.0,0.0,2.9388,0.2879,20.3548,-4.0963,15.7591,42.4425,132.32,132.32,,-2.5847,-2.5847,
PDD,90.19999694824219,87.27,2026-08-18,True,87.88999938964844,90.2750015258789,3.36,-27.19,BAJO,128390356992.0,9.44,7.37,2.02,25.4,10.33,18.42,21.62,55.8,-3.17,0.01,2.54,4.0,YAHOO,2.7784,3.5723,2.2491,0.067345,4.819,0.453,71.26,2026-08-24,5,,,yahoo,1.0,0.0,1.0,1.0,0.0,1.0,0.0,0.0,0.0,1.3028,-0.8137,13.3736,-7.3351,22.6475,42.0479,93.0,96.64,,-3.0108,-6.6639,
SAP,215.60000610351562,210.47,2026-08-18,True,211.24000549316406,218.16000366210938,2.44,-23.15,BAJO,248846450688.0,27.93,22.46,67.86,18.32,9.54,27.62,20.41,3.65,297.93,0.22,1.15,7.0,YAHOO,2.7784,3.5723,2.2491,0.067345,4.819,0.453,71.26,2026-10-21,63,2026-07-23,27.0,yahoo,1.0,1.0,1.0,1.0,1.0,1.0,0.0,0.0,1.0,5.6086,9.2586,35.7768,23.4681,21.8168,49.5183,215.6,215.6,,0.0,0.0,
SE,119.0999984741211,116.26,2026-08-18,True,115.19999694824219,120.04000091552734,2.44,-37.0,BAJO,,45.98,23.17,5.67,14.73,4.97,8.35,5.91,,26.44,0.32,1.49,8.0,YAHOO,2.7784,3.5723,2.2491,0.067345,4.819,0.453,71.26,2026-11-10,83,2026-08-11,8.0,yahoo,1.0,1.0,1.0,1.0,1.0,1.0,0.0,1.0,1.0,-7.033,3.6463,31.1096,34.8964,36.2576,55.0207,131.51,131.51,,-9.4365,-9.4365,
IBM,237.16000366210938,232.67,2026-08-18,True,230.50999450683594,238.61500549316406,1.93,-3.31,BAJO,223436603392.0,21.06,18.02,6.49,34.46,5.3,16.55,15.52,5.39,17.04,1.89,0.79,6.0,YAHOO,2.7784,3.5723,2.2491,0.067345,4.819,0.453,71.26,2026-10-21,63,2026-07-22,28.0,yahoo,1.0,1.0,1.0,1.0,1.0,0.0,0.0,1.0,0.0,0.5,1.2467,-4.1103,7.4355,33.5155,73.0354,238.42,326.8851,,-0.5285,-27.4485,
ZM,107.47000122070312,104.71,2026-08-18,True,105.9540023803711,108.77999877929688,2.64,45.3,BAJO,31513667584.0,15.83,17.06,3.16,21.95,6.55,25.06,41.99,6.29,17.79,0.01,4.22,7.0,YAHOO,2.7784,3.5723,2.2491,0.067345,4.819,0.453,71.26,2026-08-25,6,,,yahoo,1.0,1.0,1.0,1.0,1.0,0.0,1.0,1.0,0.0,2.2258,6.7866,24.4442,10.3501,40.0924,44.9062,109.84,111.88,,-2.1577,-3.9417,
CSCO,110.55000305175781,111.61,2026-08-18,True,110.51000213623047,112.375,-0.95,64.51,BAJO,435725598720.0,33.2,19.95,8.68,27.32,7.98,27.7,20.95,2.65,24.17,0.59,0.93,8.0,YAHOO,2.7784,3.5723,2.2491,0.067345,4.819,0.453,71.26,2026-11-12,85,2026-08-12,7.0,yahoo,1.0,1.0,1.0,1.0,0.0,1.0,1.0,1.0,1.0,-10.7604,-9.0123,-7.1745,-3.8277,18.8469,39.765,123.88,129.5155,,-10.7604,-14.6434,
DOCU,62.11000061035156,60.01,2026-08-18,True,59.91999816894531,62.65999984741211,3.5,-16.27,BAJO,11859569664.0,40.33,12.19,6.59,16.44,5.51,13.41,9.59,10.54,28.98,0.1,0.67,6.0,YAHOO,2.7784,3.5723,2.2491,0.067345,4.819,0.453,71.26,2026-09-03,15,,,yahoo,1.0,0.0,1.0,1.0,0.0,0.0,1.0,1.0,1.0,6.9019,8.0362,40.5363,36.5055,52.8029,61.2811,64.09,64.09,,-3.0894,-3.0894,
ARM,249.33999633789062,253.32,2026-08-18,True,241.5,267.9707946777344,-1.57,86.47,BAJO,266294771712.0,251.86,81.53,30.86,13.35,5.42,7.6,20.25,0.5,247.15,0.06,5.25,6.0,YAHOO,2.7784,3.5723,2.2491,0.067345,4.819,0.453,71.26,2026-11-04,77,2026-07-29,21.0,yahoo,1.0,0.0,1.0,1.0,0.0,1.0,0.0,1.0,1.0,-8.287,-9.1922,-43.2622,11.7365,46.7158,101.0527,286.68,439.46,,-13.025,-43.2622,
GRMN,295.6700134277344,297.44,2026-08-18,True,295.6099853515625,307.1000061035156,-0.6,26.94,BAJO,57020715008.0,30.67,26.91,6.32,21.89,12.17,30.44,24.47,1.83,23.61,0.03,3.03,6.0,YAHOO,2.7784,3.5723,2.2491,0.067345,4.819,0.453,71.26,2026-10-28,70,2026-07-29,21.0,yahoo,1.0,1.0,1.0,0.0,0.0,1.0,0.0,1.0,1.0,-4.6164,-2.274,24.1424,26.6816,20.7424,41.4729,313.16,313.16,,-5.585,-5.585,
MSI,480.8399963378906,469.5,2026-08-18,True,469.0,484.239990234375,2.42,1.59,BAJO,79576031232.0,37.92,25.2,29.78,91.57,11.25,27.35,17.44,2.49,23.55,3.58,1.1,6.0,YAHOO,2.7784,3.5723,2.2491,0.067345,4.819,0.453,71.26,2026-11-05,78,2026-08-05,14.0,yahoo,1.0,1.0,1.0,1.0,0.0,0.0,1.0,1.0,0.0,2.363,9.7457,21.6793,20.9543,34.8597,27.4044,480.84,480.84,,0.0,0.0,
SNAP,5.239999771118164,5.11,2026-08-18,True,5.030099868774414,5.28000020980835,2.54,-30.45,BAJO,8861875200.0,,6.76,4.57,-15.58,-2.72,-2.64,-4.9,8.06,-71.29,2.19,2.94,6.0,YAHOO,2.7784,3.5723,2.2491,0.067345,4.819,0.453,71.26,2026-11-03,76,2026-08-03,16.0,finnhub,0.0,1.0,1.0,1.0,1.0,0.0,0.0,1.0,1.0,0.7692,-1.6886,12.4464,-5.5856,50.565,63.9242,5.79,6.07,,-9.4991,-13.6738,
PINS,23.389999389648438,23.06,2026-08-18,True,22.959999084472656,23.674999237060547,1.43,-37.71,BAJO,13246061568.0,68.79,9.74,4.57,6.46,3.51,-3.46,5.46,9.03,41.01,0.41,3.81,6.0,YAHOO,2.7784,3.5723,2.2491,0.067345,4.819,0.453,71.26,2026-11-02,75,2026-08-04,15.0,finnhub,1.0,0.0,1.0,1.0,0.0,0.0,1.0,1.0,1.0,2.1397,0.1284,10.5388,20.1335,49.3561,50.7159,25.58,25.58,,-8.5614,-8.5614,
EA,209.6999969482422,209.7,2026-08-10,False,209.6999969482422,209.6999969482422,0.0,-3.25,BAJO,52925640704.0,59.74,21.72,7.77,16.46,7.23,25.88,13.8,3.2,30.36,0.26,1.21,6.0,YAHOO,2.7784,3.5723,2.2491,0.067345,4.819,0.453,71.26,2026-11-03,76,2026-07-27,23.0,yahoo,1.0,0.0,1.0,1.0,1.0,1.0,1.0,0.0,0.0,0.383,,,,0.0,,,,,,,
PATH,15.779999732971191,15.58,2026-08-18,True,15.515000343322754,16.165000915527344,1.28,40.34,BAJO,8175937536.0,26.3,17.41,4.32,18.18,2.37,7.27,19.58,6.26,56.23,0.04,2.31,8.0,YAHOO,2.7784,3.5723,2.2491,0.067345,4.819,0.453,71.26,2026-09-03,15,,,yahoo,1.0,1.0,1.0,1.0,1.0,0.0,1.0,1.0,1.0,3.4076,14.1823,53.6514,49.5735,37.8143,63.13,16.68,16.68,,-5.3957,-5.3957,
VZ,49.36000061035156,48.54,2026-08-18,True,48.59000015258789,49.595001220703125,1.69,13.39,BAJO,205079707648.0,12.85,9.35,1.97,15.84,5.05,23.0,11.64,8.52,7.79,1.84,0.6,4.0,YAHOO,2.7784,3.5723,2.2491,0.067345,4.819,0.453,71.26,2026-10-20,62,2026-07-24,26.0,yahoo,1.0,0.0,1.0,1.0,0.0,1.0,0.0,0.0,0.0,5.066,6.2191,10.649,5.1559,17.1442,29.152,49.36,49.36,,0.0,0.0,
T,25.1200008392334,24.9,2026-08-18,True,24.844999313354492,25.479999542236328,0.88,-13.8,BAJO,172131942400.0,8.21,9.8,1.56,18.34,4.16,24.79,16.94,5.89,7.5,1.29,0.97,6.0,YAHOO,2.7784,3.5723,2.2491,0.067345,4.819,0.453,71.26,2026-10-21,63,2026-07-22,28.0,yahoo,1.0,1.0,1.0,1.0,0.0,1.0,1.0,0.0,0.0,3.5876,8.9332,15.6581,1.9069,14.9928,31.5201,25.12,25.12,,0.0,0.0,
AMX,23.549999237060547,23.63,2026-08-18,True,23.469999313354492,23.850000381469727,-0.34,21.14,BAJO,70632333312.0,13.53,11.38,3.21,21.58,6.36,21.49,9.37,216.95,2.37,1.58,0.71,9.0,YAHOO,2.7784,3.5723,2.2491,0.067345,4.819,0.453,71.26,2026-10-13,55,2026-07-21,29.0,yahoo,1.0,1.0,1.0,1.0,1.0,1.0,1.0,1.0,1.0,1.4212,-1.9567,-12.3179,-12.0266,10.8408,27.0165,26.1,27.4216,,-9.7701,-14.119,
TCOM,46.5099983215332,44.55,2026-08-18,True,45.220001220703125,46.665000915527344,4.4,-30.02,BAJO,29287587840.0,6.93,10.99,1.23,20.14,3.95,24.34,48.65,,-1.05,0.19,1.53,7.0,YAHOO,2.7784,3.5723,2.2491,0.067345,4.819,0.453,71.26,2026-08-26,7,,,yahoo,1.0,1.0,1.0,0.0,1.0,1.0,1.0,0.0,1.0,2.0404,1.1967,3.1264,-4.9847,37.8828,38.2833,47.3,48.47,,-1.6702,-4.0437,
TRIP,10.399999618530273,10.23,2026-08-18,True,10.199999809265137,10.645000457763672,1.66,-43.03,BAJO,1210156160.0,,9.68,1.82,-0.23,1.92,9.44,0.27,-8.39,11.55,1.35,1.56,7.0,YAHOO,2.7784,3.5723,2.2491,0.067345,4.819,0.453,71.26,2026-11-05,78,2026-08-06,13.0,yahoo,1.0,1.0,1.0,1.0,1.0,0.0,1.0,0.0,1.0,-2.8945,-25.6612,-17.1975,8.3333,49.3867,72.8442,14.93,14.93,,-30.3416,-30.3416,
ABNB,186.38999938964844,183.25,2026-08-18,True,183.5800018310547,189.1999969482422,1.71,45.53,BAJO,109892870144.0,42.55,30.36,14.1,34.54,6.14,21.01,20.45,2.92,35.66,0.32,1.41,5.0,YAHOO,2.7784,3.5723,2.2491,0.067345,4.819,0.453,71.26,2026-11-05,78,2026-08-06,13.0,yahoo,1.0,0.0,1.0,1.0,0.0,0.0,1.0,0.0,1.0,3.4954,22.231,30.8827,42.1089,35.1673,47.8918,186.39,186.39,,0.0,0.0,
ORCL,143.80999755859375,142.79,2026-08-18,True,137.42999267578125,146.0800018310547,0.71,-41.76,BAJO,414240538624.0,24.5,13.18,11.03,53.38,6.5,36.2,25.37,-5.92,18.11,3.89,1.11,5.0,YAHOO,2.7784,3.5723,2.2491,0.067345,4.819,0.453,71.26,2026-09-10,22,,,yahoo,1.0,0.0,1.0,1.0,1.0,1.0,0.0,0.0,0.0,-6.1782,-0.4017,-21.6939,-20.4727,30.1293,68.8275,156.22,247.2897,,-7.9439,-41.8455,
TMUS,182.36000061035156,182.75,2026-08-18,True,182.25999450683594,187.47999572753906,-0.21,-31.9,BAJO,195612393472.0,19.08,12.63,3.48,17.99,5.97,25.22,11.46,5.8,9.11,2.14,0.92,6.0,YAHOO,2.7784,3.5723,2.2491,0.067345,4.819,0.453,71.26,2026-10-22,64,2026-07-23,27.0,yahoo,1.0,0.0,1.0,1.0,0.0,1.0,1.0,0.0,1.0,2.9526,5.1309,0.3798,-5.2066,18.6509,40.6417,183.38,195.64,,-0.5562,-6.788,
ANET,186.4499969482422,193.18,2026-08-18,True,184.50999450683594,195.4980010986328,-3.48,38.19,BAJO,235155341312.0,58.82,36.14,15.89,31.48,14.12,45.39,38.37,1.65,47.81,,2.96,4.0,YAHOO,2.7784,3.5723,2.2491,0.067345,4.819,0.453,71.26,2026-11-03,76,2026-08-04,15.0,yahoo,1.0,0.0,1.0,1.0,0.0,0.0,1.0,0.0,0.0,-11.4252,-5.504,9.8898,31.6923,40.6141,60.8698,210.5,210.5,,-11.4252,-11.4252,
LRCX,307.1700134277344,327.92,2026-08-18,True,305.0801086425781,328.05499267578125,-6.33,207.88,BAJO,384368279552.0,53.24,26.58,30.82,65.07,22.84,37.39,31.27,0.8,44.31,0.33,2.63,8.0,YAHOO,2.7784,3.5723,2.2491,0.067345,4.819,0.453,71.26,2026-10-21,63,2026-07-29,21.0,yahoo,1.0,1.0,1.0,0.0,1.0,1.0,1.0,1.0,1.0,-5.8078,-0.0813,-21.0441,12.4392,68.3301,88.33,343.84,433.33,,-10.6648,-29.1141,
ADI,373.260009765625,376.63,2026-08-18,True,370.0,383.3999938964844,-0.89,50.84,BAJO,,55.71,23.79,5.39,9.64,5.49,38.08,26.01,,30.69,0.26,1.75,8.0,YAHOO,2.7784,3.5723,2.2491,0.067345,4.819,0.453,71.26,2026-08-19,0,,,yahoo,1.0,1.0,1.0,1.0,0.0,1.0,1.0,1.0,1.0,-2.9056,-1.1729,-14.0864,-9.6613,37.4861,45.1481,390.28,445.48,,-4.361,-16.2117,
SNDK,1568.8699951171875,1625.78,2026-08-18,True,1542.0,1698.9998779296875,-3.5,3429.86,BAJO,229712396288.0,21.26,5.93,16.85,91.64,43.91,78.49,56.46,3.37,18.15,,2.29,5.0,YAHOO,2.7784,3.5723,2.2491,0.067345,4.819,0.453,71.26,2026-11-06,79,2026-08-05,14.0,yahoo,1.0,1.0,1.0,1.0,0.0,0.0,1.0,1.0,1.0,16.7062,16.1696,-28.19,13.4158,137.0244,141.9242,1786.85,2335.0,,-12.1991,-32.8107,
NOW,127.19999694824219,119.49,2026-08-18,True,118.51129913330078,129.60000610351562,6.45,-32.19,BAJO,131507249152.0,79.5,25.41,10.51,14.24,4.25,4.06,11.34,3.92,46.7,0.68,0.7,4.0,YAHOO,2.7784,3.5723,2.2491,0.067345,4.819,0.453,71.26,2026-10-28,70,2026-07-22,28.0,yahoo,1.0,0.0,1.0,1.0,1.0,0.0,0.0,0.0,0.0,1.8089,8.5139,33.8384,24.9141,80.0334,71.6738,127.54,135.86,,-0.2666,-6.3742,
NBIS,223.89999389648438,248.43,2026-08-18,True,213.75,236.19000244140625,-9.87,228.22,BAJO,60868386816.0,,-72.9,7.92,0.6,-1.92,-0.22,3.13,-15.8,246.22,0.99,4.03,6.0,YAHOO,2.7784,3.5723,2.2491,0.067345,4.819,0.453,71.26,2026-11-10,83,2026-08-12,7.0,yahoo,1.0,1.0,1.0,1.0,0.0,0.0,0.0,1.0,1.0,-13.6188,2.2421,-21.9017,13.2352,132.6424,148.7492,277.68,286.69,,-19.3676,-21.9017,
OXY,60.09000015258789,59.8,2026-08-18,True,59.750701904296875,60.83000183105469,0.48,34.91,BAJO,60068208640.0,17.73,15.72,1.8,10.63,4.68,45.44,30.32,6.31,5.79,0.35,1.41,4.0,YAHOO,2.7784,3.5723,2.2491,0.067345,4.819,0.453,71.26,2026-11-09,82,2026-08-05,14.0,finnhub,1.0,0.0,1.0,1.0,1.0,0.0,0.0,0.0,0.0,2.6302,11.6707,15.9591,-0.5477,5.7538,34.8623,60.09,60.09,,0.0,0.0,
XOM,164.77000427246094,165.56,2026-08-18,True,164.66000366210938,168.2100067138672,-0.48,52.59,BAJO,677519753216.0,21.23,15.43,2.61,12.58,5.52,15.86,9.07,3.05,10.54,0.16,1.14,5.0,YAHOO,2.7784,3.5723,2.2491,0.067345,4.819,0.453,71.26,2026-10-30,72,2026-07-31,19.0,yahoo,1.0,0.0,1.0,1.0,1.0,0.0,1.0,0.0,0.0,3.8103,9.3695,20.3374,2.0221,19.9627,26.34,165.56,165.56,,-0.4772,-0.4772,
CVX,205.75999450683594,205.74,2026-08-18,True,204.25999450683594,207.67999267578125,0.01,34.74,BAJO,403619479552.0,19.8,15.62,2.13,12.23,5.86,21.87,9.83,5.43,8.64,0.19,1.25,5.0,YAHOO,2.7784,3.5723,2.2491,0.067345,4.819,0.453,71.26,2026-10-30,72,2026-07-31,19.0,yahoo,1.0,0.0,1.0,1.0,0.0,1.0,0.0,1.0,0.0,4.6592,10.3803,18.5049,4.3143,10.7646,25.5456,205.76,205.76,,0.0,0.0,
PSX,242.2899932861328,243.49,2026-08-18,True,240.2200927734375,244.7322998046875,-0.49,98.25,BAJO,97142538240.0,13.82,11.4,3.07,23.45,6.04,8.53,4.66,4.68,11.57,0.63,1.32,7.0,YAHOO,2.7784,3.5723,2.2491,0.067345,4.819,0.453,71.26,2026-10-29,71,2026-08-05,14.0,yahoo,1.0,1.0,1.0,1.0,0.0,1.0,1.0,1.0,0.0,7.9776,20.2547,46.6089,33.5541,24.08,31.6151,243.49,243.49,,-0.4928,-0.4928,
YPF,50.060001373291016,50.68,2026-08-18,True,49.95500183105469,51.852500915527344,-1.22,55.74,BAJO,19627278336.0,25.28,8.8,1.87,7.26,8.34,27.51,4.0,6338.73,1.33,0.85,0.93,4.0,YAHOO,2.7784,3.5723,2.2491,0.067345,4.819,0.453,71.26,2026-10-29,71,2026-08-10,9.0,yahoo,0.0,0.0,1.0,1.0,0.0,1.0,1.0,0.0,0.0,2.3722,2.856,-1.5536,5.4339,61.5963,39.2719,52.7,56.35,,-5.0095,-11.1624,
VIST,68.41999816894531,69.74,2026-08-18,True,68.3499984741211,71.73999786376953,-1.89,66.44,BAJO,7568442880.0,9.0,6.53,2.29,29.79,10.0,44.24,23.56,1.63,5.1,1.07,0.69,3.0,YAHOO,2.7784,3.5723,2.2491,0.067345,4.819,0.453,71.26,2026-10-28,70,,,yahoo,1.0,0.0,1.0,1.0,0.0,0.0,0.0,0.0,0.0,3.651,6.8395,-1.2128,-5.3534,67.1167,39.8032,72.16,76.72,,-5.1829,-10.8186,
VST,142.6999969482422,140.52,2026-08-18,True,138.1300048828125,142.77000427246094,1.55,-29.27,BAJO,47895142400.0,24.06,13.77,15.95,42.96,5.89,13.77,11.55,0.08,10.6,3.73,0.97,5.0,YAHOO,2.7784,3.5723,2.2491,0.067345,4.819,0.453,71.26,2026-11-05,78,2026-08-07,12.0,yahoo,1.0,0.0,1.0,1.0,1.0,0.0,1.0,0.0,0.0,-2.7134,1.508,-12.7329,6.0796,39.7303,44.9498,168.98,168.98,,-15.5521,-15.5521,
BP,43.72999954223633,43.41,2026-08-18,True,43.6150016784668,44.220001220703125,0.74,32.09,BAJO,112619716608.0,20.73,9.89,7.75,8.87,5.04,13.15,2.55,11.44,12.91,0.95,1.27,7.0,YAHOO,2.7784,3.5723,2.2491,0.067345,4.819,0.453,71.26,2026-10-30,72,2026-08-04,15.0,yahoo,1.0,0.0,1.0,1.0,0.0,1.0,1.0,1.0,1.0,3.1154,7.4192,13.216,-4.0584,5.3298,31.6176,44.671,44.671,,-2.1065,-2.1065,
E,55.970001220703125,55.93,2026-08-18,True,55.810001373291016,56.380001068115234,0.07,58.95,BAJO,80810344448.0,12.58,10.49,1.53,10.9,3.07,10.66,5.87,-11.12,8.19,0.65,1.48,6.0,YAHOO,2.7784,3.5723,2.2491,0.067345,4.819,0.453,71.26,2026-10-23,65,2026-07-29,21.0,yahoo,1.0,1.0,1.0,1.0,0.0,1.0,1.0,0.0,0.0,1.5421,5.9436,9.1672,2.3014,11.3798,33.083,56.03,56.03,,-0.1071,-0.1071,
SHEL,92.7699966430664,92.01,2026-08-18,True,92.62000274658203,93.6500015258789,0.83,29.84,BAJO,255948177408.0,10.26,10.52,1.43,14.34,6.4,16.69,8.76,8.38,5.23,0.4,1.44,5.0,YAHOO,2.7784,3.5723,2.2491,0.067345,4.819,0.453,71.26,2026-10-29,71,2026-07-30,20.0,yahoo,1.0,1.0,1.0,1.0,0.0,0.0,1.0,0.0,0.0,3.9003,6.6352,18.7451,6.7507,7.5413,24.0013,92.77,92.77,,0.0,0.0,
HAL,35.02000045776367,34.66,2026-08-18,True,34.80500030517578,35.435001373291016,1.04,66.19,BAJO,29176225792.0,18.34,12.04,2.65,14.92,7.26,12.79,7.16,7.03,8.54,0.74,2.02,4.0,YAHOO,2.7784,3.5723,2.2491,0.067345,4.819,0.453,71.26,2026-10-20,62,2026-07-21,29.0,yahoo,1.0,0.0,1.0,1.0,0.0,0.0,1.0,0.0,0.0,5.1968,10.0566,0.2577,-18.1736,34.7262,36.0788,35.02,41.22,,0.0,-15.0412,
SLB,53.54999923706055,53.21,2026-08-18,True,53.06169891357422,54.189998626708984,0.64,61.27,BAJO,79475867648.0,26.12,16.57,3.05,12.91,6.17,12.71,8.53,3.72,12.1,0.47,1.44,4.0,YAHOO,2.7784,3.5723,2.2491,0.067345,4.819,0.453,71.26,2026-10-23,65,2026-07-24,26.0,yahoo,1.0,0.0,1.0,1.0,1.0,0.0,0.0,0.0,0.0,1.7867,7.2931,11.3537,-5.1774,29.8426,41.2747,53.86,58.01,,-0.5756,-7.6883,
COP,130.5800018310547,129.72,2026-08-18,True,129.89999389648438,132.35000610351562,0.66,38.32,BAJO,156870656000.0,17.27,13.82,2.4,14.18,7.53,31.51,14.4,4.9,6.44,0.36,1.54,7.0,YAHOO,2.7784,3.5723,2.2491,0.067345,4.819,0.453,71.26,2026-11-05,78,2026-08-06,13.0,yahoo,1.0,0.0,1.0,1.0,1.0,1.0,1.0,0.0,1.0,3.2608,14.2654,22.0076,5.0683,8.2451,31.0898,130.58,130.58,,0.0,0.0,
GPRK,9.529999732971191,9.347,2026-08-18,True,9.441499710083008,9.65999984741211,1.96,48.18,BAJO,618456512.0,6.71,5.35,1.41,28.57,7.81,27.52,16.0,14.92,3.19,1.81,1.17,3.0,YAHOO,2.7784,3.5723,2.2491,0.067345,4.819,0.453,71.26,2026-11-04,77,2026-08-12,7.0,yahoo,1.0,0.0,1.0,0.0,0.0,1.0,0.0,0.0,0.0,3.0577,0.6686,-6.2468,-1.5919,30.1788,48.2784,10.2348,11.7511,,-6.8865,-18.9011,
CEG,274.1700134277344,266.83,2026-08-18,True,267.8399963378906,274.9800109863281,2.75,-15.89,BAJO,97140465664.0,26.83,20.66,3.05,15.06,3.89,8.66,11.08,-6.82,15.28,0.76,1.46,6.0,YAHOO,2.7784,3.5723,2.2491,0.067345,4.819,0.453,71.26,2026-11-09,82,2026-08-06,13.0,yahoo,1.0,0.0,1.0,1.0,1.0,0.0,1.0,0.0,1.0,-1.4671,3.5725,0.1939,5.3406,47.5209,40.3371,282.0664,301.1071,,-2.7995,-8.946,
FSLR,222.39999389648438,220.01,2026-08-18,True,218.66000366210938,224.0,1.09,4.1,BAJO,23901280256.0,22.46,9.63,2.32,18.51,8.62,42.64,32.46,6.69,9.38,0.02,2.52,7.0,YAHOO,2.7784,3.5723,2.2491,0.067345,4.819,0.453,71.26,2026-10-29,71,2026-07-30,20.0,yahoo,1.0,1.0,1.0,1.0,1.0,1.0,0.0,0.0,1.0,-1.9271,-6.0811,-12.7159,-4.8108,34.8784,60.3082,250.05,318.25,,-11.0578,-30.1178,
CCJ,97.9800033569336,96.03,2026-08-18,True,96.66000366210938,98.73999786376953,2.03,35.67,BAJO,42673524736.0,163.3,52.22,8.3,5.11,2.98,9.11,10.21,0.12,53.58,0.17,3.06,8.0,YAHOO,2.7784,3.5723,2.2491,0.067345,4.819,0.453,71.26,2026-10-30,72,2026-07-31,19.0,yahoo,1.0,1.0,1.0,1.0,1.0,1.0,0.0,1.0,1.0,-1.0603,3.9355,-7.9914,-5.3516,31.1236,48.4128,99.03,120.51,,-1.0603,-18.6955,
PBR,18.540000915527344,18.18,2026-08-18,True,18.5,18.94499969482422,1.98,57.24,BAJO,119478558720.0,4.69,4.65,1.38,30.27,10.07,44.68,24.32,78.88,1.78,0.76,0.85,7.0,YAHOO,2.7784,3.5723,2.2491,0.067345,4.819,0.453,71.26,2026-11-10,83,2026-08-06,13.0,yahoo,1.0,1.0,1.0,1.0,1.0,1.0,1.0,0.0,0.0,4.3919,0.9804,10.6866,-8.4629,20.6886,29.8721,19.4,19.4,,-4.433,-4.433,
NEE,85.91000366210938,86.22,2026-08-18,True,85.58499908447266,86.83000183105469,-0.36,12.4,BAJO,179206406144.0,19.31,19.45,3.14,11.68,2.44,31.52,32.4,-9.91,20.39,1.62,0.53,5.0,YAHOO,2.7784,3.5723,2.2491,0.067345,4.819,0.453,71.26,2026-10-27,69,2026-07-24,26.0,yahoo,1.0,0.0,1.0,1.0,0.0,1.0,0.0,1.0,0.0,0.1516,0.0,-0.9683,-3.9093,3.7894,17.3351,89.79,89.79,,-4.3212,-4.3212,
PAAS,50.29999923706055,46.6,2026-08-18,True,48.900001525878906,50.70000076293945,7.94,58.17,BAJO,20855283712.0,14.88,10.68,2.88,22.41,11.77,37.81,32.03,6.32,8.74,0.11,2.94,7.0,YAHOO,2.7784,3.5723,2.2491,0.067345,4.819,0.453,71.26,2026-11-16,89,2026-08-12,7.0,yahoo,1.0,1.0,1.0,1.0,1.0,1.0,0.0,1.0,0.0,-3.971,4.2703,2.6531,-4.861,73.5955,57.6684,52.38,56.99,,-3.971,-11.7389,
HMY,21.09000015258789,19.28,2026-08-18,True,20.5049991607666,21.165000915527344,9.39,35.14,BAJO,,13.26,6.31,4.11,33.49,17.3,33.34,20.05,,0.63,0.25,0.54,,YAHOO,2.7784,3.5723,2.2491,0.067345,4.819,0.453,71.26,2026-08-27,8,,,yahoo,,,,,,,,,,6.1934,16.6482,18.6164,34.2457,86.5298,65.1147,21.09,21.09,,0.0,0.0,
B,45.130001068115234,42.09,2026-08-18,True,44.0099983215332,45.60499954223633,7.22,82.2,BAJO,74278764544.0,11.66,10.25,2.72,27.01,13.44,51.34,31.6,6.85,6.4,0.13,3.01,9.0,YAHOO,2.7784,3.5723,2.2491,0.067345,4.819,0.453,71.26,2026-11-09,82,,,yahoo,1.0,1.0,1.0,1.0,1.0,1.0,1.0,1.0,1.0,9.4591,9.9391,11.8741,14.7348,54.5108,49.7713,45.13,45.13,,0.0,0.0,
VALE,13.899999618530273,13.68,2026-08-18,True,13.859999656677246,14.279899597167969,1.61,51.23,BAJO,59155099648.0,27.8,6.9,1.59,4.11,7.92,21.95,4.75,22.5,1.86,0.55,1.19,4.0,YAHOO,2.7784,3.5723,2.2491,0.067345,4.819,0.453,71.26,2026-10-29,71,2026-07-30,20.0,yahoo,1.0,0.0,1.0,1.0,0.0,1.0,0.0,0.0,0.0,-0.8559,-4.3067,-10.5346,-12.3984,20.4905,31.4283,14.6422,16.3534,,-5.0692,-15.0025,
LAC,3.0,2.96,2026-08-18,True,2.930000066757202,3.0399999618530273,1.35,6.26,BAJO,1089128832.0,,-21.31,0.78,-3.7,-1.66,0.0,0.0,-123.85,-30.32,0.6,5.47,1.0,YAHOO,2.7784,3.5723,2.2491,0.067345,4.819,0.453,71.26,2026-11-13,86,2026-08-12,7.0,yahoo,0.0,0.0,0.0,1.0,0.0,0.0,0.0,0.0,0.0,-7.9755,-2.9126,-31.3501,-35.4839,61.3162,61.536,3.43,5.75,,-12.5364,-47.8261,
RIO,100.44000244140625,96.69,2026-08-18,True,98.81999969482422,100.9800033569336,3.88,70.43,BAJO,163406200832.0,13.61,11.35,2.49,19.31,8.11,28.05,19.58,2.2,7.72,0.32,1.42,4.0,YAHOO,2.7784,3.5723,2.2491,0.067345,4.819,0.453,71.26,,999,2026-07-28,22.0,yahoo,1.0,0.0,1.0,1.0,0.0,0.0,0.0,1.0,0.0,1.4083,1.1186,-3.064,-6.3368,33.0057,33.081,100.44,109.2706,,0.0,-8.0814,
GFI,43.849998474121094,40.92,2026-08-18,True,43.04499816894531,44.4900016784668,7.16,47.39,BAJO,,10.39,8.17,9.3,51.93,21.41,51.78,40.76,,15.49,0.37,1.79,9.0,YAHOO,2.7784,3.5723,2.2491,0.067345,4.819,0.453,71.26,2026-08-25,6,,,yahoo,1.0,1.0,1.0,1.0,1.0,1.0,1.0,1.0,1.0,7.6602,17.5918,13.601,11.8622,56.2628,60.4556,43.85,43.85,,0.0,0.0,
GGB,4.460000038146973,4.67,2026-08-18,True,4.429999828338623,4.789999961853027,-4.5,52.7,BAJO,8751084544.0,20.27,7.27,0.85,4.18,5.03,12.75,3.22,30.26,1.87,0.28,2.87,5.0,YAHOO,2.7784,3.5723,2.2491,0.067345,4.819,0.453,71.26,2026-10-26,68,2026-08-04,15.0,yahoo,1.0,0.0,1.0,1.0,0.0,0.0,1.0,0.0,1.0,-7.6605,-13.2296,-3.4632,-3.0435,38.6673,38.3675,5.14,5.14,,-13.2296,-13.2296,
FCX,69.08999633789062,66.32,2026-08-18,True,67.26000213623047,69.86000061035156,4.18,65.41,BAJO,96725991424.0,33.87,16.76,4.93,14.75,7.58,33.4,11.39,2.23,12.31,0.32,2.07,6.0,YAHOO,2.7784,3.5723,2.2491,0.067345,4.819,0.453,71.26,2026-10-22,64,2026-07-23,27.0,yahoo,1.0,1.0,1.0,1.0,1.0,0.0,1.0,0.0,0.0,-0.1878,-0.4323,0.8411,17.9858,51.6841,51.7145,70.51,71.5463,,-2.0139,-3.4332,
HL,20.540000915527344,17.95,2026-08-18,True,18.95009994506836,20.565000534057617,14.43,166.97,BAJO,13798124544.0,24.75,19.31,5.15,22.17,15.3,44.27,19.15,2.48,13.75,0.01,5.2,8.0,YAHOO,2.7784,3.5723,2.2491,0.067345,4.819,0.453,71.26,2026-11-03,76,2026-08-04,15.0,finnhub,1.0,1.0,1.0,1.0,1.0,1.0,0.0,1.0,1.0,13.4807,24.1838,28.6967,25.5792,124.8839,71.3677,20.54,20.54,,0.0,0.0,
NEM,125.08000183105469,115.98,2026-08-18,True,123.19999694824219,126.5999984741211,7.85,79.57,BAJO,131795836928.0,15.77,11.82,3.76,25.91,15.75,51.57,33.36,6.69,7.54,0.16,2.55,9.0,YAHOO,2.7784,3.5723,2.2491,0.067345,4.819,0.453,71.26,2026-10-22,64,2026-07-23,27.0,yahoo,1.0,1.0,1.0,1.0,1.0,1.0,1.0,1.0,1.0,6.1439,19.9348,20.5126,19.2997,74.6922,50.6276,125.08,125.08,,0.0,0.0,
GOLD,45.529998779296875,41.84,2026-08-18,True,43.20500183105469,45.915000915527344,8.82,99.25,BAJO,1320569088.0,14.83,12.54,1.53,10.82,2.76,0.86,0.35,-56.33,16.52,1.82,1.18,4.0,YAHOO,2.7784,3.5723,2.2491,0.067345,4.819,0.453,71.26,2026-09-02,14,,,yahoo,1.0,0.0,1.0,1.0,0.0,0.0,0.0,1.0,0.0,1.9024,5.0773,7.7633,15.3242,109.924,49.3788,45.53,45.53,,0.0,0.0,
MUX,20.219999313354492,18.36,2026-08-18,True,19.18000030517578,20.229999542236328,10.13,86.4,BAJO,1207944576.0,16.05,4.97,1.71,13.54,-0.43,-5.92,32.46,-1.54,44.69,0.18,2.04,5.0,YAHOO,2.7784,3.5723,2.2491,0.067345,4.819,0.453,71.26,2026-11-04,77,2026-08-05,14.0,yahoo,1.0,1.0,1.0,0.0,0.0,1.0,0.0,1.0,0.0,5.5875,2.5875,0.597,-18.6318,87.2836,64.2842,20.22,22.31,,0.0,-9.368,
NXE,10.5600004196167,10.26,2026-08-18,True,10.324999809265137,10.619999885559082,2.92,59.83,BAJO,7080544768.0,,-60.15,5.79,-17.67,-3.39,0.0,0.0,-4.21,-62.02,0.34,1.46,2.0,YAHOO,2.7784,3.5723,2.2491,0.067345,4.819,0.453,71.26,2026-11-03,76,2026-08-04,15.0,yahoo,0.0,0.0,0.0,1.0,0.0,1.0,0.0,0.0,0.0,0.0948,5.1793,0.6673,-3.7375,58.3221,59.2674,10.75,12.44,,-1.7674,-15.1125,
MP,56.68000030517578,56.67,2026-08-18,True,56.18000030517578,57.79990005493164,0.02,-20.49,BAJO,10094797824.0,,65.31,5.16,-3.58,-1.52,-14.72,-14.56,-4.29,246.76,0.41,9.51,4.0,YAHOO,2.7784,3.5723,2.2491,0.067345,4.819,0.453,71.26,2026-11-05,78,2026-08-06,13.0,yahoo,0.0,1.0,0.0,0.0,1.0,1.0,0.0,1.0,0.0,4.7496,18.3052,-6.8988,3.1859,57.7106,69.2254,58.74,72.24,,-3.507,-21.5393,
JPM,357.260009765625,363.25,2026-08-18,True,355.6449890136719,363.010009765625,-1.65,20.95,BAJO,949663629312.0,15.55,14.29,2.69,17.79,1.36,50.39,34.92,,,,,3.0,YAHOO,2.7784,3.5723,2.2491,0.067345,4.819,0.453,71.26,2026-10-13,55,,,yahoo,1.0,0.0,0.0,0.0,1.0,0.0,1.0,0.0,0.0,-2.1688,-0.5512,10.3467,21.3627,15.1987,21.8738,365.18,365.18,,-2.1688,-2.1688,
AXP,339.8999938964844,338.52,2026-08-18,True,338.44000244140625,345.20001220703125,0.41,7.76,BAJO,229537808384.0,20.61,16.9,6.69,34.38,3.79,20.32,16.14,,,1.72,1.55,4.0,YAHOO,2.7784,3.5723,2.2491,0.067345,4.819,0.453,71.26,2026-10-23,65,2026-07-24,26.0,yahoo,1.0,0.0,1.0,1.0,0.0,0.0,1.0,0.0,0.0,-1.2148,-2.6047,0.8374,10.1906,17.9041,26.2793,348.99,361.57,,-2.6047,-5.9933,
MA,573.719970703125,574.31,2026-08-18,True,570.3302001953125,582.9268798828125,-0.1,-6.23,BAJO,502584377344.0,31.51,24.92,89.7,241.2,24.06,61.11,46.34,3.37,23.23,4.4,1.06,9.0,YAHOO,2.7784,3.5723,2.2491,0.067345,4.819,0.453,71.26,2026-10-29,71,2026-07-30,20.0,yahoo,1.0,1.0,1.0,1.0,1.0,1.0,1.0,1.0,1.0,2.4994,0.5679,17.3323,15.0053,22.3083,23.144,577.35,577.35,,-0.6287,-0.6287,
V,365.5400085449219,364.25,2026-08-18,True,362.89581298828125,370.635009765625,0.35,3.5,BAJO,682480500736.0,31.06,24.4,19.37,61.19,19.11,66.13,50.78,2.99,21.95,0.68,0.98,6.0,YAHOO,2.7784,3.5723,2.2491,0.067345,4.819,0.453,71.26,2026-10-27,69,2026-07-28,22.0,yahoo,1.0,0.0,1.0,1.0,1.0,0.0,1.0,0.0,1.0,1.7027,-0.6298,11.9115,11.0058,19.7651,20.9367,369.7831,369.7831,,-1.1474,-1.1474,
PYPL,61.25,60.43,2026-08-18,True,60.54999923706055,61.83000183105469,1.36,-12.89,BAJO,52396978176.0,11.58,10.57,2.66,24.5,4.62,16.97,14.36,8.44,8.57,0.72,1.29,9.0,YAHOO,2.7784,3.5723,2.2491,0.067345,4.819,0.453,71.26,2026-10-27,69,2026-07-28,22.0,yahoo,1.0,1.0,1.0,1.0,1.0,1.0,1.0,1.0,1.0,3.4628,5.7311,44.0838,40.2051,26.5181,45.4259,61.66,61.66,,-0.6649,-0.6649,
PAGS,8.59000015258789,8.44,2026-08-18,True,8.531000137329102,8.759499549865723,1.78,1.21,BAJO,2367799296.0,5.97,4.66,0.82,14.54,6.36,36.2,10.86,-78.4,0.3,0.12,1.55,7.0,YAHOO,2.7784,3.5723,2.2491,0.067345,4.819,0.453,71.26,2026-11-11,84,2026-08-11,8.0,yahoo,1.0,0.0,1.0,1.0,1.0,0.0,1.0,1.0,1.0,-1.4908,-8.617,-3.1567,-4.6615,28.5457,28.9574,9.84,9.84,,-12.7033,-12.7033,
NU,14.609999656677246,14.35,2026-08-18,True,14.240500450134277,14.989899635314941,1.81,3.63,BAJO,70576357376.0,20.01,12.77,5.64,31.63,4.96,50.15,42.73,,,,,4.0,YAHOO,2.7784,3.5723,2.2491,0.067345,4.819,0.453,71.26,2026-11-12,85,2026-08-13,6.0,yahoo,1.0,0.0,1.0,1.0,1.0,0.0,0.0,0.0,0.0,7.7434,0.8978,14.9489,18.8771,91.997,42.4791,15.23,15.23,,-4.0709,-4.0709,
XP,16.530000686645508,15.84,2026-08-18,True,16.049999237060547,16.700000762939453,4.36,1.77,BAJO,8193778176.0,8.18,7.12,1.82,22.56,1.36,30.86,28.54,,,5.33,2.63,6.0,YAHOO,2.7784,3.5723,2.2491,0.067345,4.819,0.453,71.26,2026-11-16,89,2026-08-18,1.0,yahoo,1.0,1.0,1.0,1.0,1.0,0.0,1.0,0.0,0.0,7.0596,-2.6502,4.5541,-4.863,36.2028,38.6012,17.2,17.6908,,-3.8953,-6.5618,
AIG,75.69999694824219,76.12,2026-08-18,True,75.55999755859375,76.77249908447266,-0.55,-9.72,BAJO,39583010816.0,13.81,8.62,0.98,7.22,1.76,19.41,11.09,18.61,4.69,0.22,0.61,5.0,YAHOO,2.7784,3.5723,2.2491,0.067345,4.819,0.453,71.26,2026-11-04,77,2026-08-06,13.0,yahoo,1.0,1.0,1.0,1.0,0.0,0.0,1.0,0.0,0.0,-0.5779,-5.5167,0.6515,0.1223,13.7275,23.1288,80.83,81.06,,-6.3467,-6.6124,
BRK-B,499.6199951171875,502.96,2026-08-18,True,499.45001220703125,507.05999755859375,-0.66,-1.4,BAJO,1069541425152.0,12.64,22.74,0.0,12.12,6.01,32.56,22.3,6.73,-1.79,0.17,2.89,4.0,YAHOO,2.7784,3.5723,2.2491,0.067345,4.819,0.453,71.26,2026-11-07,80,2026-08-03,16.0,yahoo,1.0,0.0,1.0,0.0,1.0,0.0,1.0,0.0,0.0,-2.0353,-3.7063,2.0758,3.9878,14.4248,15.5575,529.42,529.42,,-5.6288,-5.6288,
BBD,3.049999952316284,3.04,2026-08-18,True,3.049999952316284,3.1500000953674316,0.33,6.86,BAJO,33219606528.0,7.26,5.44,0.93,13.76,1.07,34.52,26.07,,,,,4.0,YAHOO,2.7784,3.5723,2.2491,0.067345,4.819,0.453,71.26,2026-11-04,77,2026-08-05,14.0,yahoo,1.0,1.0,0.0,0.0,1.0,0.0,1.0,0.0,0.0,-4.6875,-12.3563,-7.2409,-9.0302,15.3486,27.2123,3.6558,3.7257,,-16.571,-18.1367,
AEG,9.279999732971191,9.41,2026-08-18,True,9.27079963684082,9.39799976348877,-1.38,24.41,BAJO,13721555968.0,13.45,9.91,1.61,10.42,0.14,0.27,8.01,-1.49,,0.57,8.0,6.0,YAHOO,2.7784,3.5723,2.2491,0.067345,4.819,0.453,71.26,2026-08-20,1,,,yahoo,1.0,1.0,1.0,0.0,1.0,0.0,1.0,0.0,1.0,-1.2766,-2.3158,8.9202,14.1273,13.8917,19.8201,9.53,9.53,,-2.6233,-2.6233,
SAN,14.170000076293945,14.24,2026-08-18,True,14.09000015258789,14.34000015258789,-0.49,46.89,BAJO,201874096128.0,13.89,9.91,1.61,13.11,0.78,43.44,33.46,,,,,4.0,YAHOO,2.7784,3.5723,2.2491,0.067345,4.819,0.453,71.26,2026-10-28,70,2026-07-22,28.0,yahoo,1.0,1.0,0.0,0.0,1.0,0.0,1.0,0.0,0.0,-4.386,-3.2104,7.8387,19.6791,15.8169,31.3898,14.82,14.82,,-4.386,-4.386,
GGAL,41.470001220703125,42.12,2026-08-18,True,40.88999938964844,42.81999969482422,-1.54,-9.9,BAJO,7027234304.0,118.49,6.48,11.63,0.9,0.17,1.78,1.14,,,,,1.0,YAHOO,2.7784,3.5723,2.2491,0.067345,4.819,0.453,71.26,2026-08-25,6,,,yahoo,1.0,0.0,0.0,0.0,0.0,0.0,0.0,0.0,0.0,-6.2189,-14.2473,-25.8935,-0.908,26.2987,53.2433,51.61,56.37,,-19.6474,-26.4325,
MELI,1908.6500244140625,1779.14,2026-08-18,True,1771.0,1918.1700439453125,7.28,-21.93,BAJO,96762445824.0,51.82,33.65,12.35,27.5,4.31,6.72,5.3,0.37,26.78,1.69,1.12,5.0,YAHOO,2.7784,3.5723,2.2491,0.067345,4.819,0.453,71.26,2026-11-04,77,2026-08-05,14.0,yahoo,1.0,0.0,1.0,1.0,1.0,0.0,1.0,0.0,0.0,4.3954,-0.724,15.9315,18.7437,69.9487,37.6776,1940.0,1940.0,,-1.616,-1.616,
WFC,85.94000244140625,87.4,2026-08-18,True,85.58450317382812,87.41000366210938,-1.67,8.72,BAJO,259882500096.0,12.49,10.88,1.62,12.57,1.08,37.39,27.23,,,,,3.0,YAHOO,2.7784,3.5723,2.2491,0.067345,4.819,0.453,71.26,2026-10-13,55,,,yahoo,1.0,0.0,0.0,0.0,1.0,0.0,1.0,0.0,0.0,-3.3622,-3.069,3.1302,16.2208,18.3813,23.949,88.93,88.93,,-3.3622,-3.3622,
BCS,26.8700008392334,27.37,2026-08-18,True,26.815000534057617,27.479000091552734,-1.83,32.09,BAJO,90367295488.0,10.26,7.9,1.02,10.09,0.47,42.95,27.87,,,,,6.0,YAHOO,2.7784,3.5723,2.2491,0.067345,4.819,0.453,71.26,2026-10-22,64,2026-07-28,22.0,yahoo,1.0,1.0,1.0,1.0,0.0,0.0,1.0,0.0,1.0,-4.1726,-4.5263,5.9743,18.0869,14.118,33.379,28.2428,28.2428,,-4.8606,-4.8606,
HSBC,102.30000305175781,103.18,2026-08-18,True,102.04000091552734,103.8499984741211,-0.85,60.1,BAJO,350665375744.0,14.61,10.8,8.12,13.1,0.78,58.77,37.8,,,,,5.0,YAHOO,2.7784,3.5723,2.2491,0.067345,4.819,0.453,71.26,2026-10-27,69,2026-08-04,15.0,yahoo,1.0,0.0,1.0,1.0,1.0,0.0,1.0,0.0,0.0,-1.2736,0.111,10.6263,13.937,8.0565,25.9878,107.3417,107.3417,,-4.6969,-4.6969,
BHP,92.29000091552734,89.09,2026-08-18,True,91.37000274658203,93.80999755859375,3.59,71.97,BAJO,234424139776.0,23.85,19.25,4.6,24.0,12.65,38.03,16.59,3.31,8.42,0.48,1.89,4.0,YAHOO,2.7784,3.5723,2.2491,0.067345,4.819,0.453,71.26,,999,2026-08-17,2.0,yahoo,1.0,0.0,1.0,1.0,1.0,1.0,0.0,1.0,1.0,2.4079,3.2558,0.1737,3.7783,27.4962,39.6917,92.29,93.15,,0.0,-0.9232,
LYG,5.940000057220459,6.06,2026-08-18,True,5.934999942779541,6.074999809265137,-1.98,31.63,BAJO,86119981056.0,14.14,9.32,1.54,11.34,0.56,44.96,26.43,,,,,6.0,YAHOO,2.7784,3.5723,2.2491,0.067345,4.819,0.453,71.26,2026-10-29,71,2026-07-30,20.0,yahoo,1.0,1.0,1.0,1.0,0.0,0.0,1.0,0.0,1.0,-4.0388,-3.6715,8.2829,19.2184,14.5199,29.7809,6.21,6.21,,-4.3478,-4.3478,
ING,34.689998626708984,35.49,2026-08-18,True,34.58000183105469,35.43000030517578,-2.25,42.4,BAJO,99025870848.0,12.99,10.87,1.71,17.12,0.8,49.1,34.49,,,,,2.0,YAHOO,2.7784,3.5723,2.2491,0.067345,4.819,0.453,71.26,2026-10-29,71,2026-07-30,20.0,yahoo,1.0,0.0,0.0,0.0,0.0,0.0,1.0,0.0,0.0,-2.5835,-2.1685,15.4817,16.942,17.6574,27.378,35.7,35.7,,-2.8291,-2.8291,
IBN,29.440000534057617,29.63,2026-08-18,True,29.25,29.6299991607666,-0.64,-14.19,BAJO,,18.17,15.92,2.66,16.07,2.11,38.51,27.53,,,,,4.0,YAHOO,2.7784,3.5723,2.2491,0.067345,4.819,0.453,71.26,2026-10-17,59,,,yahoo,1.0,0.0,1.0,1.0,1.0,0.0,0.0,0.0,0.0,-1.3405,-3.1579,6.2508,17.5702,16.1484,19.9886,30.48,30.48,,-3.4121,-3.4121,
MUFG,21.559999465942383,22.72,2026-08-18,True,21.489999771118164,22.329999923706055,-5.11,36.64,BAJO,243129368576.0,16.21,20.93,1.7,9.46,0.51,45.6,27.45,,,,,1.0,YAHOO,2.7784,3.5723,2.2491,0.067345,4.819,0.453,71.26,2026-11-12,85,2026-08-03,16.0,yahoo,1.0,0.0,0.0,0.0,0.0,0.0,0.0,0.0,0.0,-5.2724,-3.8359,6.2069,14.4374,37.2504,29.4656,23.1,23.1,,-6.6667,-6.6667,
GS,1021.6500244140625,1040.47,2026-08-18,True,1014.5,1044.7099609375,-1.81,40.98,BAJO,297475244032.0,15.79,13.8,2.79,16.9,1.07,42.18,31.04,,,7.25,1.56,4.0,YAHOO,2.7784,3.5723,2.2491,0.067345,4.819,0.453,71.26,2026-10-13,55,,,yahoo,1.0,1.0,0.0,0.0,0.0,0.0,1.0,0.0,1.0,-1.5002,-3.6525,-6.8314,10.4887,19.9421,38.982,1074.72,1152.0699,,-4.938,-11.3205,
BX,145.08999633789062,140.59,2026-08-18,True,142.1199951171875,146.8699951171875,3.2,-11.84,BAJO,173425754112.0,32.46,19.37,12.88,31.37,14.33,54.36,22.73,,,0.68,0.87,5.0,YAHOO,2.7784,3.5723,2.2491,0.067345,4.819,0.453,71.26,2026-10-22,64,2026-07-23,27.0,yahoo,1.0,0.0,1.0,1.0,1.0,0.0,0.0,0.0,1.0,-0.9016,6.6603,18.4022,28.2776,47.5025,40.8685,149.32,149.32,,-2.8328,-2.8328,
ITUB,7.369999885559082,7.27,2026-08-18,True,7.360000133514404,7.53000020980835,1.38,20.15,BAJO,81231200256.0,8.99,7.36,1.94,21.48,1.58,39.07,32.58,,,,,4.0,YAHOO,2.7784,3.5723,2.2491,0.067345,4.819,0.453,71.26,2026-11-03,76,2026-08-04,15.0,yahoo,1.0,1.0,1.0,0.0,0.0,0.0,1.0,0.0,0.0,-0.4054,-10.2314,-4.4399,-3.0339,19.0088,27.4193,8.487,8.617,,-13.1613,-14.4709,
BAC,63.16999816894531,64.23,2026-08-18,True,62.974998474121094,64.43329620361328,-1.65,29.86,BAJO,441731907584.0,14.59,11.93,1.61,11.2,0.97,38.3,29.52,,,,,5.0,YAHOO,2.7784,3.5723,2.2491,0.067345,4.819,0.453,71.26,2026-10-14,56,,,yahoo,1.0,1.0,1.0,0.0,0.0,0.0,1.0,0.0,1.0,-2.5305,-0.1265,12.4021,25.243,17.7593,19.1989,64.81,64.81,,-2.5305,-2.5305,
RACE,425.17999267578125,412.44,2026-08-18,True,413.8800048828125,425.25,3.09,-11.82,BAJO,74731692032.0,39.66,33.51,17.65,45.44,13.61,31.06,22.25,1.34,30.98,0.86,2.43,9.0,YAHOO,2.7784,3.5723,2.2491,0.067345,4.819,0.453,71.26,2026-11-03,76,2026-07-30,20.0,finnhub,1.0,1.0,1.0,1.0,1.0,1.0,1.0,1.0,1.0,4.413,4.5182,15.2062,27.9853,27.5144,36.1473,425.18,425.18,,0.0,0.0,
C,132.88999938964844,137.65,2026-08-18,True,132.35000610351562,137.7899932861328,-3.46,42.01,BAJO,222914576384.0,14.32,10.31,1.16,8.53,0.66,36.23,21.83,,,,,3.0,YAHOO,2.7784,3.5723,2.2491,0.067345,4.819,0.453,71.26,2026-10-13,55,,,yahoo,1.0,0.0,0.0,0.0,1.0,0.0,1.0,0.0,0.0,-3.4089,-3.451,-6.6366,11.3325,26.5524,29.6304,139.33,144.9331,,-4.6221,-8.3094,
SCHW,110.87999725341797,111.68,2026-08-18,True,110.54000091552734,112.08000183105469,-0.72,13.94,BAJO,191748734976.0,20.2,14.21,4.36,20.27,2.07,52.28,38.79,,,1.51,0.66,7.0,YAHOO,2.7784,3.5723,2.2491,0.067345,4.819,0.453,71.26,2026-10-15,57,2026-07-21,29.0,yahoo,1.0,1.0,1.0,1.0,1.0,0.0,1.0,0.0,1.0,1.7042,2.947,17.663,20.3629,15.7454,24.4983,111.68,111.68,,-0.7163,-0.7163,
PG,144.3800048828125,143.45,2026-08-18,True,143.64999389648438,146.22500610351562,0.65,-10.46,BAJO,335601664000.0,21.84,19.52,6.29,30.29,10.72,22.08,18.44,3.96,14.61,0.64,0.68,6.0,YAHOO,2.7784,3.5723,2.2491,0.067345,4.819,0.453,71.26,2026-10-22,64,2026-07-29,21.0,yahoo,1.0,0.0,1.0,1.0,1.0,0.0,1.0,0.0,1.0,0.2082,-1.6485,-3.2732,2.9425,11.1894,22.7311,148.88,151.6182,,-3.0226,-4.7739,
KO,90.3499984741211,88.82,2026-08-18,True,88.61499786376953,90.76000213623047,1.72,27.78,BAJO,388735303680.0,27.13,25.62,10.75,42.05,9.4,34.87,28.56,1.34,24.64,1.16,1.3,7.0,YAHOO,2.7784,3.5723,2.2491,0.067345,4.819,0.453,71.26,2026-10-20,62,2026-07-28,22.0,yahoo,1.0,1.0,1.0,0.0,1.0,1.0,1.0,1.0,0.0,4.1979,4.0539,13.8053,11.0026,21.4167,25.1015,90.35,90.35,,0.0,0.0,
PEP,142.5800018310547,140.13,2026-08-18,True,140.6699981689453,143.6300048828125,1.75,-5.3,BAJO,194764275712.0,18.37,15.88,8.81,51.51,8.93,16.84,10.79,4.02,12.57,2.39,0.93,5.0,YAHOO,2.7784,3.5723,2.2491,0.067345,4.819,0.453,71.26,2026-10-08,50,,,yahoo,1.0,0.0,1.0,1.0,0.0,1.0,1.0,0.0,0.0,2.7974,2.7381,0.3943,-4.1829,25.4541,23.6531,143.5,146.25,,-0.6411,-2.5094,
MO,66.02999877929688,65.19,2026-08-18,True,64.94819641113281,66.44499969482422,1.29,0.7,BAJO,110253187072.0,13.73,11.26,-41.32,,29.55,61.46,39.0,8.2,8.4,,0.52,6.0,YAHOO,2.7784,3.5723,2.2491,0.067345,4.819,0.453,71.26,2026-10-29,71,2026-07-30,20.0,yahoo,1.0,0.0,1.0,1.0,0.0,1.0,1.0,1.0,0.0,2.5629,-3.5213,-4.4705,-9.4359,32.6692,31.6025,74.92,74.92,,-11.866,-11.866,
WMT,114.30000305175781,115.2,2026-08-18,True,113.98999786376953,116.87000274658203,-0.78,8.47,BAJO,909608419328.0,40.11,34.85,9.65,24.13,6.83,4.22,3.14,0.75,21.88,0.75,0.77,7.0,YAHOO,2.7784,3.5723,2.2491,0.067345,4.819,0.453,71.26,2026-08-20,1,,,yahoo,1.0,1.0,1.0,1.0,1.0,0.0,1.0,1.0,0.0,-1.474,1.7447,-2.4578,-14.8286,11.7037,22.4559,116.01,121.04,,-1.474,-5.5684,
TGT,159.0,152.48,2026-08-18,True,146.2100067138672,161.9799041748047,4.28,64.0,BAJO,,21.03,17.42,4.4,22.02,5.68,4.52,3.24,,10.19,1.18,0.93,6.0,YAHOO,2.7784,3.5723,2.2491,0.067345,4.819,0.453,71.26,2026-08-19,0,,,yahoo,1.0,0.0,1.0,1.0,1.0,1.0,1.0,0.0,0.0,3.2468,8.4769,22.5489,25.9198,44.2839,32.3993,159.0,159.0,,0.0,0.0,
MCD,267.45001220703125,266.99,2026-08-18,True,266.0898132324219,271.8699951171875,0.17,-16.14,BAJO,189258743808.0,21.73,19.11,-184.96,,13.25,46.48,31.72,3.31,16.28,,1.08,6.0,YAHOO,2.7784,3.5723,2.2491,0.067345,4.819,0.453,71.26,2026-11-05,78,2026-08-04,15.0,yahoo,1.0,0.0,1.0,1.0,1.0,0.0,1.0,1.0,0.0,-2.9924,-2.3905,-4.0056,-4.1083,23.8632,22.9267,276.26,287.93,,-3.189,-7.1128,
SBUX,104.9800033569336,106.01,2026-08-18,True,104.58999633789062,108.23989868164062,-0.97,16.64,BAJO,119677206528.0,60.68,33.7,-15.59,,8.02,12.92,5.17,2.56,24.55,,0.76,5.0,YAHOO,2.7784,3.5723,2.2491,0.067345,4.819,0.453,71.26,2026-10-28,70,2026-07-29,21.0,yahoo,1.0,0.0,1.0,1.0,1.0,0.0,0.0,0.0,1.0,-2.6795,-0.3933,4.9012,-0.7491,13.8404,22.7317,107.93,107.93,,-2.7333,-2.7333,
NKE,41.04999923706055,40.06,2026-08-18,True,40.369998931884766,41.30500030517578,2.47,-48.33,BAJO,60897624064.0,19.55,17.87,4.1,22.14,6.97,12.69,6.7,3.1,12.76,0.74,1.96,4.0,YAHOO,2.7784,3.5723,2.2491,0.067345,4.819,0.453,71.26,2026-09-29,41,,,yahoo,1.0,0.0,1.0,0.0,1.0,0.0,0.0,1.0,0.0,1.333,-3.298,-9.1814,-2.3637,50.1392,35.5196,43.22,46.9499,,-5.0208,-12.5664,
MDLZ,64.16000366210938,62.66,2026-08-18,True,62.83000183105469,64.30000305175781,2.39,1.46,BAJO,81887928320.0,39.12,19.09,3.08,13.34,4.12,21.98,8.86,2.75,16.82,0.83,0.6,5.0,YAHOO,2.7784,3.5723,2.2491,0.067345,4.819,0.453,71.26,2026-10-27,69,2026-07-28,22.0,yahoo,1.0,0.0,1.0,1.0,0.0,0.0,1.0,0.0,1.0,3.1843,2.492,7.6144,5.5601,30.5681,27.7002,64.99,64.99,,-1.2771,-1.2771,
HSY,188.7899932861328,183.45,2026-08-18,True,184.61000061035156,189.80999755859375,2.91,3.47,BAJO,37932752896.0,25.79,19.13,8.31,32.81,9.92,23.12,12.24,4.6,15.82,1.3,1.18,4.0,YAHOO,2.7784,3.5723,2.2491,0.067345,4.819,0.453,71.26,2026-11-05,78,2026-07-30,20.0,yahoo,1.0,0.0,1.0,1.0,0.0,1.0,0.0,0.0,0.0,3.2809,5.9552,5.0601,0.7446,31.65,31.6889,188.79,196.2767,,0.0,-3.8144,
ANF,105.44999694824219,103.38,2026-08-18,True,103.32499694824219,108.0199966430664,2.0,11.06,BAJO,4685323776.0,10.0,8.94,3.5,39.22,12.73,7.98,9.34,6.05,6.5,0.95,1.45,5.0,YAHOO,2.7784,3.5723,2.2491,0.067345,4.819,0.453,71.26,2026-08-26,7,,,yahoo,1.0,0.0,1.0,1.0,0.0,1.0,1.0,0.0,0.0,-6.0412,-3.6546,15.7519,45.8103,32.3555,52.1428,118.53,118.53,,-11.0352,-11.0352,
EBAY,102.63999938964844,102.27,2026-08-18,True,102.5199966430664,105.47000122070312,0.36,1.21,BAJO,45674799104.0,21.52,15.25,9.99,46.61,9.15,21.57,18.57,3.46,15.99,1.53,1.02,5.0,YAHOO,2.7784,3.5723,2.2491,0.067345,4.819,0.453,71.26,2026-11-04,77,2026-08-05,14.0,yahoo,1.0,1.0,1.0,0.0,0.0,0.0,1.0,0.0,1.0,0.3226,-7.6563,-4.8661,-10.0546,25.0579,32.5312,117.44,117.44,,-12.6022,-12.6022,
ABEV,2.809999942779541,2.78,2026-08-18,True,2.7850000858306885,2.8499999046325684,1.08,25.04,BAJO,43330195456.0,14.05,13.11,2.56,18.4,10.3,23.74,18.41,45.83,1.07,0.03,1.02,8.0,YAHOO,2.7784,3.5723,2.2491,0.067345,4.819,0.453,71.26,2026-10-29,71,2026-07-30,20.0,yahoo,1.0,1.0,1.0,1.0,1.0,0.0,1.0,1.0,1.0,-0.3546,-7.2607,-11.9367,-8.2076,16.8654,22.6981,3.14,3.2607,,-10.5096,-13.8218,
UL,63.18000030517578,62.03,2026-08-18,True,62.41999816894531,63.2599983215332,1.85,-12.29,BAJO,136043241472.0,21.06,16.05,7.28,31.87,8.29,20.34,18.32,4.95,15.11,1.75,0.74,7.0,YAHOO,2.7784,3.5723,2.2491,0.067345,4.819,0.453,71.26,2026-10-28,70,2026-07-28,22.0,finnhub,1.0,1.0,1.0,0.0,0.0,1.0,1.0,1.0,1.0,2.3655,-1.1153,8.5559,12.1779,25.5554,28.7438,66.3122,66.3122,,-4.7235,-4.7235,
URBN,74.37999725341797,74.59,2026-08-18,True,73.93499755859375,76.3499984741211,-0.28,-2.26,BAJO,6369537024.0,14.3,10.94,2.44,18.73,8.36,8.96,7.48,0.07,9.47,0.46,1.48,8.0,YAHOO,2.7784,3.5723,2.2491,0.067345,4.819,0.453,71.26,2026-08-26,7,,,yahoo,1.0,1.0,1.0,1.0,0.0,1.0,1.0,1.0,1.0,-3.9886,-4.5064,-2.6695,7.9849,32.5097,39.4408,79.49,79.49,,-6.4285,-6.4285,
CL,90.87000274658203,91.46,2026-08-18,True,90.76000213623047,92.91999816894531,-0.65,4.61,BAJO,72439095296.0,35.92,22.12,306.99,267.37,15.84,20.97,9.68,4.77,15.89,13.88,1.03,5.0,YAHOO,2.7784,3.5723,2.2491,0.067345,4.819,0.453,71.26,2026-10-30,72,2026-07-31,19.0,yahoo,1.0,0.0,1.0,1.0,1.0,0.0,1.0,0.0,0.0,-1.5706,-2.5836,0.8953,1.6358,22.0959,25.4822,93.49,94.5877,,-2.8024,-3.9305,
COST,956.989990234375,961.35,2026-08-18,True,956.0,978.7000122070312,-0.45,-6.85,BAJO,424404779008.0,48.09,42.24,25.67,29.15,8.67,3.67,3.01,1.64,30.65,0.6,1.07,6.0,YAHOO,2.7784,3.5723,2.2491,0.067345,4.819,0.453,71.26,2026-09-24,36,,,yahoo,1.0,0.0,1.0,1.0,1.0,1.0,0.0,1.0,0.0,0.7803,1.5924,0.7422,-12.4103,11.0462,20.5174,974.03,1002.0967,,-1.7494,-4.5012,
KMB,109.87999725341797,107.72,2026-08-18,True,108.33999633789062,110.08000183105469,2.01,-17.14,BAJO,36543782912.0,21.72,14.66,20.88,104.91,10.2,19.0,11.79,2.58,12.14,3.49,0.91,4.0,YAHOO,2.7784,3.5723,2.2491,0.067345,4.819,0.453,71.26,2026-11-03,76,2026-08-04,15.0,yahoo,1.0,0.0,1.0,1.0,1.0,0.0,0.0,0.0,0.0,0.8721,-2.2159,7.1373,15.4652,27.5804,30.6336,113.21,114.74,,-2.9414,-4.2357,
ORLY,91.19999694824219,90.76,2026-08-18,True,90.56999969482422,92.7699966430664,0.48,-15.94,BAJO,73777217536.0,28.95,24.97,-40.55,,13.67,20.15,14.27,2.13,19.84,,0.75,7.0,YAHOO,2.7784,3.5723,2.2491,0.067345,4.819,0.453,71.26,2026-10-28,70,2026-07-29,21.0,yahoo,1.0,0.0,1.0,1.0,1.0,1.0,1.0,1.0,0.0,-0.9234,-2.3973,5.0207,-0.7833,17.3265,31.3784,93.53,93.53,,-2.4912,-2.4912,
PM,189.92999267578125,187.62,2026-08-18,True,186.80540466308594,190.5,1.23,10.23,BAJO,296027422720.0,25.77,20.71,-34.49,,14.59,40.0,25.56,3.28,18.93,,0.98,7.0,YAHOO,2.7784,3.5723,2.2491,0.067345,4.819,0.453,71.26,2026-10-21,63,2026-07-22,28.0,yahoo,1.0,1.0,1.0,1.0,1.0,1.0,0.0,1.0,0.0,2.0087,0.5293,7.3456,-0.0341,34.7363,29.1318,200.17,200.17,,-5.1157,-5.1157,
ETSY,80.45999908447266,79.96,2026-08-18,True,80.41999816894531,82.2750015258789,0.63,20.23,BAJO,7384758784.0,25.46,11.76,-5.33,,10.53,18.74,7.11,2.3,19.84,,1.48,5.0,YAHOO,2.7784,3.5723,2.2491,0.067345,4.819,0.453,71.26,2026-11-04,77,2026-08-05,14.0,yahoo,1.0,0.0,1.0,1.0,1.0,0.0,1.0,0.0,0.0,1.0423,-6.2893,11.4559,37.7504,26.9953,41.4874,86.47,86.47,,-6.9504,-6.9504,
TM,188.77999877929688,188.25,2026-08-18,True,187.19000244140625,190.0749969482422,0.28,-8.86,BAJO,223535382528.0,8.53,11.96,15.26,12.4,2.34,7.86,8.63,-1610.47,6.27,1.15,1.17,3.0,YAHOO,2.7784,3.5723,2.2491,0.067345,4.819,0.453,71.26,2026-11-05,78,2026-08-04,15.0,yahoo,1.0,0.0,1.0,1.0,0.0,0.0,0.0,0.0,0.0,0.2975,1.5547,4.7497,-0.9029,15.7619,25.2411,192.84,192.84,,-2.1054,-2.1054,
HMC,31.90999984741211,31.95,2026-08-18,True,31.510000228881836,32.0,-0.13,-11.2,BAJO,41408720896.0,,,0.53,-0.76,-0.15,8.76,-0.75,646.62,7.16,1.14,1.29,3.0,YAHOO,2.7784,3.5723,2.2491,0.067345,4.819,0.453,71.26,2026-11-05,78,2026-08-05,14.0,yahoo,0.0,0.0,1.0,1.0,0.0,0.0,1.0,0.0,0.0,1.9163,4.281,18.3167,24.3085,10.33,32.9878,31.95,31.95,,-0.1252,-0.1252,
NSANY,4.059999942779541,4.16,2026-08-18,True,4.039999961853027,4.099999904632568,-2.4,-19.92,BAJO,7097656320.0,,4.72,0.23,-7.65,0.69,2.63,-3.37,-19155.38,15.32,1.72,1.54,4.0,YAHOO,2.7784,3.5723,2.2491,0.067345,4.819,0.453,71.26,2026-11-04,77,2026-08-03,16.0,finnhub,0.0,1.0,1.0,1.0,0.0,1.0,0.0,0.0,0.0,-4.2453,-3.3333,-9.9778,-13.0621,19.3348,44.7848,4.51,5.08,,-9.9778,-20.0787,
GM,84.95999908447266,83.71,2026-08-18,True,84.11699676513672,86.09500122070312,1.49,47.39,BAJO,76842196992.0,37.93,5.78,1.2,3.16,2.25,3.2,1.05,28.54,10.95,2.02,1.14,5.0,YAHOO,2.7784,3.5723,2.2491,0.067345,4.819,0.453,71.26,2026-10-20,62,2026-07-21,29.0,yahoo,1.0,0.0,1.0,1.0,0.0,1.0,1.0,0.0,0.0,-2.0747,-4.7106,7.151,17.23,29.0312,33.115,90.3,90.3,,-5.9136,-5.9136,
ARCO,7.78000020980835,7.7,2026-08-18,True,7.730000019073486,7.869900226593018,1.04,10.21,BAJO,1638958592.0,6.33,9.14,1.97,36.36,6.91,5.56,5.16,7.86,5.82,2.64,0.88,6.0,YAHOO,2.7784,3.5723,2.2491,0.067345,4.819,0.453,71.26,2026-11-10,83,2026-08-13,6.0,finnhub,1.0,1.0,1.0,1.0,0.0,1.0,1.0,0.0,0.0,-1.519,-8.1464,-8.2547,-2.7977,26.9498,26.5328,8.47,8.8271,,-8.1464,-11.8627,
HD,344.29998779296875,337.49,2026-08-18,True,341.4200134277344,350.3999938964844,2.02,-15.65,BAJO,,24.11,21.45,24.74,128.38,12.52,11.93,8.41,,15.98,4.59,1.04,4.0,YAHOO,2.7784,3.5723,2.2491,0.067345,4.819,0.453,71.26,2026-11-17,90,2026-08-18,1.0,yahoo,1.0,0.0,1.0,1.0,1.0,0.0,0.0,0.0,0.0,0.2533,-2.5033,2.9975,14.6946,19.8834,28.3773,355.62,357.9,,-3.1832,-3.7999,
DIS,106.93000030517578,103.95,2026-08-18,True,103.9800033569336,107.05999755859375,2.87,-10.95,BAJO,184634621952.0,22.05,14.39,1.68,8.01,4.81,19.3,8.7,2.63,11.08,0.39,0.71,8.0,YAHOO,2.7784,3.5723,2.2491,0.067345,4.819,0.453,71.26,2026-11-12,85,2026-08-05,14.0,yahoo,1.0,1.0,1.0,1.0,1.0,0.0,1.0,1.0,1.0,3.5943,5.0806,3.7148,5.3371,41.9372,26.9987,106.93,106.93,,0.0,0.0,
JNJ,273.4100036621094,271.11,2026-08-18,True,270.55999755859375,276.4700012207031,0.85,53.07,BAJO,658890358784.0,31.72,22.21,7.75,25.74,8.6,29.19,21.48,2.56,19.7,0.58,1.09,3.0,YAHOO,2.7784,3.5723,2.2491,0.067345,4.819,0.453,71.26,2026-10-13,55,,,yahoo,1.0,1.0,1.0,0.0,0.0,0.0,0.0,0.0,0.0,4.811,6.1415,19.7119,19.5576,26.3116,25.5695,273.41,273.41,,0.0,0.0,
LLY,1280.3399658203125,1225.73,2026-08-18,True,1240.5400390625,1292.6500244140625,4.46,79.01,BAJO,1141732147200.0,42.98,27.05,33.69,102.29,20.36,54.22,33.53,0.97,28.46,1.62,1.35,7.0,YAHOO,2.7784,3.5723,2.2491,0.067345,4.819,0.453,71.26,2026-10-29,71,2026-08-05,14.0,yahoo,1.0,1.0,1.0,0.0,0.0,1.0,1.0,1.0,1.0,5.0722,9.6007,16.7131,25.5299,49.1133,35.3418,1280.34,1280.34,,0.0,0.0,
NVO,46.47999954223633,45.71,2026-08-18,True,45.840999603271484,47.189998626708984,1.68,-13.76,BAJO,205538033664.0,11.45,13.64,6.63,59.81,18.73,42.54,35.35,18.33,1.73,0.63,0.87,4.0,YAHOO,2.7784,3.5723,2.2491,0.067345,4.819,0.453,71.26,2026-11-04,77,2026-08-04,15.0,yahoo,1.0,0.0,1.0,1.0,0.0,1.0,0.0,0.0,0.0,1.4743,5.7129,8.9927,6.3097,29.2083,38.9539,50.9588,50.9588,,-8.7891,-8.7891,
AMGN,442.3599853515625,425.28,2026-08-18,True,429.510009765625,443.19000244140625,4.02,50.07,BAJO,239316746240.0,26.38,18.13,20.46,91.47,8.67,35.55,22.95,3.61,16.36,4.9,1.37,7.0,YAHOO,2.7784,3.5723,2.2491,0.067345,4.819,0.453,71.26,2026-11-03,76,2026-08-04,15.0,yahoo,1.0,1.0,1.0,1.0,1.0,0.0,0.0,1.0,1.0,6.2905,8.4668,29.4737,36.3667,30.5487,27.6636,442.36,442.36,,0.0,0.0,
UNH,388.6099853515625,393.93,2026-08-18,True,386.3500061035156,396.7998962402344,-1.35,29.44,BAJO,348814311424.0,25.32,17.32,3.57,14.15,4.87,7.13,3.14,6.96,14.92,0.69,0.78,6.0,YAHOO,2.7784,3.5723,2.2491,0.067345,4.819,0.453,71.26,2026-10-27,69,,,yahoo,1.0,0.0,1.0,1.0,1.0,0.0,1.0,0.0,1.0,-4.1865,-5.8486,-3.0801,0.4084,15.9763,25.4452,428.79,436.35,,-9.3706,-10.9408,
PFE,28.239999771118164,27.25,2026-08-18,True,27.579999923706055,28.434999465942383,3.63,15.44,BAJO,160958775296.0,37.16,9.75,1.89,5.01,5.78,27.88,6.8,7.76,8.39,0.74,1.27,5.0,YAHOO,2.7784,3.5723,2.2491,0.067345,4.819,0.453,71.26,2026-11-03,76,2026-08-04,15.0,yahoo,1.0,0.0,1.0,1.0,0.0,0.0,0.0,1.0,1.0,7.3356,9.415,13.9787,11.9798,26.3157,22.2649,28.24,28.24,,0.0,0.0,
ABT,114.43000030517578,112.68,2026-08-18,True,112.91000366210938,115.66000366210938,1.55,-15.24,BAJO,198007767040.0,36.44,18.87,3.87,10.58,5.33,14.71,11.65,3.64,19.33,0.63,1.38,5.0,YAHOO,2.7784,3.5723,2.2491,0.067345,4.819,0.453,71.26,2026-10-14,56,,,yahoo,1.0,0.0,1.0,1.0,1.0,0.0,0.0,1.0,0.0,3.1737,8.249,30.3542,29.7525,21.3103,33.3409,114.43,114.43,,0.0,0.0,
CVS,93.6500015258789,94.91,2026-08-18,True,93.2699966430664,95.91000366210938,-1.33,32.8,BAJO,119775576064.0,24.71,11.01,1.5,6.21,2.97,3.86,1.18,6.74,10.93,0.96,0.87,6.0,YAHOO,2.7784,3.5723,2.2491,0.067345,4.819,0.453,71.26,2026-10-28,70,2026-08-05,14.0,yahoo,1.0,0.0,1.0,1.0,1.0,1.0,0.0,0.0,1.0,-1.1296,-5.5186,-4.1601,0.0529,38.8498,27.5287,109.34,109.9195,,-14.3497,-14.8013,
ABBV,265.9700012207031,258.92,2026-08-18,True,259.8500061035156,266.9200134277344,2.72,27.48,BAJO,470000205824.0,74.92,16.34,-79.18,,10.51,40.03,9.8,3.59,17.37,,0.81,7.0,YAHOO,2.7784,3.5723,2.2491,0.067345,4.819,0.453,71.26,2026-10-29,71,2026-07-31,19.0,yahoo,1.0,0.0,1.0,1.0,1.0,1.0,0.0,1.0,1.0,6.9183,8.0301,23.73,25.3102,30.0102,29.8776,265.97,265.97,,0.0,0.0,
TMO,613.5399780273438,589.04,2026-08-18,True,594.9949951171875,620.4749755859375,4.16,20.81,BAJO,226854748160.0,33.07,22.3,4.31,13.51,5.13,18.75,15.04,2.75,22.61,0.81,1.55,5.0,YAHOO,2.7784,3.5723,2.2491,0.067345,4.819,0.453,71.26,2026-10-21,63,2026-07-23,27.0,yahoo,1.0,0.0,1.0,1.0,0.0,1.0,1.0,0.0,0.0,1.7462,6.18,32.0548,37.1463,38.0568,35.0979,613.54,613.54,,0.0,0.0,
AZN,164.9499969482422,160.1,2026-08-18,True,162.0,165.91000366210938,3.03,-0.14,BAJO,255818629120.0,24.69,14.24,5.09,21.96,8.02,23.46,17.02,1.92,14.23,0.64,0.89,7.0,YAHOO,2.7784,3.5723,2.2491,0.067345,4.819,0.453,71.26,2026-10-30,72,2026-07-27,23.0,yahoo,1.0,1.0,1.0,1.0,1.0,1.0,0.0,1.0,0.0,4.0694,2.1362,-6.9499,-10.8186,25.6033,36.3752,173.3,195.15,,-4.8182,-15.4753,
CAH,234.85000610351562,234.98,2026-08-18,True,232.33999633789062,238.06500244140625,-0.06,51.51,BAJO,54620409856.0,32.44,16.75,-18.98,,3.72,1.33,0.67,8.7,14.12,,0.88,6.0,YAHOO,2.7784,3.5723,2.2491,0.067345,4.819,0.453,71.26,2026-11-05,78,2026-08-11,8.0,yahoo,1.0,1.0,1.0,1.0,0.0,0.0,1.0,1.0,0.0,0.2947,-1.8309,3.9581,21.083,14.2181,22.4627,240.26,240.26,,-2.2517,-2.2517,
ISRG,397.7200012207031,391.18,2026-08-18,True,394.0,405.2200012207031,1.67,-20.85,BAJO,142494351360.0,45.61,32.95,7.75,17.42,10.51,33.6,28.45,1.84,32.39,,4.96,7.0,YAHOO,2.7784,3.5723,2.2491,0.067345,4.819,0.453,71.26,2026-10-20,62,,,yahoo,1.0,1.0,1.0,1.0,0.0,1.0,1.0,0.0,1.0,-0.8847,6.0021,-2.2272,-9.9325,23.5825,48.1072,401.27,436.64,,-0.8847,-8.9135,
MRNA,174.3800048828125,62.96,2026-08-18,True,114.45999908447266,176.65989685058594,176.97,544.86,BAJO,69618761728.0,,-35.62,10.29,-39.0,-13.26,-557.93,-141.43,0.43,-29.96,0.19,2.29,3.0,YAHOO,2.7784,3.5723,2.2491,0.067345,4.819,0.453,71.26,2026-11-05,78,2026-07-31,19.0,yahoo,0.0,1.0,0.0,1.0,0.0,0.0,0.0,1.0,0.0,173.881,209.9813,172.6392,281.4086,1407.6725,372.2976,174.38,174.38,,0.0,0.0,
NVS,160.30999755859375,154.55,2026-08-18,True,156.19000244140625,160.80999755859375,3.73,26.18,BAJO,304703602688.0,24.25,16.34,7.33,30.35,10.25,34.62,22.5,3.91,15.0,1.17,0.86,8.0,YAHOO,2.7784,3.5723,2.2491,0.067345,4.819,0.453,71.26,2026-10-27,69,2026-07-21,29.0,yahoo,1.0,1.0,1.0,1.0,0.0,1.0,1.0,1.0,1.0,5.2455,3.8008,5.7733,7.0375,28.6609,27.1272,160.31,160.31,,0.0,0.0,
PHG,27.6200008392334,27.1,2026-08-18,True,27.229999542236328,27.641000747680664,1.92,-0.26,BAJO,26996547584.0,20.92,14.51,2.04,10.15,4.07,13.99,6.31,5.66,13.54,0.65,1.26,7.0,YAHOO,2.7784,3.5723,2.2491,0.067345,4.819,0.453,71.26,2026-11-03,76,2026-07-27,23.0,finnhub,1.0,1.0,1.0,1.0,0.0,1.0,0.0,1.0,1.0,3.0597,3.8736,3.4845,8.3137,25.3298,26.9685,27.62,28.23,,0.0,-2.1608,
MRK,152.1999969482422,135.17,2026-08-18,True,144.89999389648438,153.47000122070312,12.6,82.15,BAJO,375503519744.0,122.74,15.92,8.96,6.96,11.87,-0.24,4.77,4.04,14.63,1.28,1.32,4.0,YAHOO,2.7784,3.5723,2.2491,0.067345,4.819,0.453,71.26,2026-10-29,71,2026-08-04,15.0,yahoo,1.0,0.0,1.0,0.0,0.0,1.0,1.0,0.0,0.0,14.505,18.6005,33.6612,34.1864,100.8948,37.4189,152.2,152.2,,0.0,0.0,
GILD,147.60000610351562,143.44,2026-08-18,True,144.3000030517578,148.97000122070312,2.9,23.92,BAJO,183017390080.0,,14.92,15.48,-20.68,14.09,33.68,-10.64,5.34,13.99,2.23,1.26,8.0,YAHOO,2.7784,3.5723,2.2491,0.067345,4.819,0.453,71.26,2026-10-29,71,2026-08-04,15.0,yahoo,1.0,1.0,1.0,1.0,1.0,0.0,1.0,1.0,1.0,8.6333,12.0219,19.2631,13.8468,25.7673,30.5887,147.6,147.6,,0.0,0.0,
BMY,67.61000061035156,66.05,2026-08-18,True,66.62000274658203,68.63999938964844,2.36,43.19,BAJO,138107944960.0,14.89,10.31,6.19,46.6,10.72,34.42,18.87,5.88,9.09,2.02,1.53,8.0,YAHOO,2.7784,3.5723,2.2491,0.067345,4.819,0.453,71.26,2026-10-29,71,2026-07-30,20.0,yahoo,1.0,1.0,1.0,1.0,1.0,1.0,0.0,1.0,1.0,6.1381,6.2549,23.6852,19.3041,26.6002,30.6923,67.61,67.61,,0.0,0.0,
HIMS,31.09000015258789,27.39,2026-08-18,True,27.43000030517578,31.270000457763672,13.51,-31.97,BAJO,7253713920.0,,27.9,22.38,-32.03,-2.21,-12.75,-5.51,11.71,-782.05,4.77,0.93,4.0,YAHOO,2.7784,3.5723,2.2491,0.067345,4.819,0.453,71.26,2026-11-09,82,2026-08-10,9.0,yahoo,1.0,0.0,1.0,1.0,0.0,1.0,0.0,0.0,0.0,3.7371,-1.7694,-12.3485,38.5472,125.9852,91.4953,32.74,38.28,,-5.0397,-18.7827,
CAT,816.1500244140625,840.87,2026-08-18,True,805.6799926757812,848.944580078125,-2.94,92.16,BAJO,375163650048.0,35.16,25.28,19.34,56.97,9.03,22.18,14.51,1.35,25.5,2.33,1.37,6.0,YAHOO,2.7784,3.5723,2.2491,0.067345,4.819,0.453,71.26,2026-10-29,71,2026-08-04,15.0,yahoo,1.0,0.0,1.0,1.0,1.0,1.0,1.0,0.0,0.0,-4.6108,-6.306,-17.0575,-4.9394,53.2906,48.0146,894.54,1062.9282,,-8.7632,-23.2168,
GE,356.2300109863281,375.09,2026-08-18,True,355.9800109863281,374.55499267578125,-5.03,30.74,BAJO,369610883072.0,44.25,39.25,20.95,48.23,5.07,20.57,17.72,1.78,33.1,1.13,0.98,6.0,YAHOO,2.7784,3.5723,2.2491,0.067345,4.819,0.453,71.26,2026-10-20,62,,,yahoo,1.0,1.0,1.0,0.0,0.0,0.0,1.0,1.0,1.0,-2.4909,-6.5553,-0.2701,25.026,51.8728,30.9258,381.22,381.22,,-6.5553,-6.5553,
LMT,589.1500244140625,607.17,2026-08-18,True,589.0399780273438,606.0650024414062,-2.97,32.02,BAJO,135970373632.0,21.71,18.01,15.45,89.17,8.64,11.96,8.16,4.09,15.78,2.34,1.19,6.0,YAHOO,2.7784,3.5723,2.2491,0.067345,4.819,0.453,71.26,2026-10-20,62,2026-07-23,27.0,yahoo,1.0,0.0,1.0,1.0,1.0,0.0,1.0,1.0,0.0,-2.8959,1.9997,15.3048,12.6041,43.6276,35.8079,608.68,608.68,,-3.2086,-3.2086,
RTX,220.35000610351562,225.49,2026-08-18,True,220.22000122070312,226.3800048828125,-2.28,39.17,BAJO,296978513920.0,39.7,28.05,4.47,12.27,4.21,12.7,8.28,3.33,20.72,0.57,1.01,8.0,YAHOO,2.7784,3.5723,2.2491,0.067345,4.819,0.453,71.26,2026-10-20,62,2026-07-23,27.0,yahoo,1.0,1.0,1.0,1.0,1.0,1.0,0.0,1.0,1.0,-0.7533,-0.5524,19.1175,27.2296,29.9655,29.5666,225.49,225.49,,-2.2795,-2.2795,
UAL,115.77999877929688,118.72,2026-08-18,True,115.69000244140625,119.80999755859375,-2.48,12.33,BAJO,37578682368.0,11.11,7.5,2.25,23.25,3.38,5.53,5.56,2.42,7.7,2.02,0.78,7.0,YAHOO,2.7784,3.5723,2.2491,0.067345,4.819,0.453,71.26,2026-10-21,63,,,yahoo,1.0,1.0,1.0,1.0,1.0,0.0,1.0,0.0,1.0,-7.4648,-12.79,-0.0432,25.0999,14.7235,49.1922,132.76,136.11,,-12.79,-14.9364,
F,14.5,13.93,2026-08-18,True,14.050000190734863,14.5,4.09,28.45,BAJO,57820139520.0,,7.58,1.62,-18.25,0.35,1.88,-3.94,-13.73,26.04,4.57,1.09,2.0,YAHOO,2.7784,3.5723,2.2491,0.067345,4.819,0.453,71.26,2026-10-22,64,2026-07-28,22.0,yahoo,0.0,0.0,1.0,1.0,0.0,0.0,0.0,0.0,0.0,4.8445,3.7299,4.2464,12.2285,49.6834,35.2092,15.1163,17.2531,,-4.077,-15.9573,
AAL,13.859999656677246,14.05,2026-08-18,True,13.789999961853027,14.145000457763672,-1.35,4.65,BAJO,9174902784.0,,5.67,-2.31,,1.12,2.81,-0.56,5.66,10.84,,0.53,4.0,YAHOO,2.7784,3.5723,2.2491,0.067345,4.819,0.453,71.26,2026-10-22,64,2026-07-23,27.0,yahoo,1.0,0.0,1.0,1.0,0.0,0.0,0.0,0.0,1.0,-7.1668,-16.4053,-13.3208,14.9254,11.2969,51.9938,16.58,18.15,,-16.4053,-23.6364,
UNP,301.79998779296875,298.74,2026-08-18,True,300.8550109863281,307.57501220703125,1.02,33.13,BAJO,179291979776.0,24.22,21.32,9.23,39.7,9.27,40.98,28.85,2.63,16.17,1.51,0.99,8.0,YAHOO,2.7784,3.5723,2.2491,0.067345,4.819,0.453,71.26,2026-10-22,64,2026-07-23,27.0,yahoo,1.0,1.0,1.0,1.0,1.0,1.0,1.0,1.0,0.0,2.7474,2.1181,16.9541,10.2635,24.4497,25.9084,307.32,307.32,,-1.7962,-1.7962,
FDX,328.3800048828125,328.38,2026-08-18,True,327.05999755859375,338.0199890136719,0.0,79.22,BAJO,77717839872.0,17.7,15.76,2.49,14.85,5.01,11.13,4.68,7.28,9.04,1.36,1.48,5.0,YAHOO,2.7784,3.5723,2.2491,0.067345,4.819,0.453,71.26,2026-10-28,70,,,yahoo,1.0,0.0,1.0,1.0,0.0,1.0,0.0,1.0,0.0,0.4927,5.6836,1.0462,9.0886,9.2727,29.9741,339.35,339.35,,-3.2327,-3.2327,
PCAR,127.47000122070312,128.02,2026-08-18,True,127.05999755859375,129.1696014404297,-0.43,29.4,BAJO,67095740416.0,26.95,17.86,3.3,12.76,4.12,12.02,9.0,2.9,22.39,0.73,5.52,4.0,YAHOO,2.7784,3.5723,2.2491,0.067345,4.819,0.453,71.26,2026-10-27,69,2026-07-28,22.0,yahoo,1.0,0.0,1.0,1.0,0.0,1.0,0.0,0.0,0.0,-2.7392,-4.1491,8.9207,14.4408,16.5995,30.6864,137.845,137.845,,-7.5266,-7.5266,
MMM,180.66000366210938,180.94,2026-08-18,True,179.89999389648438,183.42999267578125,-0.15,15.29,BAJO,93170417664.0,32.15,18.48,31.56,81.89,8.74,20.35,11.9,6.82,15.58,4.38,1.24,5.0,YAHOO,2.7784,3.5723,2.2491,0.067345,4.819,0.453,71.26,2026-10-20,62,2026-07-21,29.0,yahoo,1.0,0.0,1.0,0.0,0.0,1.0,1.0,0.0,1.0,-1.6977,-0.7799,12.4907,21.5816,11.8724,24.8886,183.78,183.78,,-1.6977,-1.6977,
PAC,206.35000610351562,204.63,2026-08-18,True,204.39500427246094,208.30499267578125,0.84,-21.16,BAJO,12278201344.0,19.02,19.05,579.19,28.03,10.47,44.16,30.83,56.18,81.24,1.18,0.74,7.0,YAHOO,2.7784,3.5723,2.2491,0.067345,4.819,0.453,71.26,2026-10-19,61,,,yahoo,1.0,1.0,1.0,1.0,0.0,1.0,1.0,0.0,1.0,-4.0054,-5.1352,-18.8589,-15.8545,12.8894,30.5494,222.7,254.56,,-7.3417,-18.9386,
GT,5.989999771118164,5.93,2026-08-18,True,5.894999980926514,6.135000228881836,1.01,-31.38,BAJO,1724513408.0,,10.62,0.61,-61.53,0.65,-0.96,-14.37,30.49,8.99,2.74,1.09,5.0,YAHOO,2.7784,3.5723,2.2491,0.067345,4.819,0.453,71.26,2026-11-03,76,2026-08-05,14.0,yahoo,0.0,0.0,1.0,1.0,1.0,1.0,0.0,0.0,1.0,-0.8278,-13.6888,-9.1047,3.4542,20.1296,48.4668,7.36,7.36,,-18.6141,-18.6141,
BA,222.1999969482422,223.06,2026-08-18,True,220.1999969482422,224.1999969482422,-0.39,-5.15,BAJO,175620227072.0,79.64,53.92,28.8,173.54,-1.98,0.0,2.59,3.2,-70.59,7.91,1.14,6.0,YAHOO,2.7784,3.5723,2.2491,0.067345,4.819,0.453,71.26,2026-10-28,70,2026-07-28,22.0,yahoo,1.0,1.0,1.0,0.0,1.0,0.0,0.0,1.0,1.0,-3.8927,-7.4899,-0.2335,3.344,20.6272,38.0143,240.19,240.19,,-7.4899,-7.4899,
HON,221.72999572753906,227.71,2026-08-18,True,221.49000549316406,227.0,-2.63,1.76,BAJO,70275104768.0,8.53,22.09,3.79,46.58,5.72,20.25,21.58,3.71,11.32,1.85,1.21,5.0,YAHOO,2.7784,3.5723,2.2491,0.067345,4.819,0.453,71.26,2026-10-22,64,2026-07-23,27.0,yahoo,1.0,0.0,1.0,1.0,0.0,0.0,1.0,0.0,1.0,-5.5004,-10.3678,-7.2421,-2.3828,20.4068,37.8953,248.0457,248.7136,,-10.6092,-10.8493,
MOS,22.229999542236328,21.14,2026-08-18,True,21.6200008392334,22.530000686645508,5.16,-32.73,BAJO,7066820096.0,,13.23,0.62,-5.07,1.24,-0.12,-5.21,-10.56,7.58,0.52,1.34,7.0,YAHOO,2.7784,3.5723,2.2491,0.067345,4.819,0.453,71.26,2026-11-03,76,2026-08-04,15.0,yahoo,1.0,1.0,1.0,1.0,0.0,1.0,0.0,1.0,1.0,-1.6372,-5.0406,-2.9258,4.9346,49.58,46.8792,23.47,24.06,,-5.2833,-7.606,
BG,114.0,114.36,2026-08-18,True,113.77529907226562,116.01499938964844,-0.31,38.32,BAJO,21901580288.0,24.57,10.05,1.37,7.18,3.47,4.62,1.1,-29.57,12.68,0.98,1.57,3.0,YAHOO,2.7784,3.5723,2.2491,0.067345,4.819,0.453,71.26,2026-11-03,76,2026-07-29,21.0,finnhub,1.0,0.0,1.0,1.0,0.0,0.0,0.0,0.0,0.0,2.6566,7.5959,1.8998,-5.604,10.1427,34.657,121.5337,130.5866,,-6.1989,-12.7016,
RKLB,75.83999633789062,79.16,2026-08-18,True,73.87159729003906,77.5999984741211,-4.19,82.75,BAJO,48492929024.0,,1516.8,19.28,-7.92,-4.62,-24.57,-21.51,-0.52,-287.07,0.04,5.48,5.0,YAHOO,2.7784,3.5723,2.2491,0.067345,4.819,0.453,71.26,2026-11-09,82,2026-08-10,9.0,yahoo,0.0,1.0,0.0,1.0,1.0,1.0,0.0,1.0,0.0,-6.5665,1.3633,-29.2801,-40.4289,48.9295,95.0808,82.83,150.23,,-8.439,-49.5174,
ONDS,8.899999618530273,9.06,2026-08-18,True,8.619999885559082,8.989999771118164,-1.77,142.9,BAJO,5077915648.0,,-445.0,3.0,19.32,-8.37,-166.3,96.25,-1.36,-20.71,0.03,9.85,5.0,YAHOO,2.7784,3.5723,2.2491,0.067345,4.819,0.453,71.26,2026-11-12,85,2026-08-13,6.0,yahoo,0.0,1.0,0.0,1.0,1.0,1.0,0.0,1.0,0.0,-8.9048,0.3382,-3.9914,-2.4658,44.9253,101.7968,9.77,13.58,,-8.9048,-34.4624,
SMSN.IL,4556.0,4556.0,2026-08-17,False,4506.0,4790.0,-10.23,264.03,BAJO,,47.59,73.18,0.0,10.64,2.3,6.08,13.13,,-1.44,0.03,2.88,6.0,YAHOO,2.7784,3.5723,2.2491,0.067345,4.819,0.453,71.26,2026-10-28,70,,,yahoo,1.0,1.0,1.0,1.0,0.0,0.0,0.0,1.0,1.0,5.9042,2.5203,-20.2102,-3.8413,117.6686,87.0054,5075.0,6010.0,6010.0,-10.2266,-24.193,-24.193
ADS.DE,154.6999969482422,154.7,2026-08-17,False,150.6999969482422,154.6999969482422,1.38,-10.54,BAJO,27292301312.0,19.99,13.37,4.58,24.32,6.7,8.51,5.3,3.49,12.05,0.94,1.39,6.0,YAHOO,2.7784,3.5723,2.2491,0.067345,4.819,0.453,71.26,2026-10-29,71,,,yahoo,1.0,1.0,1.0,0.0,0.0,1.0,0.0,1.0,1.0,-4.6239,-3.7037,-10.6297,5.4174,31.3979,37.6483,182.25,187.9,,-15.1166,-17.669,
BAYN.DE,48.7400016784668,48.74,2026-08-17,False,47.72999954223633,49.220001220703125,1.75,70.38,BAJO,48148602880.0,,10.27,1.63,-5.69,3.18,9.19,-3.83,13.63,8.05,1.29,1.04,6.0,YAHOO,2.7784,3.5723,2.2491,0.067345,4.819,0.453,71.26,2026-11-03,76,,,yahoo,0.0,0.0,1.0,1.0,1.0,0.0,1.0,1.0,1.0,-0.429,1.0155,28.8055,25.2634,15.5029,52.2206,49.81,53.36,53.36,-2.1482,-8.6582,-8.6582
RIOT,19.3799991607666,18.91,2026-08-18,True,17.86199951171875,19.88800048828125,2.49,51.16,BAJO,7272518144.0,,-20.73,3.07,-48.24,-21.2,-122.33,-196.28,-9.88,-8.54,0.4,1.58,2.0,YAHOO,2.7784,3.5723,2.2491,0.067345,4.819,0.453,71.26,2026-10-29,71,2026-08-05,14.0,yahoo,0.0,0.0,0.0,0.0,0.0,0.0,0.0,1.0,1.0,-4.626,-9.8605,-31.032,-14.4182,75.4037,90.5784,23.86,28.69,,-18.7762,-32.4503,
OKLO,42.939998626708984,41.36,2026-08-18,True,40.29999923706055,43.0099983215332,3.82,-39.13,BAJO,7987597312.0,,-42.76,2.43,-7.7,-6.65,-6048.76,0.0,-3.0,-25.49,0.0,48.46,4.0,YAHOO,2.7784,3.5723,2.2491,0.067345,4.819,0.453,71.26,2026-11-09,82,2026-08-07,12.0,finnhub,0.0,1.0,0.0,1.0,1.0,1.0,0.0,0.0,0.0,-4.8527,-0.1163,-29.8022,-23.1568,67.7347,85.1184,48.42,73.47,,-11.3176,-41.5544,
SATL,5.53000020980835,5.74,2026-08-18,True,5.360000133514404,5.829999923706055,-3.66,60.95,BAJO,850181696.0,,-184.33,12.4,,-9.86,1.67,0.0,-2.22,-53.55,2.85,2.34,4.0,YAHOO,2.7784,3.5723,2.2491,0.067345,4.819,0.453,71.26,2026-11-09,82,2026-08-05,14.0,finnhub,0.0,1.0,0.0,0.0,1.0,1.0,0.0,1.0,0.0,-7.5251,14.7303,-8.2919,-42.7536,25.1535,112.4717,5.98,10.74,,-7.5251,-48.5102,
JMIA,6.730000019073486,6.34,2026-08-18,True,6.349999904632568,6.769999980926514,6.15,-11.06,BAJO,838341760.0,,-19.79,63.49,-216.21,-25.23,-23.8,-27.54,-3.32,-14.94,37.95,0.88,3.0,YAHOO,2.7784,3.5723,2.2491,0.067345,4.819,0.453,71.26,2026-11-11,84,2026-08-12,7.0,yahoo,0.0,1.0,0.0,1.0,0.0,0.0,0.0,0.0,1.0,5.1562,14.6508,-4.4034,-2.3222,43.9948,59.4582,6.73,7.43,,0.0,-9.4213,
LAR,6.190000057220459,6.16,2026-08-18,True,5.980000019073486,6.360000133514404,0.49,96.04,BAJO,1015779008.0,,19.2,1.29,-6.58,-2.05,0.0,0.0,-1.61,-32.77,0.3,0.47,1.0,YAHOO,2.7784,3.5723,2.2491,0.067345,4.819,0.453,71.26,2026-11-09,82,2026-08-11,8.0,yahoo,0.0,0.0,0.0,1.0,0.0,0.0,0.0,0.0,0.0,-9.1043,-2.5197,-32.1272,-30.9922,56.9829,68.254,7.1,10.86,,-12.8169,-43.0018,
NG,8.460000038146973,7.41,2026-08-18,True,7.860000133514404,8.479999542236328,14.17,39.27,BAJO,3712083968.0,,-35.77,8.81,-24.63,-4.36,0.0,0.0,-0.64,-108.64,0.41,112.82,4.0,YAHOO,2.7784,3.5723,2.2491,0.067345,4.819,0.453,71.26,2026-09-30,42,,,yahoo,0.0,1.0,0.0,1.0,1.0,1.0,0.0,0.0,0.0,7.4968,22.7867,4.4444,5.618,132.0464,86.6703,8.46,8.57,,0.0,-1.2835,
PBI,16.09000015258789,16.17,2026-08-18,True,16.079999923706055,16.280000686645508,-0.49,42.58,BAJO,2205781504.0,13.19,8.83,-2.55,,8.41,21.68,10.04,10.6,7.78,,0.73,7.0,YAHOO,2.7784,3.5723,2.2491,0.067345,4.819,0.453,71.26,2026-10-27,69,2026-07-29,21.0,finnhub,1.0,1.0,1.0,1.0,0.0,0.0,1.0,1.0,1.0,-3.0723,-11.5689,-7.6319,3.4051,22.664,28.9165,18.354,18.4037,,-12.3353,-12.5721,
AXIA,9.529999732971191,9.53,2026-08-14,False,9.267999649047852,9.600000381469727,-0.31,-6.29,BAJO,23290886144.0,10.02,10.99,1.22,10.01,3.05,43.79,27.05,16.97,4.39,0.63,2.05,6.0,YAHOO,2.7784,3.5723,2.2491,0.067345,4.819,0.453,71.26,2026-11-04,77,2026-08-05,14.0,yahoo,1.0,0.0,1.0,1.0,0.0,0.0,1.0,1.0,1.0,-2.6558,,,,59.054,,,,,,,
TEM,61.25,49.36,2026-08-18,True,54.810001373291016,61.97999954223633,24.09,-20.05,BAJO,11051628544.0,,-4029.61,24.79,-67.44,-8.55,-20.11,-17.77,-0.85,-60.4,3.25,3.3,4.0,YAHOO,2.7784,3.5723,2.2491,0.067345,4.819,0.453,71.26,2026-11-03,76,2026-07-30,20.0,yahoo,0.0,1.0,0.0,1.0,0.0,1.0,0.0,1.0,0.0,12.1589,31.1563,20.476,34.5267,217.3428,91.8952,61.25,61.6,,0.0,-0.5682,
MRSH,189.1999969482422,186.37,2026-08-18,True,186.27699279785156,191.63499450683594,1.52,-12.73,BAJO,90288373760.0,23.13,16.59,5.96,25.9,7.24,26.32,14.24,5.3,14.34,1.45,1.14,6.0,YAHOO,2.7784,3.5723,2.2491,0.067345,4.819,0.453,71.26,2026-10-15,57,2026-07-21,29.0,yahoo,1.0,0.0,1.0,1.0,1.0,0.0,1.0,0.0,1.0,0.18,-1.1856,15.2113,13.9896,25.2065,29.011,197.59,197.59,,-4.2462,-4.2462,
CEPU,12.899999618530273,12.77,2026-08-18,True,12.819999694824219,13.145000457763672,1.02,13.85,BAJO,1934822400.0,6.06,7.73,1.0,18.83,7.51,25.61,28.69,-34128.56,1.58,0.33,1.28,7.0,YAHOO,2.7784,3.5723,2.2491,0.067345,4.819,0.453,71.26,2026-11-11,84,2026-08-11,8.0,yahoo,1.0,1.0,1.0,1.0,0.0,1.0,1.0,0.0,1.0,-2.7883,-9.7271,-17.8867,-9.9162,21.145,44.0561,15.5,16.01,,-16.7742,-19.4254,
BMA,75.22000122070312,76.08,2026-08-18,True,73.95500183105469,77.4749984741211,-1.13,13.87,BAJO,4809494016.0,19.9,7.07,13.68,10.82,2.98,69.1,7.58,,,,,5.0,YAHOO,2.7784,3.5723,2.2491,0.067345,4.819,0.453,71.26,2026-08-19,0,,,yahoo,,,,,,,,,,-5.7394,-16.021,-21.8101,8.3266,38.3142,53.2044,94.23,101.0828,,-20.174,-25.5858,
SUPV,7.650000095367432,7.72,2026-08-18,True,7.579999923706055,7.842899799346924,-0.91,-21.73,BAJO,722987776.0,,6.23,0.84,-8.01,-1.15,3.31,-11.23,,,,,2.0,YAHOO,2.7784,3.5723,2.2491,0.067345,4.819,0.453,71.26,,999,2026-08-10,9.0,yahoo,0.0,0.0,1.0,1.0,0.0,0.0,0.0,0.0,0.0,-7.6087,-14.8107,-32.7768,4.0816,28.6183,64.9928,10.05,11.38,,-23.8806,-32.7768,
PAMP,5005.0,4955.0,2026-08-18,True,4932.5,5100.0,1.01,31.64,BAJO,,,,,,,,,,,,,,YAHOO,2.7784,3.5723,2.2491,0.067345,4.819,0.453,71.26,,999,,,none,,,,,,,,,,-0.8911,-5.7439,-3.1915,4.6524,11.4006,27.6037,5630.0,5630.0,,-11.1012,-11.1012,
EDN,22.270000457763672,22.5,2026-08-18,True,22.1200008392334,22.729999542236328,-1.02,-12.66,BAJO,,6.75,8.34,0.57,9.59,3.09,5.14,7.2,,0.83,0.62,1.46,6.0,YAHOO,2.7784,3.5723,2.2491,0.067345,4.819,0.453,71.26,2026-11-06,79,2026-08-07,12.0,yahoo,1.0,0.0,1.0,0.0,0.0,1.0,1.0,1.0,1.0,-1.8943,-12.8717,-22.5122,-5.234,16.4337,53.6153,27.25,28.74,,-18.2752,-22.5122,
TGS,27.610000610351562,27.68,2026-08-18,True,27.610000610351562,28.420000076293945,-0.25,-2.28,BAJO,4156746496.0,12.27,10.55,1.77,15.98,9.91,40.71,28.02,8642.52,-0.48,0.43,3.67,6.0,YAHOO,2.7784,3.5723,2.2491,0.067345,4.819,0.453,71.26,2026-11-03,76,2026-08-05,14.0,yahoo,1.0,0.0,1.0,1.0,0.0,1.0,1.0,1.0,0.0,-1.7438,-6.5967,-14.784,-6.8488,21.8767,42.0296,31.5,33.36,,-12.3492,-17.2362,
TEO,13.210000038146973,13.1,2026-08-18,True,13.100000381469727,13.5,0.84,40.27,BAJO,,10.92,14.56,1.05,10.83,3.12,13.95,8.91,,1.98,0.67,0.58,6.0,YAHOO,2.7784,3.5723,2.2491,0.067345,4.819,0.453,71.26,2026-11-09,82,2026-08-07,12.0,finnhub,,,,,,,,,,-2.1481,-3.9971,-12.5745,6.4464,16.3155,52.5723,14.3,15.98,,-7.6224,-17.3342,
IRS,14.739999771118164,14.38,2026-08-18,True,14.408699989318848,14.770000457763672,2.5,-5.63,BAJO,1247174784.0,4.82,161.98,0.87,22.48,4.07,44.36,72.51,13818.5,3.93,0.45,0.6,5.0,YAHOO,2.7784,3.5723,2.2491,0.067345,4.819,0.453,71.26,2026-09-01,13,,,yahoo,0.0,0.0,1.0,1.0,1.0,0.0,1.0,1.0,0.0,0.6143,-1.2726,-11.3117,9.918,28.6202,39.1721,15.51,17.28,,-4.9645,-14.6991,
CRES,1714.0,1629.0,2026-08-18,True,1620.0,1723.0,5.22,27.47,BAJO,,,,,,,,,,,,,,YAHOO,2.7784,3.5723,2.2491,0.067345,4.819,0.453,71.26,,999,,,none,,,,,,,,,,1.1806,-1.4943,-4.9889,4.3849,51.0908,36.4312,1844.0,1890.0,,-7.0499,-9.3122,
LOMA,9.420000076293945,9.22,2026-08-18,True,9.25,9.489999771118164,2.17,-11.1,BAJO,1099282304.0,37.68,12.24,1.26,3.82,2.68,5.99,5.13,-3078.33,1.61,0.24,2.25,5.0,YAHOO,2.7784,3.5723,2.2491,0.067345,4.819,0.453,71.26,2026-11-05,78,2026-08-06,13.0,yahoo,1.0,0.0,1.0,1.0,0.0,1.0,1.0,0.0,0.0,-2.686,-15.667,-22.0844,-9.5969,25.4563,48.7006,11.92,12.59,,-20.9732,-25.1787,
GLOB,39.52000045776367,37.31,2026-08-18,True,37.650001525878906,40.790000915527344,5.92,-45.14,BAJO,1706456064.0,14.58,6.31,0.8,5.48,4.67,4.86,4.63,,5.38,0.24,1.84,4.0,YAHOO,2.7784,3.5723,2.2491,0.067345,4.819,0.453,71.26,2026-11-11,84,2026-08-13,6.0,finnhub,1.0,0.0,1.0,1.0,0.0,0.0,1.0,0.0,0.0,2.0134,2.9703,28.5621,-1.8137,103.6053,70.0116,40.99,44.44,,-3.5862,-11.0711,
BBAR,14.479999542236328,14.76,2026-08-18,True,14.350000381469727,15.015000343322754,-1.9,-5.29,BAJO,2957347072.0,15.57,13.18,1.13,7.15,1.16,14.41,7.13,,,,,4.0,YAHOO,2.7784,3.5723,2.2491,0.067345,4.819,0.453,71.26,2026-08-27,8,,,yahoo,1.0,0.0,1.0,1.0,0.0,0.0,1.0,0.0,0.0,-8.9881,-18.925,-29.3595,2.014,25.7996,64.6989,20.06,21.8129,,-27.8166,-33.6172,
LND,3.609999895095825,3.58,2026-08-18,True,3.549999952316284,3.640000104904175,0.84,-8.13,BAJO,,,,0.9,-0.7,-1.96,-7.33,-1.57,,-11.15,0.71,1.47,,YAHOO,2.7784,3.5723,2.2491,0.067345,4.819,0.453,71.26,2026-09-03,15,,,finnhub,,,,,,,,,,3.4384,0.0,-2.957,-5.2493,9.8416,20.4048,3.8,3.88,,-5.0,-6.9588,
AGRO,10.569999694824219,9.81,2026-08-18,True,10.149999618530273,10.899999618530273,7.75,22.55,BAJO,1525335168.0,27.82,8.47,0.88,3.69,2.47,17.0,3.0,-8.41,8.73,1.24,1.73,2.0,YAHOO,2.7784,3.5723,2.2491,0.067345,4.819,0.453,71.26,2026-11-11,84,2026-08-11,8.0,yahoo,0.0,0.0,1.0,1.0,0.0,0.0,0.0,0.0,0.0,13.7783,13.7783,-3.0275,-18.8172,63.8779,52.8243,10.77,13.62,,-1.857,-22.3935,
