Ticker,Precio,Low,High,Change (%),RS 20D,Credit Stress,Market Cap,P/E,Forward P/E,P/Book,ROE,ROA,Operating Margin,Net Margin,FCF Yield,EV/EBITDA,Debt/Equity,Current Ratio,Piotroski,Fund Source,Grain_IS,ZC_Surprise,ZS_Surprise,SPX_Quarterly_Divisor,SPX_ROC_63d,z_MOVE_inv,MOVE_price,Earnings_Next_Date,Earnings_Days_To_Next,Earnings_Last_Date,Earnings_Days_Since,Earnings_Source,piotroski_roa_positive,piotroski_d_roa,piotroski_cfo_positive,piotroski_cfo_gt_ni,piotroski_d_leverage,piotroski_d_liquidity,piotroski_no_dilution,piotroski_d_margin,piotroski_d_turnover,roc_5d,roc_10d,roc_42d,roc_63d,vol_5d,vol_60d,high_20d,high_60d,high_252d,drawdown_20d,drawdown_60d,drawdown_252d
^GSPC,7457.68994140625,7431.259765625,7498.47021484375,-1.01,5.12,BAJO,,,,,,,,,,,,,,NONE,0.4466,0.3589,0.5051,0.064793,5.9138,0.2817,69.55,,999,,,none,,,,,,,,,,-1.5537,-0.3414,0.664,,10.9291,12.9171,7575.3901,7609.7798,,-1.5537,-1.9986,
^DJI,52146.421875,51986.73828125,52610.96875,-0.77,5.92,BAJO,,,,,,,,,,,,,,NONE,0.4466,0.3589,0.5051,0.064793,5.9138,0.2817,69.55,,999,,,none,,,,,,,,,,-0.932,-1.4247,5.2906,,7.1523,11.8369,53055.9102,53055.9102,,-1.7142,-1.7142,
^IXIC,25520.240234375,25250.630859375,25703.009765625,-1.4,4.76,BAJO,,,,,,,,,,,,,,NONE,0.4466,0.3589,0.5051,0.064793,5.9138,0.2817,69.55,,999,,,none,,,,,,,,,,-2.897,-1.2094,-2.6879,,20.2383,20.6644,26517.9297,27093.9004,,-3.7623,-5.8082,
^RUT,2962.219970703125,2934.1201171875,2979.320068359375,-0.42,7.14,BAJO,,,,,,,,,,,,,,NONE,0.4466,0.3589,0.5051,0.064793,5.9138,0.2817,69.55,,999,,,none,,,,,,,,,,-0.5235,-1.1311,6.0473,,6.1912,18.4841,3024.3701,3024.3701,,-2.055,-2.055,
^VIX,18.770000457763672,17.68000030517578,19.5,12.19,7.84,BAJO,,,,,,,,,,,,,,NONE,0.4466,0.3589,0.5051,0.064793,5.9138,0.2817,69.55,,999,,,none,,,,,,,,,,24.8836,16.2229,5.3311,7.3799,132.5405,128.3697,19.49,22.22,,-3.6942,-15.5265,
^MOVE,69.55000305175781,68.88999938964844,69.55000305175781,0.96,6.32,BAJO,,,,,,,,,,,,,,NONE,0.4466,0.3589,0.5051,0.064793,5.9138,0.2817,69.55,,999,,,none,,,,,,,,,,6.3456,3.6513,3.4201,,77.5659,,72.41,,,-3.9497,,
^TNX,4.540999889373779,4.511000156402588,4.550000190734863,-0.61,7.41,BAJO,,,,,,,,,,,,,,NONE,0.4466,0.3589,0.5051,0.064793,5.9138,0.2817,69.55,,999,,,none,,,,,,,,,,-0.6128,1.2486,-1.1752,,9.7882,15.0216,4.609,4.667,,-1.4754,-2.6998,
^IRX,3.7070000171661377,3.684999942779541,3.7070000171661377,0.27,3.43,BAJO,,,,,,,,,,,,,,NONE,0.4466,0.3589,0.5051,0.064793,5.9138,0.2817,69.55,,999,,,none,,,,,,,,,,0.3248,1.0633,3.3166,,7.7951,7.0818,3.732,3.732,,-0.6699,-0.6699,
DX-Y.NYB,100.75,100.6500015258789,100.87000274658203,0.02,3.16,BAJO,,,,,,,,,,,,,,NONE,0.4466,0.3589,0.5051,0.064793,5.9138,0.2817,69.55,,999,,,none,,,,,,,,,,-0.2179,-0.1091,1.4909,,4.911,4.6716,101.61,101.61,,-0.8464,-0.8464,
^N225,64141.12109375,62704.6015625,66441.7734375,-4.03,10.15,BAJO,,,,,,,,,,,,,,NONE,0.4466,0.3589,0.5051,0.064793,5.9138,0.2817,69.55,,999,,,none,,,,,,,,,,-6.4422,-8.0336,7.2515,,42.5272,33.1449,72366.3438,72366.3438,,-11.3661,-11.3661,
^MERV,3199935.0,3145475.0,3206991.0,0.46,11.22,BAJO,,,,,,,,,,,,,,NONE,0.4466,0.3589,0.5051,0.064793,5.9138,0.2817,69.55,,999,,,none,,,,,,,,,,-2.4477,1.3571,18.1717,,34.3299,33.2084,3291322.0,3353008.0,,-2.7766,-4.5652,
^NYA,23816.970703125,23761.349609375,23977.220703125,-0.56,3.13,BAJO,,,,,,,,,,,,,,NONE,0.4466,0.3589,0.5051,0.064793,5.9138,0.2817,69.55,,999,,,none,,,,,,,,,,-0.4518,-0.5848,4.463,,6.2041,10.4935,24075.1191,24075.1191,,-1.0723,-1.0723,
^HSI,24562.240234375,24332.509765625,25166.560546875,-1.78,-5.65,BAJO,,,,,,,,,,,,,,NONE,0.4466,0.3589,0.5051,0.064793,5.9138,0.2817,69.55,,999,,,none,,,,,,,,,,1.6013,5.1915,-5.3942,,23.6175,18.7007,25008.5996,26626.2793,,-1.7848,-7.7519,
^TWII,42671.26953125,42671.26953125,45234.078125,-6.47,16.4,BAJO,,,,,,,,,,,,,,NONE,0.4466,0.3589,0.5051,0.064793,5.9138,0.2817,69.55,,999,,,none,,,,,,,,,,-5.9164,-8.7132,4.3516,,57.371,31.9521,47741.5117,47741.5117,,-10.6202,-10.6202,
^KS11,6820.60009765625,6730.8701171875,6995.93017578125,-6.37,10.62,BAJO,,,,,,,,,,,,,,NONE,0.4466,0.3589,0.5051,0.064793,5.9138,0.2817,69.55,,999,,,none,,,,,,,,,,-6.4635,-10.8196,-8.9759,,109.4562,66.5435,9114.5498,9114.5498,,-25.168,-25.168,
^GDAXI,24830.98046875,24651.33984375,24850.75,-0.34,0.98,BAJO,,,,,,,,,,,,,,NONE,0.4466,0.3589,0.5051,0.064793,5.9138,0.2817,69.55,,999,,,none,,,,,,,,,,-0.9419,-3.6786,0.3789,1.6921,4.7546,16.5723,25817.8906,25817.8906,,-3.8226,-3.8226,
^FTSE,10600.400390625,10527.7001953125,10623.7001953125,0.27,-0.17,BAJO,,,,,,,,,,,,,,NONE,0.4466,0.3589,0.5051,0.064793,5.9138,0.2817,69.55,,999,,,none,,,,,,,,,,0.9822,-0.736,2.6117,-0.6299,4.3636,12.4657,10679.0,10679.0,,-0.736,-0.736,
^AEX,1091.969970703125,1086.239990234375,1096.0999755859375,-0.94,7.13,BAJO,,,,,,,,,,,,,,NONE,0.4466,0.3589,0.5051,0.064793,5.9138,0.2817,69.55,,999,,,none,,,,,,,,,,0.7139,0.8115,5.634,6.8506,11.8708,13.0536,1102.38,1102.38,,-0.9443,-0.9443,
^IBEX,19216.900390625,19126.19921875,19290.099609375,-0.45,4.42,BAJO,,,,,,,,,,,,,,NONE,0.4466,0.3589,0.5051,0.064793,5.9138,0.2817,69.55,,999,,,none,,,,,,,,,,-0.8656,-3.2011,6.4548,5.2352,5.1762,16.3723,19852.4004,19852.4004,,-3.2011,-3.2011,
FTSEMIB.MI,51882.0,51554.0,52136.0,-0.94,29.63,BAJO,,,,,,,,,,,,,,YAHOO,0.4466,0.3589,0.5051,0.064793,5.9138,0.2817,69.55,,999,,,none,,,,,,,,,,-1.3913,-1.774,5.4898,7.6234,8.4606,15.5769,52959.0,52959.0,52959.0,-2.0336,-2.0336,-2.0336
^SSMI,14343.7001953125,14248.419921875,14354.98046875,0.54,7.29,BAJO,,,,,,,,,,,,,,NONE,0.4466,0.3589,0.5051,0.064793,5.9138,0.2817,69.55,,999,,,none,,,,,,,,,,0.763,-0.5584,7.3245,,6.6913,11.2931,14424.2402,14424.2402,,-0.5584,-0.5584,
^OMXC25,1901.969970703125,1896.1800537109375,1913.6300048828125,-0.57,6.94,BAJO,,,,,,,,,,,,,,NONE,0.4466,0.3589,0.5051,0.064793,5.9138,0.2817,69.55,,999,,,none,,,,,,,,,,1.6303,0.3191,7.7371,,8.6553,,1912.84,1912.84,,-0.5683,-0.5683,
^GSPTSE,35263.8984375,35034.0,35346.3984375,-0.22,3.13,BAJO,,,,,,,,,,,,,,NONE,0.4466,0.3589,0.5051,0.064793,5.9138,0.2817,69.55,,999,,,none,,,,,,,,,,-0.1173,0.0471,4.5129,2.6716,4.1273,11.814,35416.1992,35416.1992,,-0.43,-0.43,
^AXJO,8796.7001953125,8758.099609375,8840.7001953125,-0.5,-1.22,BAJO,,,,,,,,,,,,,,NONE,0.4466,0.3589,0.5051,0.064793,5.9138,0.2817,69.55,,999,,,none,,,,,,,,,,-0.1056,-0.5393,2.2313,-1.7491,5.6522,12.1409,8844.4004,8966.2998,,-0.5393,-1.8915,
^MXX,66634.2265625,65997.2109375,66822.6171875,0.42,-4.11,BAJO,,,,,,,,,,,,,,NONE,0.4466,0.3589,0.5051,0.064793,5.9138,0.2817,69.55,,999,,,none,,,,,,,,,,0.2077,-0.6356,-3.28,-4.922,7.2856,16.1702,67640.5938,70246.2969,,-1.4878,-5.142,
^BVSP,173714.0,173285.0,174505.0,-0.06,-10.79,BAJO,,,,,,,,,,,,,,NONE,0.4466,0.3589,0.5051,0.064793,5.9138,0.2817,69.55,,999,,,none,,,,,,,,,,-2.3343,-0.3168,-0.3242,,11.6185,16.0576,177866.0,191378.0,,-2.3343,-9.2299,
HYG,79.6500015258789,79.62999725341797,79.83999633789062,-0.19,5.7,BAJO,,10.96,1328.0,0.91,,,,,,,,,,YAHOO,0.4466,0.3589,0.5051,0.064793,5.9138,0.2817,69.55,,999,,,none,,,,,,,,,,-0.0753,-0.0753,1.2193,0.6226,2.838,3.6791,79.87,79.87,79.87,-0.2754,-0.2754,-0.2754
LQD,107.55999755859375,107.52999877929688,107.79000091552734,0.06,4.35,BAJO,,32.42,,0.79,,,,,,,,,,YAHOO,0.4466,0.3589,0.5051,0.064793,5.9138,0.2817,69.55,,999,,,none,,,,,,,,,,0.0931,-0.9941,0.4517,-0.6014,2.9542,5.3162,109.3158,109.3158,109.6459,-1.6062,-1.6062,-1.9024
TLT,84.5199966430664,84.48999786376953,84.81999969482422,0.37,4.14,BAJO,,,-4204.0,0.56,,,,,,,,,,YAHOO,0.4466,0.3589,0.5051,0.064793,5.9138,0.2817,69.55,,999,,,none,,,,,,,,,,0.0592,-1.1578,1.7999,-0.9269,2.6451,8.9044,87.1282,87.1282,89.1459,-2.9935,-2.9935,-5.1891
GC=F,4012.699951171875,3964.199951171875,4017.199951171875,0.68,-16.93,BAJO,,,,,,,,,,,,,,NONE,0.4466,0.3589,0.5051,0.064793,5.9138,0.2817,69.55,,999,,,none,,,,,,,,,,-2.227,-2.4315,-11.9211,,21.0064,23.7738,4224.1001,4732.5,,-5.0046,-15.2097,
HG=F,6.21999979019165,6.150000095367432,6.229000091552734,-1.21,2.37,BAJO,,,,,,,,,,,,,,NONE,0.4466,0.3589,0.5051,0.064793,5.9138,0.2817,69.55,,999,,,none,,,,,,,,,,-0.2166,1.7254,-0.5039,,18.7925,27.5328,6.3745,6.6495,,-2.4237,-6.4591,
CL=F,82.48999786376953,78.61000061035156,82.76000213623047,4.48,-1.16,BAJO,,,,,,,,,,,,,,NONE,0.4466,0.3589,0.5051,0.064793,5.9138,0.2817,69.55,,999,,,none,,,,,,,,,,15.516,20.0903,-21.7511,,36.1883,55.0216,82.49,108.66,,0.0,-24.0843,
ZS=F,1204.5,1186.75,1205.25,0.79,3.65,BAJO,,,,,,,,,,,,,,NONE,0.4466,0.3589,0.5051,0.064793,5.9138,0.2817,69.55,,999,,,none,,,,,,,,,,0.6686,6.4281,2.3364,,10.6349,18.7467,1207.25,1215.25,,-0.2278,-0.8846,
ZC=F,444.75,436.0,445.5,0.74,-0.43,BAJO,,,,,,,,,,,,,,NONE,0.4466,0.3589,0.5051,0.064793,5.9138,0.2817,69.55,,999,,,none,,,,,,,,,,1.5411,4.6471,-2.4136,,32.4577,25.1646,447.5,477.0,,-0.6145,-6.761,
BTC-USD,63899.4609375,62489.453125,64332.01953125,0.17,-38.52,BAJO,1304255266816.0,,,,,,,,,,,,,YAHOO,0.4466,0.3589,0.5051,0.064793,5.9138,0.2817,69.55,,999,,,none,,,,,,,,,,0.2215,0.9512,4.8862,-19.1818,40.3581,31.9033,64956.1133,77539.1719,105996.5938,-1.6267,-17.5907,-39.7156
ETH-USD,1840.9881591796875,1803.053955078125,1869.067138671875,-1.19,-48.15,BAJO,230200131584.0,,,,,,,,,,,,,YAHOO,0.4466,0.3589,0.5051,0.064793,5.9138,0.2817,69.55,,999,,,none,,,,,,,,,,1.9493,4.0982,16.4548,-17.1968,64.9152,46.3228,1916.9437,2131.4106,3582.6213,-3.9623,-13.6258,-48.6134
IBIT,36.349998474121094,35.36000061035156,36.47999954223633,-0.11,-45.02,BAJO,,,,,,,,,,,,,,YAHOO,0.4466,0.3589,0.5051,0.064793,5.9138,0.2817,69.55,,999,,,none,,,,,,,,,,0.3312,4.2443,-18.8978,-14.931,34.289,37.465,36.81,46.47,71.29,-1.2497,-21.7775,-49.0111
SPY,743.2899780273438,740.7999877929688,747.2899780273438,-0.99,20.21,BAJO,,27.04,,1.75,,,,,,,,,,YAHOO,0.4466,0.3589,0.5051,0.064793,5.9138,0.2817,69.55,,999,,,none,,,,,,,,,,-1.5445,-0.2001,0.8164,6.206,10.8605,13.1274,754.95,757.6182,757.6182,-1.5445,-1.8912,-1.8912
QQQ,695.3300170898438,686.760009765625,702.2999877929688,-1.5,24.95,BAJO,,31.94,,2.01,,,,,,,,,,YAHOO,0.4466,0.3589,0.5051,0.064793,5.9138,0.2817,69.55,,999,,,none,,,,,,,,,,-4.1598,-2.4235,-1.8106,8.6849,20.4102,24.7263,739.807,745.3409,745.3409,-6.012,-6.7098,-6.7098
DIA,520.8099975585938,518.9000244140625,525.3599853515625,-0.74,19.73,BAJO,,24.79,,1.46,,,,,,,,,,YAHOO,0.4466,0.3589,0.5051,0.064793,5.9138,0.2817,69.55,,999,,,none,,,,,,,,,,-0.9171,-1.3113,5.4524,7.6724,6.7184,11.6956,529.9395,529.9395,529.9395,-1.7227,-1.7227,-1.7227
IWM,294.0400085449219,291.6400146484375,296.1300048828125,-0.52,34.09,BAJO,,18.25,,1.35,,,,,,,,,,YAHOO,0.4466,0.3589,0.5051,0.064793,5.9138,0.2817,69.55,,999,,,none,,,,,,,,,,-0.6588,-1.1896,6.1741,9.1829,6.9529,18.5492,300.45,300.45,300.45,-2.1335,-2.1335,-2.1335
GLD,368.4100036621094,363.6000061035156,369.2099914550781,0.95,19.92,BAJO,,,,2.19,,,,,,,,,,YAHOO,0.4466,0.3589,0.5051,0.064793,5.9138,0.2817,69.55,,999,,,none,,,,,,,,,,-2.2811,-2.5705,-11.7137,-16.2857,23.668,24.028,387.12,435.26,495.9,-4.8331,-15.3586,-25.7088
SLV,50.779998779296875,49.61000061035156,50.81999969482422,0.77,47.18,BAJO,,,,2.49,,,,,,,,,,YAHOO,0.4466,0.3589,0.5051,0.064793,5.9138,0.2817,69.55,,999,,,none,,,,,,,,,,-5.8758,-7.7063,-26.4484,-28.7198,38.9863,50.7389,59.51,79.35,105.6,-14.6698,-36.005,-51.9129
XLY,115.44000244140625,115.31999969482422,116.87000274658203,-1.62,5.19,BAJO,,29.59,,0.69,,,,,,,,,,YAHOO,0.4466,0.3589,0.5051,0.064793,5.9138,0.2817,69.55,,999,,,none,,,,,,,,,,-1.5353,-1.4344,-0.738,-1.6662,17.2906,18.944,118.09,121.8173,124.0232,-2.244,-5.2351,-6.9207
XLV,161.08999633789062,160.8800048828125,164.0,-0.44,24.78,BAJO,,28.48,,1.24,,,,,,,,,,YAHOO,0.4466,0.3589,0.5051,0.064793,5.9138,0.2817,69.55,,999,,,none,,,,,,,,,,0.1554,-1.6184,11.5096,10.3611,27.2501,18.3705,164.44,164.44,164.44,-2.0372,-2.0372,-2.0372
XLRE,45.41999816894531,45.224998474121094,45.95500183105469,-0.09,12.76,BAJO,,31.94,,,,,,,,,,,,YAHOO,0.4466,0.3589,0.5051,0.064793,5.9138,0.2817,69.55,,999,,,none,,,,,,,,,,2.1822,1.6562,5.9866,4.5834,17.6439,16.2299,45.46,45.46,45.46,-0.088,-0.088,-0.088
XLK,175.58999633789062,171.33999633789062,177.9199981689453,-1.09,35.78,BAJO,,34.35,,1.23,,,,,,,,,,YAHOO,0.4466,0.3589,0.5051,0.064793,5.9138,0.2817,69.55,,999,,,none,,,,,,,,,,-5.485,-2.7687,-0.2613,15.6423,23.5668,33.8356,192.15,197.974,197.974,-8.6183,-11.3065,-11.3065
XLI,179.41000366210938,177.60000610351562,181.4600067138672,-0.41,20.44,BAJO,,30.97,,1.83,,,,,,,,,,YAHOO,0.4466,0.3589,0.5051,0.064793,5.9138,0.2817,69.55,,999,,,none,,,,,,,,,,-1.3797,-2.4468,4.9308,5.59,3.5378,19.6573,185.56,185.56,185.56,-3.3143,-3.3143,-3.3143
XLF,56.2599983215332,56.119998931884766,56.939998626708984,-0.86,9.2,BAJO,,17.79,,1.65,,,,,,,,,,YAHOO,0.4466,0.3589,0.5051,0.064793,5.9138,0.2817,69.55,,999,,,none,,,,,,,,,,0.9873,1.1507,10.4835,8.5087,10.5483,13.4385,56.75,56.75,56.75,-0.8634,-0.8634,-0.8634
XLE,57.68000030517578,57.279998779296875,58.119998931884766,1.16,38.85,BAJO,,21.16,,1.09,,,,,,,,,,YAHOO,0.4466,0.3589,0.5051,0.064793,5.9138,0.2817,69.55,,999,,,none,,,,,,,,,,4.7204,8.3803,-2.2611,2.6793,13.7816,24.6631,57.68,60.8512,62.1121,0.0,-5.2113,-7.1356
XLC,110.6500015258789,110.30999755859375,111.51000213623047,-1.78,5.97,BAJO,,16.18,,,,,,,,,,,,YAHOO,0.4466,0.3589,0.5051,0.064793,5.9138,0.2817,69.55,,999,,,none,,,,,,,,,,-0.8868,0.958,-4.4298,-6.6415,23.2151,15.5815,113.38,117.5741,119.3874,-2.4078,-5.8892,-7.3186
XLB,50.529998779296875,50.38999938964844,51.45000076293945,-0.71,14.52,BAJO,,26.12,,0.64,,,,,,,,,,YAHOO,0.4466,0.3589,0.5051,0.064793,5.9138,0.2817,69.55,,999,,,none,,,,,,,,,,-0.7074,-2.8456,0.8329,-1.9924,9.9777,19.5716,52.01,52.5236,53.1837,-2.8456,-3.7956,-4.9898
XLP,85.19000244140625,84.76000213623047,87.43000030517578,-0.72,8.7,BAJO,,25.38,,1.22,,,,,,,,,,YAHOO,0.4466,0.3589,0.5051,0.064793,5.9138,0.2817,69.55,,999,,,none,,,,,,,,,,1.272,0.2353,1.3482,5.3434,29.2054,16.7863,85.81,85.81,88.8894,-0.7225,-0.7225,-4.1618
XLU,45.16999816894531,45.060001373291016,46.150001525878906,-0.66,11.34,BAJO,,21.09,,0.71,,,,,,,,,,YAHOO,0.4466,0.3589,0.5051,0.064793,5.9138,0.2817,69.55,,999,,,none,,,,,,,,,,-0.5285,-1.2893,3.6208,-1.9236,11.0084,17.7189,46.2,46.5527,47.0979,-2.2294,-2.9703,-4.0933
PSQ,26.540000915527344,26.299999237060547,26.8700008392334,1.53,-16.49,BAJO,,,,,,,,,,,,,,YAHOO,0.4466,0.3589,0.5051,0.064793,5.9138,0.2817,69.55,,999,,,none,,,,,,,,,,4.3239,2.5106,1.8075,-7.7983,20.8695,24.5632,26.54,28.3288,33.0172,0.0,-6.3143,-19.6176
EWZ,35.22999954223633,34.970001220703125,35.400001525878906,-0.28,37.56,BAJO,,11.54,,0.98,,,,,,,,,,YAHOO,0.4466,0.3589,0.5051,0.064793,5.9138,0.2817,69.55,,999,,,none,,,,,,,,,,-1.9482,2.3236,-1.8344,-14.2383,22.127,23.5572,36.03,40.2072,41.3365,-2.2204,-12.3789,-14.7726
FXI,34.130001068115234,33.880001068115234,34.150001525878906,-1.16,-8.21,BAJO,,9.32,,0.84,,,,,,,,,,YAHOO,0.4466,0.3589,0.5051,0.064793,5.9138,0.2817,69.55,,999,,,none,,,,,,,,,,1.9415,6.9571,-5.0103,-7.6383,18.4656,20.7709,34.53,37.9749,40.9939,-1.1584,-10.1248,-16.7437
COPX,73.3499984741211,71.76000213623047,74.0999984741211,-1.78,72.16,BAJO,,17.6,,,,,,,,,,,,YAHOO,0.4466,0.3589,0.5051,0.064793,5.9138,0.2817,69.55,,999,,,none,,,,,,,,,,-4.1678,-4.3053,-11.3796,-14.6279,66.0961,54.6226,85.1905,93.3428,95.3759,-13.8989,-21.4187,-23.0938
URA,38.72999954223633,37.72999954223633,39.310001373291016,-0.97,-0.4,BAJO,,35.35,,,,,,,,,,,,YAHOO,0.4466,0.3589,0.5051,0.064793,5.9138,0.2817,69.55,,999,,,none,,,,,,,,,,-9.8674,-10.4094,-22.4314,-29.9258,41.7598,52.0092,47.78,58.26,61.81,-18.941,-33.5221,-37.3402
ARKK,75.19999694824219,73.83999633789062,76.29000091552734,-1.92,-2.67,BAJO,,46.88,,,,,,,,,,,,YAHOO,0.4466,0.3589,0.5051,0.064793,5.9138,0.2817,69.55,,999,,,none,,,,,,,,,,-6.287,-7.4462,0.4005,-2.767,36.8705,36.6231,83.61,83.61,92.53,-10.0586,-10.0586,-18.7291
ITA,230.72999572753906,229.3699951171875,235.0800018310547,-0.07,18.71,BAJO,,37.23,,,,,,,,,,,,YAHOO,0.4466,0.3589,0.5051,0.064793,5.9138,0.2817,69.55,,999,,,none,,,,,,,,,,-3.4845,-7.0349,6.2696,0.813,20.2675,25.0443,250.78,250.78,250.78,-7.9951,-7.9951,-7.9951
SMH,556.530029296875,536.8099975585938,567.4099731445312,-2.18,92.76,BAJO,,38.86,,,,,,,,,,,,YAHOO,0.4466,0.3589,0.5051,0.064793,5.9138,0.2817,69.55,,999,,,none,,,,,,,,,,-8.9194,-6.0376,0.0342,22.3681,42.0967,53.7631,668.91,668.91,668.91,-16.8005,-16.8005,-16.8005
EEM,63.290000915527344,62.0099983215332,63.88999938964844,-1.4,31.94,BAJO,,16.92,,1.25,,,,,,,,,,YAHOO,0.4466,0.3589,0.5051,0.064793,5.9138,0.2817,69.55,,999,,,none,,,,,,,,,,-5.3961,-3.6682,-2.23,1.8718,27.2774,34.0215,71.21,71.21,71.21,-11.122,-11.122,-11.122
AAPL,333.739990234375,329.0,334.989990234375,0.14,59.12,BAJO,4624460808192.0,38.16,32.73,43.37,141.47,26.23,32.27,27.15,2.19,29.01,0.8,1.07,8.0,YAHOO,0.4466,0.3589,0.5051,0.064793,5.9138,0.2817,69.55,2026-07-30,13,,,yahoo,1.0,1.0,1.0,0.0,1.0,1.0,1.0,1.0,1.0,5.8417,8.136,11.1614,26.8214,33.3089,27.8867,333.74,333.74,333.74,0.0,0.0,0.0
MSFT,393.82000732421875,389.3900146484375,398.3900146484375,-1.82,-21.71,BAJO,2859427430400.0,23.31,19.88,6.9,34.01,14.81,46.33,39.34,1.29,15.76,0.3,1.28,5.0,YAHOO,0.4466,0.3589,0.5051,0.064793,5.9138,0.2817,69.55,2026-07-29,12,,,yahoo,1.0,0.0,1.0,1.0,1.0,1.0,0.0,0.0,0.0,2.2643,0.8528,-6.4579,-6.0884,35.7041,34.523,401.1,460.52,538.6586,-1.815,-14.4836,-26.8888
NVDA,202.80999755859375,197.97000122070312,206.64999389648438,-2.21,18.25,BAJO,5130007609344.0,32.48,16.54,26.25,114.29,52.73,65.6,62.97,0.9,30.72,0.07,3.44,4.0,YAHOO,0.4466,0.3589,0.5051,0.064793,5.9138,0.2817,69.55,2026-08-26,40,,,yahoo,1.0,0.0,1.0,0.0,1.0,0.0,1.0,0.0,0.0,-3.8633,4.0959,-9.8853,2.3677,47.857,42.674,212.5,235.4656,235.4656,-4.56,-13.8685,-13.8685
META,646.010009765625,626.0,652.2000122070312,-2.79,-7.51,BAJO,1677999341568.0,24.04,18.2,6.88,32.93,16.4,40.62,32.84,1.52,15.4,0.36,2.35,5.0,YAHOO,0.4466,0.3589,0.5051,0.064793,5.9138,0.2817,69.55,2026-07-29,12,,,yahoo,1.0,0.0,1.0,1.0,0.0,0.0,1.0,1.0,0.0,-3.4668,10.8269,5.2714,-4.4708,44.0349,45.7303,681.31,681.31,787.4193,-5.1812,-5.1812,-17.9586
GOOGL,346.7699890136719,341.3599853515625,348.5199890136719,-2.17,88.38,BAJO,4386947072000.0,27.4,24.64,9.1,38.88,14.64,36.12,37.92,0.64,26.81,0.2,1.92,6.0,YAHOO,0.4466,0.3589,0.5051,0.064793,5.9138,0.2817,69.55,2026-07-22,5,,,yahoo,1.0,0.0,1.0,1.0,0.0,1.0,1.0,1.0,0.0,-2.9145,-3.6509,-12.5518,3.2609,56.417,36.7803,370.92,402.3797,402.3797,-6.5108,-13.8202,-13.8202
AMZN,247.22999572753906,243.58999633789062,250.24000549316406,-1.06,9.79,BAJO,2662277054464.0,29.57,25.03,6.02,24.29,6.84,13.14,12.22,0.37,17.67,0.53,1.18,6.0,YAHOO,0.4466,0.3589,0.5051,0.064793,5.9138,0.2817,69.55,2026-07-30,13,,,yahoo,1.0,1.0,1.0,1.0,1.0,0.0,0.0,1.0,0.0,0.7704,1.8791,-6.4019,-0.9892,34.54,29.1152,254.96,274.99,274.99,-3.0319,-10.0949,-10.0949
TSLA,380.8399963378906,377.2200012207031,385.69000244140625,-2.61,15.99,BAJO,1487942582272.0,356.92,152.83,18.09,4.9,2.23,4.2,3.95,0.35,131.58,0.19,2.04,5.0,YAHOO,0.4466,0.3589,0.5051,0.064793,5.9138,0.2817,69.55,2026-07-22,5,,,yahoo,1.0,0.0,1.0,1.0,0.0,1.0,0.0,1.0,0.0,-6.6019,-3.205,-9.8048,-2.0725,19.9549,49.2276,425.3,445.27,489.88,-10.4538,-14.4699,-22.2585
MSTR,94.8499984741211,90.05999755859375,95.97000122070312,0.87,-77.13,BAJO,35381268480.0,,21.87,0.92,-30.76,-17.81,-11641.53,,-24.59,-3.52,0.18,6.05,3.0,YAHOO,0.4466,0.3589,0.5051,0.064793,5.9138,0.2817,69.55,2026-07-30,13,,,yahoo,0.0,0.0,0.0,1.0,1.0,1.0,0.0,0.0,0.0,0.2219,-5.8748,-46.5393,-36.3166,62.2313,77.6258,112.53,195.94,451.34,-15.7114,-51.5923,-78.9848
PLTR,132.3800048828125,129.0500030517578,134.77000427246094,-1.53,-13.31,BAJO,320568557568.0,148.58,63.84,37.93,32.59,14.7,46.18,43.67,0.55,155.02,0.02,6.91,8.0,YAHOO,0.4466,0.3589,0.5051,0.064793,5.9138,0.2817,69.55,2026-08-03,17,,,yahoo,1.0,1.0,1.0,1.0,1.0,1.0,0.0,1.0,1.0,4.4089,2.3821,-1.2016,-7.2709,28.6518,55.3306,134.44,160.65,207.18,-1.5323,-17.5973,-36.1039
SNOW,268.8999938964844,259.4800109863281,274.25,-0.41,24.44,BAJO,95640805376.0,,102.71,49.31,-54.87,-9.68,-22.17,-23.79,1.82,-84.73,1.43,1.05,5.0,YAHOO,0.4466,0.3589,0.5051,0.064793,5.9138,0.2817,69.55,2026-08-26,40,,,yahoo,0.0,0.0,1.0,1.0,1.0,0.0,0.0,1.0,1.0,2.8495,3.3634,70.7627,87.3215,29.2265,92.327,275.94,280.16,280.16,-2.5513,-4.0191,-4.0191
CRWD,203.0800018310547,199.52000427246094,209.5,-0.33,71.13,BAJO,214577774592.0,,134.95,46.3,-0.25,-1.0,-2.21,-0.6,0.9,3555.15,0.18,1.53,4.0,YAHOO,0.4466,0.3589,0.5051,0.064793,5.9138,0.2817,69.55,2026-09-01,46,,,yahoo,0.0,0.0,1.0,1.0,1.0,1.0,0.0,0.0,0.0,8.4945,4.6912,36.7358,94.242,106.6009,56.0723,210.73,210.73,210.73,-3.6302,-3.6302,-3.6302
PANW,358.67999267578125,345.0400085449219,368.79998779296875,1.32,83.67,BAJO,287605358592.0,304.22,85.67,10.37,4.83,1.77,-2.46,7.95,1.24,193.21,0.08,0.86,4.0,YAHOO,0.4466,0.3589,0.5051,0.064793,5.9138,0.2817,69.55,2026-08-18,32,,,yahoo,1.0,0.0,1.0,1.0,0.0,1.0,0.0,0.0,0.0,10.0549,3.0512,47.7083,114.817,50.7597,54.4826,358.68,358.68,358.68,0.0,0.0,0.0
ADBE,237.25,232.36000061035156,240.14999389648438,0.82,-34.68,BAJO,87760052224.0,12.62,8.02,7.65,62.95,19.93,35.33,28.69,10.5,9.17,0.61,0.75,7.0,YAHOO,0.4466,0.3589,0.5051,0.064793,5.9138,0.2817,69.55,2026-09-10,55,,,yahoo,1.0,1.0,1.0,1.0,0.0,0.0,1.0,1.0,1.0,6.0857,7.9783,-4.1801,-4.3964,59.6475,47.2229,237.25,274.03,372.87,0.0,-13.4219,-36.3719
CRM,170.77000427246094,169.75,175.42999267578125,-1.11,-33.9,BAJO,137231638528.0,19.42,10.79,4.01,16.91,5.7,21.8,18.73,12.06,13.02,1.24,0.79,7.0,YAHOO,0.4466,0.3589,0.5051,0.064793,5.9138,0.2817,69.55,2026-09-02,47,,,yahoo,1.0,1.0,1.0,1.0,0.0,0.0,1.0,1.0,1.0,4.5616,2.8054,-1.3251,-5.5233,38.302,50.25,172.68,209.0604,267.9819,-1.1061,-18.3155,-36.2755
MU,848.9500122070312,804.0,903.9600219726562,-0.5,643.81,BAJO,1110328999936.0,21.19,6.53,15.3,66.64,34.87,80.37,55.91,0.69,15.99,0.06,3.42,7.0,YAHOO,0.4466,0.3589,0.5051,0.064793,5.9138,0.2817,69.55,2026-09-23,68,2026-06-24,23.0,yahoo,1.0,1.0,1.0,1.0,1.0,0.0,0.0,1.0,1.0,-13.3105,-12.9648,17.1695,85.701,91.3438,108.1808,1213.3734,1213.3734,1213.3734,-30.0339,-30.0339,-30.0339
INTC,95.04000091552734,89.58999633789062,98.05000305175781,-2.0,311.89,BAJO,541601759232.0,,67.66,4.86,-2.91,0.63,6.88,-5.9,-1.53,40.03,0.36,2.31,6.0,YAHOO,0.4466,0.3589,0.5051,0.064793,5.9138,0.2817,69.55,2026-07-23,6,,,yahoo,0.0,1.0,1.0,1.0,1.0,1.0,0.0,1.0,0.0,-13.4741,-21.0303,-12.623,38.7445,72.6479,102.277,140.94,140.94,140.94,-32.5671,-32.5671,-32.5671
AMAT,529.6599731445312,513.219970703125,551.1799926757812,-5.57,180.63,BAJO,472961646592.0,56.2,35.58,19.78,39.69,14.86,31.9,29.31,0.64,50.89,0.3,2.51,6.0,YAHOO,0.4466,0.3589,0.5051,0.064793,5.9138,0.2817,69.55,2026-08-13,27,,,yahoo,1.0,0.0,1.0,1.0,0.0,1.0,1.0,1.0,0.0,-12.0896,-12.1683,21.4599,36.014,61.6958,77.9874,723.0,723.0,723.0,-26.7414,-26.7414,-26.7414
TXN,284.0199890136719,279.2300109863281,289.25,-2.47,35.25,BAJO,278078849024.0,52.32,31.92,16.57,32.35,12.16,37.82,29.11,0.38,33.12,0.84,4.46,7.0,YAHOO,0.4466,0.3589,0.5051,0.064793,5.9138,0.2817,69.55,2026-07-22,5,,,yahoo,1.0,1.0,1.0,1.0,0.0,1.0,1.0,0.0,1.0,-8.8101,-3.0913,-6.1804,27.953,39.5677,64.9082,332.28,332.28,332.28,-14.5239,-14.5239,-14.5239
TSM,398.3699951171875,386.0199890136719,404.70001220703125,-2.77,68.01,BAJO,2180341825536.0,36.49,20.72,95.13,36.21,17.32,58.1,46.51,32.98,5.32,0.18,2.49,9.0,YAHOO,0.4466,0.3589,0.5051,0.064793,5.9138,0.2817,69.55,2026-07-16,999,,,yahoo,1.0,1.0,1.0,1.0,1.0,1.0,1.0,1.0,1.0,-8.2329,-8.2435,-1.2482,9.8948,21.2791,49.1302,477.57,477.57,477.57,-16.584,-16.584,-16.584
AMD,495.760009765625,460.2099914550781,505.8800048828125,-1.03,216.25,BAJO,893781082112.0,182.1,41.12,13.86,8.06,3.65,14.4,13.37,0.8,119.15,0.06,2.73,7.0,YAHOO,0.4466,0.3589,0.5051,0.064793,5.9138,0.2817,69.55,2026-08-04,18,,,yahoo,1.0,1.0,1.0,1.0,0.0,1.0,0.0,1.0,1.0,-11.1366,-4.2602,16.897,78.1643,54.1599,87.2147,580.91,580.91,580.91,-14.658,-14.658,-14.658
ASML,1747.5799560546875,1703.4000244140625,1790.9100341796875,-2.09,140.23,BAJO,684363022336.0,60.23,35.44,1598.42,52.24,15.66,36.02,29.71,1.2,2992.09,0.13,1.36,8.0,YAHOO,0.4466,0.3589,0.5051,0.064793,5.9138,0.2817,69.55,2026-07-15,999,,,yahoo,1.0,1.0,1.0,1.0,1.0,0.0,1.0,1.0,1.0,-2.7675,-1.2287,16.3649,24.1395,40.9452,58.7788,1989.4399,1989.4399,1989.4399,-12.1572,-12.1572,-12.1572
MRVL,188.67999267578125,177.9499969482422,194.0500030517578,0.2,153.75,BAJO,199649787904.0,76.44,35.88,10.69,16.03,3.81,14.48,28.99,1.14,72.28,0.29,3.28,8.0,YAHOO,0.4466,0.3589,0.5051,0.064793,5.9138,0.2817,69.55,2026-08-27,41,,,yahoo,1.0,1.0,1.0,0.0,1.0,1.0,1.0,1.0,1.0,-19.9864,-23.0598,6.6915,41.506,86.0504,115.5362,310.5034,316.352,316.352,-39.2342,-40.3576,-40.3576
QCOM,171.77999877929688,164.77000427246094,172.38999938964844,0.69,13.77,BAJO,187717402624.0,19.15,16.18,6.91,36.08,12.69,22.06,22.31,5.11,14.86,0.56,2.37,6.0,YAHOO,0.4466,0.3589,0.5051,0.064793,5.9138,0.2817,69.55,2026-07-29,12,,,yahoo,1.0,0.0,1.0,1.0,0.0,1.0,1.0,0.0,1.0,-9.188,-2.5362,-14.4303,28.2178,37.2873,88.9257,226.11,250.0963,250.0963,-24.0281,-31.3145,-31.3145
COIN,157.1199951171875,152.5800018310547,160.8000030517578,-2.1,-62.11,BAJO,42548912128.0,59.59,33.31,3.16,6.69,1.93,-7.1,12.74,5.66,39.98,0.59,2.14,4.0,YAHOO,0.4466,0.3589,0.5051,0.064793,5.9138,0.2817,69.55,2026-07-30,13,,,yahoo,1.0,0.0,1.0,1.0,0.0,1.0,0.0,0.0,0.0,-1.2259,-5.052,-19.6029,-21.3732,57.9281,62.8231,168.87,216.6,419.78,-6.958,-27.4608,-62.5709
SHOP,123.55999755859375,121.11000061035156,124.5999984741211,-1.2,-2.3,BAJO,163089235968.0,123.22,53.93,13.08,11.31,9.62,15.71,10.77,0.77,73.34,0.01,6.2,5.0,YAHOO,0.4466,0.3589,0.5051,0.064793,5.9138,0.2817,69.55,2026-08-05,19,,,yahoo,1.0,0.0,1.0,1.0,0.0,1.0,0.0,0.0,1.0,0.8324,3.4321,23.215,-2.6627,22.7502,60.7097,125.68,131.96,179.01,-1.6868,-6.3656,-30.9759
RBLX,51.68000030517578,50.560001373291016,52.79999923706055,-4.31,-58.03,BAJO,38999363584.0,,-42.54,90.18,-311.94,-8.79,-16.44,-20.69,3.09,-38.27,4.35,0.89,6.0,YAHOO,0.4466,0.3589,0.5051,0.064793,5.9138,0.2817,69.55,2026-07-30,13,,,yahoo,0.0,1.0,1.0,1.0,1.0,0.0,0.0,1.0,1.0,-6.6305,-6.7316,20.6068,-14.4937,72.409,78.6157,57.95,59.64,141.56,-10.8197,-13.3467,-63.4925
UBER,72.45999908447266,71.72000122070312,73.45999908447266,-2.13,-19.55,BAJO,146725978112.0,17.89,16.26,5.93,35.31,6.94,14.56,15.91,4.45,21.95,0.48,1.07,6.0,YAHOO,0.4466,0.3589,0.5051,0.064793,5.9138,0.2817,69.55,2026-08-05,19,,,yahoo,1.0,0.0,1.0,1.0,0.0,1.0,1.0,1.0,0.0,-2.7905,-2.6468,-3.5025,-5.2563,36.6567,39.3348,76.2,79.17,100.1,-4.9081,-8.4754,-27.6124
HPQ,24.84000015258789,23.959999084472656,25.139999389648438,2.9,4.67,BAJO,22524692480.0,9.19,8.18,-156.88,,5.88,7.11,4.45,15.32,6.3,,0.79,5.0,YAHOO,0.4466,0.3589,0.5051,0.064793,5.9138,0.2817,69.55,2026-08-26,40,,,yahoo,1.0,0.0,1.0,1.0,0.0,1.0,1.0,0.0,0.0,2.5599,13.2695,20.819,27.4971,45.0392,56.2763,24.84,28.9871,28.9871,0.0,-14.3066,-14.3066
BIDU,107.23999786376953,106.9800033569336,108.98999786376953,-4.95,22.59,BAJO,37335928832.0,,12.13,0.94,0.32,1.25,9.96,1.02,21.32,1.61,0.32,1.85,2.0,YAHOO,0.4466,0.3589,0.5051,0.064793,5.9138,0.2817,69.55,2026-08-19,33,,,yahoo,1.0,0.0,0.0,0.0,0.0,0.0,1.0,0.0,0.0,-8.7552,-5.3486,-20.7567,-14.2286,51.5546,56.0088,117.94,150.5,162.52,-9.0724,-28.7442,-34.0143
SPOT,478.1400146484375,456.0,479.42999267578125,0.43,-30.79,BAJO,98915590144.0,32.79,26.68,10.84,37.99,11.64,15.77,15.45,0.72,38.06,0.06,2.06,5.0,YAHOO,0.4466,0.3589,0.5051,0.064793,5.9138,0.2817,69.55,2026-08-04,18,,,yahoo,1.0,1.0,1.0,1.0,0.0,0.0,0.0,1.0,0.0,-0.3397,-1.6112,9.4292,-10.031,19.874,50.1717,493.95,529.71,738.53,-3.2007,-9.7355,-35.2579
AVGO,370.8299865722656,357.79998779296875,377.3500061035156,-0.97,32.3,BAJO,1851221999616.0,64.96,20.04,21.11,37.28,12.12,48.99,38.85,1.47,45.06,0.74,2.24,8.0,YAHOO,0.4466,0.3589,0.5051,0.064793,5.9138,0.2817,69.55,2026-09-03,48,,,yahoo,1.0,1.0,1.0,1.0,1.0,1.0,0.0,1.0,1.0,-7.2856,2.8797,-12.6468,-6.7892,47.5577,54.1841,410.7,480.8091,480.8091,-9.7078,-22.8738,-22.8738
ACN,143.57000732421875,139.72000122070312,147.4199981689453,-0.72,-47.66,BAJO,82342928384.0,10.76,9.17,2.58,24.41,10.9,16.96,10.66,14.68,6.35,0.25,1.34,5.0,YAHOO,0.4466,0.3589,0.5051,0.064793,5.9138,0.2817,69.55,2026-09-24,69,2026-06-18,29.0,finnhub,1.0,0.0,1.0,1.0,0.0,1.0,1.0,0.0,0.0,6.1673,5.7854,-13.9342,-25.105,57.3289,59.4182,144.61,194.2542,282.7142,-0.7192,-26.0917,-49.2173
NFLX,68.94999694824219,65.08000183105469,69.48999786376953,-7.26,-42.52,BAJO,309620015104.0,23.72,19.18,9.95,48.49,15.4,32.3,28.52,8.4,21.99,0.54,1.41,7.0,YAHOO,0.4466,0.3589,0.5051,0.064793,5.9138,0.2817,69.55,2026-07-16,999,,,yahoo,1.0,1.0,1.0,0.0,1.0,0.0,1.0,1.0,1.0,-6.0243,-11.2041,-20.7653,-36.033,60.1271,32.6788,77.65,93.61,127.417,-11.2041,-26.3433,-45.8863
NIO,4.880000114440918,4.809999942779541,4.900000095367432,-2.2,11.62,BAJO,12553392128.0,,28.93,19.41,-83.96,-4.42,-1.21,-9.09,,-37.19,1.83,1.01,6.0,YAHOO,0.4466,0.3589,0.5051,0.064793,5.9138,0.2817,69.55,2026-08-31,45,2026-05-21,57.0,finnhub,0.0,1.0,1.0,1.0,1.0,0.0,0.0,1.0,1.0,2.092,1.8789,-20.0,-28.9665,25.9964,50.9123,5.09,6.54,7.89,-4.1257,-25.3823,-38.1496
BABA,114.97000122070312,113.94000244140625,115.93000030517578,-2.14,-3.03,BAJO,269216677888.0,17.36,12.36,1.67,9.22,2.12,1.01,10.12,-16.37,2.66,0.25,1.28,3.0,YAHOO,0.4466,0.3589,0.5051,0.064793,5.9138,0.2817,69.55,2026-08-28,42,,,yahoo,1.0,0.0,1.0,0.0,0.0,0.0,1.0,0.0,0.0,2.3502,19.586,-12.4927,-16.2812,46.7334,46.2853,117.69,144.4831,187.6169,-2.3112,-20.4267,-38.7209
PDD,84.13999938964844,83.5,84.75,-2.93,-22.35,BAJO,119437205504.0,8.84,6.89,1.89,25.4,10.33,18.42,21.62,59.98,-3.22,0.01,2.54,4.0,YAHOO,0.4466,0.3589,0.5051,0.064793,5.9138,0.2817,69.55,2026-08-25,39,,,yahoo,1.0,0.0,1.0,1.0,0.0,1.0,0.0,0.0,0.0,-1.1629,2.124,-12.1987,-18.8699,35.6045,43.3593,86.68,102.31,138.13,-2.9303,-17.7597,-39.0864
SAP,159.0399932861328,157.25999450683594,160.6300048828125,-1.61,-46.66,BAJO,182510518272.0,22.53,15.9,3.46,16.35,9.08,30.03,19.58,4.46,15.37,0.17,1.07,7.0,YAHOO,0.4466,0.3589,0.5051,0.064793,5.9138,0.2817,69.55,2026-07-23,6,,,yahoo,1.0,1.0,1.0,1.0,1.0,1.0,0.0,0.0,1.0,0.7475,-2.1834,-6.16,-8.7962,47.5825,44.8906,162.77,196.11,303.3369,-2.2916,-18.9027,-47.5698
SE,104.05000305175781,100.7699966430664,105.41999816894531,-2.04,-37.81,BAJO,66938437632.0,43.54,20.81,5.2,14.86,4.87,8.36,6.36,1.32,23.94,0.28,1.58,8.0,YAHOO,0.4466,0.3589,0.5051,0.064793,5.9138,0.2817,69.55,2026-08-11,25,,,yahoo,1.0,1.0,1.0,1.0,1.0,1.0,0.0,1.0,1.0,-6.3793,0.726,17.9304,15.0996,42.5862,53.7532,111.36,111.36,196.5,-6.5643,-6.5643,-47.0483
IBM,212.6699981689453,210.22000122070312,217.1699981689453,-2.91,-23.24,BAJO,204020908032.0,19.19,16.22,6.19,35.77,5.37,13.81,15.61,6.41,15.78,2.11,0.8,6.0,YAHOO,0.4466,0.3589,0.5051,0.064793,5.9138,0.2817,69.55,2026-07-22,5,2026-07-14,3.0,yahoo,1.0,1.0,1.0,1.0,1.0,0.0,0.0,1.0,0.0,-26.0433,-26.5439,-3.0233,-14.6473,201.0763,78.2958,306.13,329.23,329.23,-30.5295,-35.4038,-35.4038
ZM,91.12999725341797,89.91000366210938,92.36000061035156,-1.93,22.21,BAJO,26728118272.0,13.52,14.47,2.75,21.95,6.55,25.06,41.99,7.41,14.22,0.01,4.22,7.0,YAHOO,0.4466,0.3589,0.5051,0.064793,5.9138,0.2817,69.55,2026-08-20,34,,,yahoo,1.0,1.0,1.0,1.0,1.0,0.0,1.0,1.0,0.0,1.5263,4.5728,-9.0156,5.1338,23.9671,50.7319,92.92,111.88,111.88,-1.9264,-18.5467,-18.5467
CSCO,111.94000244140625,108.91000366210938,113.2300033569336,2.08,68.36,BAJO,461502578688.0,39.03,24.44,9.44,25.23,7.34,24.99,19.68,2.01,28.1,0.68,0.93,8.0,YAHOO,0.4466,0.3589,0.5051,0.064793,5.9138,0.2817,69.55,2026-08-12,26,,,yahoo,1.0,1.0,1.0,1.0,0.0,1.0,1.0,1.0,1.0,-7.724,-0.2939,-4.9499,32.969,43.294,46.62,121.31,129.5155,129.5155,-7.724,-13.5702,-13.5702
DOCU,52.7400016784668,52.15999984741211,54.5,-1.2,-33.09,BAJO,9428844544.0,32.06,9.69,5.24,16.44,5.51,13.41,9.59,13.26,22.71,0.1,0.67,6.0,YAHOO,0.4466,0.3589,0.5051,0.064793,5.9138,0.2817,69.55,2026-09-03,48,,,yahoo,1.0,0.0,1.0,1.0,0.0,0.0,1.0,1.0,1.0,7.2387,15.2283,10.5429,14.5028,46.6657,48.8677,53.38,57.02,85.01,-1.1989,-7.5061,-37.9602
ARM,267.19000244140625,243.1199951171875,272.8800048828125,1.98,70.93,BAJO,300311740416.0,334.73,91.25,36.11,11.95,5.78,29.53,18.37,0.25,279.14,0.06,6.0,6.0,YAHOO,0.4466,0.3589,0.5051,0.064793,5.9138,0.2817,69.55,2026-07-29,12,,,yahoo,1.0,0.0,1.0,1.0,0.0,1.0,0.0,1.0,1.0,-17.3784,-15.2531,27.7443,64.5968,58.9438,113.0927,439.46,439.46,439.46,-39.2004,-39.2004,-39.2004
GRMN,249.55999755859375,246.8699951171875,253.49000549316406,-0.57,11.77,BAJO,46553559040.0,26.94,23.38,5.02,19.9,11.9,24.62,23.26,1.74,20.34,0.02,4.36,6.0,YAHOO,0.4466,0.3589,0.5051,0.064793,5.9138,0.2817,69.55,2026-07-29,12,,,yahoo,1.0,1.0,1.0,0.0,0.0,1.0,0.0,1.0,1.0,2.6531,3.9747,11.0367,-5.1803,34.5422,27.4742,250.99,265.4144,266.3402,-0.5697,-5.9734,-6.3003
MSI,413.30999755859375,411.32000732421875,420.6499938964844,-0.21,-0.13,BAJO,68674031616.0,33.34,22.34,27.03,99.29,11.22,19.82,17.61,2.64,22.15,3.74,1.07,6.0,YAHOO,0.4466,0.3589,0.5051,0.064793,5.9138,0.2817,69.55,2026-07-30,13,,,yahoo,1.0,1.0,1.0,1.0,0.0,0.0,1.0,1.0,0.0,-2.2631,-2.2122,5.408,-6.7298,22.959,32.0748,424.21,441.8458,484.8296,-2.5695,-6.4583,-14.7515
SNAP,4.53000020980835,4.429999828338623,4.644999980926514,-3.41,-54.28,BAJO,7755512832.0,,6.34,3.81,-18.65,-3.42,-4.87,-6.72,8.68,-37.72,2.02,3.52,6.0,YAHOO,0.4466,0.3589,0.5051,0.064793,5.9138,0.2817,69.55,2026-08-03,17,,,yahoo,0.0,1.0,1.0,1.0,1.0,0.0,0.0,1.0,1.0,-3.2051,-6.405,-18.0832,-24.7508,35.5268,53.0376,4.84,6.29,10.35,-6.405,-27.9809,-56.2319
PINS,23.200000762939453,22.18000030517578,23.235000610351562,0.48,-37.02,BAJO,12665157632.0,47.1,10.11,4.55,8.87,4.06,-3.29,7.64,8.53,36.03,0.42,4.23,6.0,YAHOO,0.4466,0.3589,0.5051,0.064793,5.9138,0.2817,69.55,2026-08-04,18,,,yahoo,1.0,0.0,1.0,1.0,0.0,0.0,1.0,1.0,1.0,3.0195,5.1201,19.1577,15.3082,47.5583,49.2155,23.68,23.68,39.17,-2.027,-2.027,-40.771
EA,208.89999389648438,208.8000030517578,209.19000244140625,0.51,40.17,BAJO,51817791488.0,58.87,21.62,7.66,13.49,5.7,24.01,11.78,4.28,34.14,0.27,1.05,6.0,YAHOO,0.4466,0.3589,0.5051,0.064793,5.9138,0.2817,69.55,2026-07-28,11,,,yahoo,1.0,0.0,1.0,1.0,1.0,1.0,1.0,0.0,0.0,1.2063,1.7982,4.2153,2.8163,2.3971,3.8242,208.9,208.9,208.9,0.0,0.0,0.0
PATH,12.149999618530273,11.920000076293945,12.4399995803833,1.0,-3.03,BAJO,6186355712.0,19.9,13.16,3.27,18.18,2.37,7.27,19.58,8.27,40.14,0.04,2.31,8.0,YAHOO,0.4466,0.3589,0.5051,0.064793,5.9138,0.2817,69.55,2026-09-02,47,2026-05-28,50.0,finnhub,1.0,1.0,1.0,1.0,1.0,0.0,1.0,1.0,1.0,4.024,3.7575,18.3057,14.5146,6.1601,52.7988,12.15,13.1,19.29,0.0,-7.2519,-37.014
VZ,43.59000015258789,43.27000045776367,45.02000045776367,-0.66,14.49,BAJO,177335992320.0,10.36,8.06,1.72,17.2,5.08,25.19,12.46,11.06,7.26,1.92,0.64,4.0,YAHOO,0.4466,0.3589,0.5051,0.064793,5.9138,0.2817,69.55,2026-07-24,7,,,yahoo,1.0,0.0,1.0,1.0,0.0,1.0,0.0,0.0,0.0,3.49,4.1661,-4.3927,-5.2307,22.9236,26.483,45.9467,47.6772,49.7702,-5.1293,-8.5727,-12.4175
T,21.809999465942383,21.670000076293945,22.770000457763672,-0.77,-14.76,BAJO,147860652032.0,7.16,8.34,1.35,18.37,4.12,22.72,16.94,5.98,7.12,1.27,0.92,6.0,YAHOO,0.4466,0.3589,0.5051,0.064793,5.9138,0.2817,69.55,2026-07-22,5,,,yahoo,1.0,1.0,1.0,1.0,0.0,1.0,1.0,0.0,0.0,3.2182,7.3957,-8.0232,-16.2802,27.2871,28.8588,22.5086,26.2584,28.4181,-3.1038,-16.9409,-23.2531
AMX,26.270000457763672,25.860000610351562,26.6200008392334,0.5,55.84,BAJO,78593015808.0,15.87,12.48,3.73,21.13,6.64,21.33,9.23,178.5,2.12,1.71,0.72,9.0,YAHOO,0.4466,0.3589,0.5051,0.064793,5.9138,0.2817,69.55,2026-07-21,4,,,yahoo,1.0,1.0,1.0,1.0,1.0,1.0,1.0,1.0,1.0,2.209,3.3614,-0.0205,1.8566,14.1188,27.5036,26.4335,27.4216,27.4216,-0.6185,-4.1998,-4.1998
TCOM,42.45000076293945,42.130001068115234,43.540000915527344,-2.97,-32.8,BAJO,26705797120.0,6.38,9.93,1.13,20.14,3.95,24.34,48.65,,-1.21,0.19,1.53,7.0,YAHOO,0.4466,0.3589,0.5051,0.064793,5.9138,0.2817,69.55,2026-08-24,38,2026-06-25,22.0,yahoo,1.0,1.0,1.0,0.0,1.0,1.0,1.0,0.0,1.0,-0.8178,3.5366,-14.4326,-22.3807,34.5531,37.9468,46.42,54.45,78.96,-8.5523,-22.0386,-46.2386
TRIP,14.579999923706055,14.399999618530273,14.899999618530273,-2.08,-16.27,BAJO,1629056384.0,127.27,8.81,2.61,2.94,2.43,-5.73,0.99,11.12,13.12,2.0,1.25,7.0,YAHOO,0.4466,0.3589,0.5051,0.064793,5.9138,0.2817,69.55,2026-08-06,20,,,yahoo,1.0,1.0,1.0,1.0,1.0,0.0,1.0,0.0,1.0,4.2918,2.0294,54.1226,29.8308,53.335,51.3427,14.89,14.89,19.14,-2.0819,-2.0819,-23.8244
ABNB,145.97999572753906,145.11000061035156,147.83999633789062,-1.23,5.23,BAJO,86972203008.0,36.27,24.17,11.42,32.32,6.25,3.21,19.9,3.67,29.59,0.33,1.44,5.0,YAHOO,0.4466,0.3589,0.5051,0.064793,5.9138,0.2817,69.55,2026-08-06,20,,,yahoo,1.0,0.0,1.0,1.0,0.0,0.0,1.0,0.0,1.0,-1.7763,-1.9808,9.8833,5.9285,16.5326,29.1038,148.93,148.93,148.93,-1.9808,-1.9808,-1.9808
ORCL,126.41000366210938,121.5,128.44000244140625,1.77,-47.45,BAJO,368527474688.0,21.95,11.71,9.81,53.38,6.5,36.2,25.37,-6.66,16.71,3.89,1.11,5.0,YAHOO,0.4466,0.3589,0.5051,0.064793,5.9138,0.2817,69.55,2026-09-09,54,,,yahoo,1.0,0.0,1.0,1.0,1.0,1.0,0.0,0.0,0.0,-10.118,-9.5674,-34.2577,-28.8719,70.3899,64.0776,183.6511,247.2897,324.63,-31.1684,-48.8818,-61.0603
TMUS,192.42999267578125,189.8300018310547,198.86000061035156,-0.22,-13.25,BAJO,202512957440.0,19.89,13.4,3.64,18.02,5.87,24.01,11.65,5.5,9.48,2.19,1.09,6.0,YAHOO,0.4466,0.3589,0.5051,0.064793,5.9138,0.2817,69.55,2026-07-23,6,,,yahoo,1.0,0.0,1.0,1.0,0.0,1.0,1.0,0.0,1.0,2.5692,8.399,4.4564,-1.8496,24.5755,32.4187,192.85,197.1006,254.2195,-0.2178,-2.3696,-24.3056
ANET,168.61000061035156,157.1300048828125,171.42999267578125,0.03,51.3,BAJO,229886574592.0,62.96,40.97,17.05,31.52,14.36,42.74,38.32,1.9,51.34,,2.83,4.0,YAHOO,0.4466,0.3589,0.5051,0.064793,5.9138,0.2817,69.55,2026-08-04,18,,,yahoo,1.0,0.0,1.0,1.0,0.0,0.0,1.0,0.0,0.0,-9.8149,5.3878,18.7645,4.7202,47.0052,63.7653,186.96,186.96,186.96,-9.8149,-9.8149,-9.8149
LRCX,313.29998779296875,298.6499938964844,322.07000732421875,-2.39,213.43,BAJO,432822648832.0,65.3,42.82,40.89,66.76,22.78,35.04,30.94,1.01,55.02,0.35,2.54,8.0,YAHOO,0.4466,0.3589,0.5051,0.064793,5.9138,0.2817,69.55,2026-07-29,12,,,yahoo,1.0,1.0,1.0,1.0,1.0,0.0,1.0,1.0,1.0,-10.57,-10.8449,10.1154,20.1413,66.0333,78.4575,433.33,433.33,433.33,-27.6994,-27.6994,-27.6994
ADI,375.3599853515625,366.7200012207031,379.7799987792969,-1.36,57.75,BAJO,191303434240.0,58.44,26.36,5.67,9.64,5.49,38.08,26.01,2.02,31.97,0.26,1.75,8.0,YAHOO,0.4466,0.3589,0.5051,0.064793,5.9138,0.2817,69.55,2026-08-19,33,,,yahoo,1.0,1.0,1.0,1.0,0.0,1.0,1.0,1.0,1.0,-5.1283,-0.4773,-9.845,6.3844,29.4826,48.1115,445.48,445.48,445.48,-15.7403,-15.7403,-15.7403
SNDK,1354.8199462890625,1325.030029296875,1501.199951171875,-3.99,3111.7,BAJO,260315136000.0,60.24,8.44,18.88,39.3,22.82,69.98,34.19,0.87,45.59,0.02,4.78,5.0,YAHOO,0.4466,0.3589,0.5051,0.064793,5.9138,0.2817,69.55,2026-08-05,19,,,yahoo,0.0,0.0,1.0,1.0,0.0,1.0,0.0,1.0,1.0,-29.2862,-22.3599,-3.7503,47.3479,119.1889,124.1052,2335.0,2335.0,2335.0,-41.9777,-41.9777,-41.9777
NOW,103.23999786376953,102.63999938964844,105.83000183105469,-0.74,-45.96,BAJO,108132646912.0,62.41,20.87,9.22,16.07,5.66,13.34,12.59,4.72,36.49,0.21,0.84,4.0,YAHOO,0.4466,0.3589,0.5051,0.064793,5.9138,0.2817,69.55,2026-07-22,5,,,yahoo,1.0,0.0,1.0,1.0,1.0,0.0,0.0,0.0,0.0,-4.15,-2.8969,8.5937,7.051,41.8907,77.5144,111.26,135.86,199.236,-7.2083,-24.01,-48.1821
NBIS,177.7100067138672,164.30999755859375,186.77000427246094,3.46,237.1,BAJO,49279098880.0,75.23,537.32,6.86,14.14,-3.01,-32.08,93.09,-12.48,-1293.41,1.32,8.33,6.0,YAHOO,0.4466,0.3589,0.5051,0.064793,5.9138,0.2817,69.55,2026-08-06,20,,,yahoo,1.0,1.0,1.0,1.0,0.0,0.0,0.0,1.0,1.0,-19.094,-17.5819,-19.2007,7.4816,134.143,113.8425,286.69,286.69,286.69,-38.0132,-38.0132,-38.0132
OXY,54.86000061035156,54.0099983215332,55.16999816894531,2.26,28.83,BAJO,54277214208.0,73.74,14.1,1.77,4.05,2.5,17.72,22.42,5.59,7.02,0.42,1.21,4.0,YAHOO,0.4466,0.3589,0.5051,0.064793,5.9138,0.2817,69.55,2026-08-05,19,,,yahoo,1.0,0.0,1.0,1.0,1.0,0.0,0.0,0.0,0.0,3.7247,12.1652,-7.5589,-3.0888,25.055,37.8897,54.86,60.4806,65.9354,0.0,-9.2933,-16.7974
XOM,147.36000061035156,147.1699981689453,150.0,0.97,41.56,BAJO,601390383104.0,24.34,13.63,2.36,9.87,4.22,6.35,7.76,1.93,11.56,0.18,1.04,5.0,YAHOO,0.4466,0.3589,0.5051,0.064793,5.9138,0.2817,69.55,2026-07-31,14,,,yahoo,1.0,0.0,1.0,1.0,1.0,0.0,1.0,0.0,0.0,6.106,7.4914,-6.6869,-2.3818,10.3801,29.2351,147.36,162.55,170.314,0.0,-9.3448,-13.4775
CVX,187.3800048828125,185.5,188.14999389648438,1.91,30.58,BAJO,361992781824.0,31.67,14.48,1.96,6.64,3.46,7.31,5.93,3.25,10.69,0.24,1.09,5.0,YAHOO,0.4466,0.3589,0.5051,0.064793,5.9138,0.2817,69.55,2026-07-31,14,,,yahoo,1.0,0.0,1.0,1.0,0.0,1.0,0.0,1.0,0.0,6.2245,10.7447,-1.0485,0.5029,16.5954,26.3468,187.38,197.25,209.2336,0.0,-5.0038,-10.4446
PSX,206.86000061035156,203.4499969482422,207.13999938964844,2.75,70.4,BAJO,80768352256.0,19.93,11.18,2.83,14.55,3.8,0.64,3.07,-1.4,14.76,0.91,1.13,7.0,YAHOO,0.4466,0.3589,0.5051,0.064793,5.9138,0.2817,69.55,2026-08-05,19,,,yahoo,1.0,1.0,1.0,1.0,0.0,1.0,1.0,1.0,0.0,9.8216,17.2543,18.253,27.5711,40.1564,33.9704,206.86,206.86,206.86,0.0,0.0,0.0
YPF,49.68000030517578,48.72999954223633,49.81999969482422,2.54,62.13,BAJO,19527917568.0,,8.91,1.86,-2.94,5.39,18.99,-1.82,-7136.66,1.84,0.92,0.94,4.0,YAHOO,0.4466,0.3589,0.5051,0.064793,5.9138,0.2817,69.55,2026-08-04,18,,,yahoo,0.0,0.0,1.0,1.0,0.0,1.0,1.0,0.0,0.0,4.4136,11.8919,13.7884,18.653,41.578,41.7027,50.45,56.35,56.35,-1.5263,-11.8367,-11.8367
VIST,64.0199966430664,62.5,65.36000061035156,2.63,44.13,BAJO,7325109248.0,9.58,6.55,2.66,35.08,9.3,24.92,25.65,-11.22,5.69,1.45,0.77,3.0,YAHOO,0.4466,0.3589,0.5051,0.064793,5.9138,0.2817,69.55,2026-07-16,999,,,yahoo,1.0,0.0,1.0,1.0,0.0,0.0,0.0,0.0,0.0,-1.2189,6.0636,-11.44,-4.5333,49.5106,41.1602,68.55,79.25,79.25,-6.6083,-19.2177,-19.2177
VST,155.44000244140625,148.13999938964844,157.25,1.89,-18.58,BAJO,53419814912.0,26.54,14.66,17.16,42.9,6.02,26.58,11.53,-0.31,11.17,3.67,0.9,5.0,YAHOO,0.4466,0.3589,0.5051,0.064793,5.9138,0.2817,69.55,2026-08-07,21,,,yahoo,1.0,0.0,1.0,1.0,1.0,0.0,1.0,0.0,0.0,-2.1528,2.9063,11.4388,-5.9641,47.7937,46.1798,167.77,167.77,217.0162,-7.3493,-7.3493,-28.374
BP,41.900001525878906,41.369998931884766,41.970001220703125,2.0,38.5,BAJO,106610393088.0,33.39,10.56,7.63,5.84,3.96,15.46,1.66,9.43,14.15,0.96,1.22,7.0,YAHOO,0.4466,0.3589,0.5051,0.064793,5.9138,0.2817,69.55,2026-08-04,18,,,yahoo,1.0,0.0,1.0,1.0,0.0,1.0,1.0,1.0,1.0,6.8878,12.0321,-5.5242,-11.0239,19.6872,29.6006,41.9,46.8441,47.0913,0.0,-10.5544,-11.0239
E,49.77000045776367,49.310001373291016,49.77000045776367,3.6,55.09,BAJO,72131485696.0,21.83,9.44,1.3,5.91,2.25,4.29,2.97,-1.3,8.3,0.67,1.16,6.0,YAHOO,0.4466,0.3589,0.5051,0.064793,5.9138,0.2817,69.55,2026-07-29,12,2026-04-24,84.0,finnhub,1.0,1.0,1.0,1.0,0.0,1.0,1.0,0.0,0.0,4.2959,6.1873,-9.2932,-9.1294,38.6945,28.7675,49.77,55.9963,56.9653,0.0,-11.1192,-12.6311
SHEL,87.31999969482422,86.41999816894531,87.55000305175781,2.63,29.48,BAJO,233907863552.0,13.15,9.46,1.37,10.7,4.99,14.87,7.01,6.68,5.93,0.43,1.27,5.0,YAHOO,0.4466,0.3589,0.5051,0.064793,5.9138,0.2817,69.55,2026-07-30,13,,,yahoo,1.0,1.0,1.0,1.0,0.0,0.0,1.0,0.0,0.0,6.19,11.92,3.2238,-3.7029,17.5413,25.3823,87.32,89.8552,93.3039,0.0,-2.8214,-6.4134
HAL,35.220001220703125,34.779998779296875,35.36000061035156,0.51,70.29,BAJO,29589786624.0,19.57,12.04,2.74,14.63,7.38,12.57,6.95,6.85,8.66,0.75,2.08,4.0,YAHOO,0.4466,0.3589,0.5051,0.064793,5.9138,0.2817,69.55,2026-07-21,4,,,yahoo,1.0,0.0,1.0,1.0,0.0,0.0,1.0,0.0,0.0,2.4135,6.8568,-15.3021,-7.2875,10.059,32.1145,35.42,42.7979,42.7979,-0.5646,-17.7063,-17.7063
SLB,46.9900016784668,46.43000030517578,47.290000915527344,-0.19,45.34,BAJO,71075045376.0,20.94,14.31,2.72,14.07,6.47,12.27,9.26,4.28,10.71,0.43,1.34,4.0,YAHOO,0.4466,0.3589,0.5051,0.064793,5.9138,0.2817,69.55,2026-07-24,7,,,yahoo,1.0,0.0,1.0,1.0,1.0,0.0,0.0,0.0,0.0,-1.6122,4.1214,-14.705,-8.6867,9.1968,31.7842,48.09,58.01,58.01,-2.2874,-18.9967,-18.9967
COP,114.70999908447266,113.44999694824219,116.26000213623047,1.66,29.79,BAJO,136290557952.0,18.96,12.57,2.11,11.28,5.87,22.05,12.33,3.88,6.56,0.36,1.29,7.0,YAHOO,0.4466,0.3589,0.5051,0.064793,5.9138,0.2817,69.55,2026-08-06,20,,,yahoo,1.0,0.0,1.0,1.0,1.0,1.0,1.0,0.0,1.0,5.1999,9.5293,-6.2903,-4.9416,19.3957,31.8813,114.71,127.3039,132.813,0.0,-9.8928,-13.6304
GPRK,9.680000305175781,9.449999809265137,9.729999542236328,1.68,47.1,BAJO,669469888.0,9.76,3.96,2.29,22.57,5.89,45.19,11.74,21.58,3.91,2.16,1.0,3.0,YAHOO,0.4466,0.3589,0.5051,0.064793,5.9138,0.2817,69.55,2026-08-04,18,,,yahoo,1.0,0.0,1.0,0.0,0.0,1.0,0.0,0.0,0.0,-2.1234,6.7255,1.2729,3.6532,62.9173,51.6086,10.35,11.78,11.78,-6.4734,-17.8268,-17.8268
CEG,252.38999938964844,244.9499969482422,254.2899932861328,0.25,-20.6,BAJO,91571666944.0,22.38,18.88,2.78,16.1,4.2,21.86,12.69,-4.89,14.4,0.66,1.36,6.0,YAHOO,0.4466,0.3589,0.5051,0.064793,5.9138,0.2817,69.55,2026-08-06,20,,,yahoo,1.0,0.0,1.0,1.0,1.0,0.0,1.0,0.0,1.0,0.4018,5.4922,-5.5427,-15.4971,21.9459,47.6172,275.53,322.2793,402.3219,-8.3984,-21.6859,-37.2667
FSLR,211.99000549316406,203.77000427246094,215.94000244140625,0.03,21.01,BAJO,23702063104.0,14.25,9.41,2.4,18.44,8.45,33.07,30.73,4.84,9.62,0.06,2.56,7.0,YAHOO,0.4466,0.3589,0.5051,0.064793,5.9138,0.2817,69.55,2026-07-30,13,,,yahoo,1.0,1.0,1.0,1.0,1.0,1.0,0.0,0.0,1.0,-6.9526,-5.6018,-9.1614,10.6131,47.0761,60.8942,263.11,318.25,318.25,-19.4291,-33.3888,-33.3888
CCJ,85.62000274658203,83.1500015258789,86.7300033569336,-1.99,9.09,BAJO,39881756672.0,87.21,48.31,8.0,9.6,3.57,18.19,18.39,1.57,44.51,0.14,3.08,8.0,YAHOO,0.4466,0.3589,0.5051,0.064793,5.9138,0.2817,69.55,2026-07-31,14,,,yahoo,1.0,1.0,1.0,1.0,1.0,1.0,0.0,1.0,1.0,-10.8032,-11.3114,-20.3609,-28.8102,36.6929,53.228,108.89,126.47,134.09,-21.3702,-32.3001,-36.1474
PBR,17.969999313354492,17.700000762939453,18.0,2.86,55.22,BAJO,115483041792.0,5.71,4.36,1.33,25.6,8.23,31.95,21.6,71.81,2.17,0.83,0.74,7.0,YAHOO,0.4466,0.3589,0.5051,0.064793,5.9138,0.2817,69.55,2026-08-06,20,,,yahoo,1.0,1.0,1.0,1.0,1.0,1.0,1.0,0.0,0.0,3.7529,11.5456,-9.1404,-15.2813,33.098,30.5021,17.97,21.8617,21.8617,0.0,-17.8015,-17.8015
NEE,88.80000305175781,88.41999816894531,90.72000122070312,-0.62,20.77,BAJO,186745110528.0,22.73,20.34,3.38,10.32,2.41,30.18,29.37,-9.88,21.23,1.57,0.54,5.0,YAHOO,0.4466,0.3589,0.5051,0.064793,5.9138,0.2817,69.55,2026-07-24,7,,,yahoo,1.0,0.0,1.0,1.0,0.0,1.0,0.0,1.0,0.0,0.955,0.5207,-4.1876,-2.5913,14.0879,27.9655,89.54,97.1683,97.1683,-0.8264,-8.6122,-8.6122
PAAS,41.77000045776367,40.7599983215332,42.22999954223633,-0.5,50.04,BAJO,18332938240.0,13.73,8.88,2.49,20.8,10.61,48.09,31.65,7.09,9.03,0.11,2.84,7.0,YAHOO,0.4466,0.3589,0.5051,0.064793,5.9138,0.2817,69.55,2026-08-12,26,,,yahoo,1.0,1.0,1.0,1.0,1.0,1.0,0.0,1.0,0.0,-4.3508,-9.7645,-25.6974,-25.842,36.7374,57.7645,49.0,63.572,68.2965,-14.7551,-34.295,-38.8402
HMY,14.649999618530273,14.300000190734863,14.770000457763672,-0.88,7.58,BAJO,9622309888.0,9.77,4.56,3.0,33.49,17.3,33.34,20.05,157.28,0.51,0.25,0.54,,YAHOO,0.4466,0.3589,0.5051,0.064793,5.9138,0.2817,69.55,2026-08-26,40,,,finnhub,,,,,,,,,,-3.0443,-8.9497,-6.7473,-14.724,26.8914,67.3836,17.01,18.27,25.5485,-13.8742,-19.8139,-42.6581
B,34.93000030517578,34.029998779296875,35.220001220703125,0.26,72.81,BAJO,61286359040.0,10.08,8.08,2.24,25.18,11.99,56.25,32.14,8.6,5.81,0.13,3.06,9.0,YAHOO,0.4466,0.3589,0.5051,0.064793,5.9138,0.2817,69.55,2026-08-10,24,,,yahoo,1.0,1.0,1.0,1.0,1.0,1.0,1.0,1.0,1.0,-4.771,-8.5841,-13.6241,-17.2707,31.5909,50.2844,40.34,46.8027,52.3175,-13.411,-25.3676,-33.2346
VALE,14.1899995803833,14.010000228881836,14.289999961853027,-0.21,58.67,BAJO,62091579392.0,22.11,7.3,1.68,6.84,8.19,28.12,7.26,17.07,1.94,0.57,1.24,4.0,YAHOO,0.4466,0.3589,0.5051,0.064793,5.9138,0.2817,69.55,2026-07-30,13,2026-04-28,80.0,finnhub,1.0,0.0,1.0,1.0,0.0,1.0,0.0,0.0,0.0,-1.8672,-5.3369,-13.0515,-18.5886,39.0012,33.3643,15.71,17.51,17.82,-9.6754,-18.9606,-20.3704
LAC,2.950000047683716,2.8499999046325684,3.0399999618530273,0.34,-9.6,BAJO,1105846784.0,,-17.18,0.81,-4.99,-1.74,,,-117.9,-30.66,0.47,7.36,1.0,YAHOO,0.4466,0.3589,0.5051,0.064793,5.9138,0.2817,69.55,2026-08-13,27,,,yahoo,0.0,0.0,0.0,1.0,0.0,0.0,0.0,0.0,0.0,-11.1446,-21.5426,-41.1178,-39.425,43.4504,74.9726,4.37,5.99,10.05,-32.4943,-50.7512,-70.6468
RIO,90.1500015258789,88.76000213623047,91.0,-0.57,57.25,BAJO,151713071104.0,15.34,10.61,2.44,16.4,7.86,25.32,17.29,2.3,8.42,0.35,1.45,4.0,YAHOO,0.4466,0.3589,0.5051,0.064793,5.9138,0.2817,69.55,2026-07-28,11,,,yahoo,1.0,0.0,1.0,1.0,0.0,0.0,0.0,1.0,0.0,-0.4307,-4.5223,-13.0582,-9.5878,45.8156,35.8417,100.08,112.04,112.04,-9.9221,-19.5377,-19.5377
GFI,31.989999771118164,31.329999923706055,32.40999984741211,-0.31,36.39,BAJO,29810972672.0,8.46,5.93,7.07,51.93,21.41,51.78,40.76,8.54,11.86,0.37,1.79,9.0,YAHOO,0.4466,0.3589,0.5051,0.064793,5.9138,0.2817,69.55,2026-08-25,39,,,yahoo,1.0,1.0,1.0,1.0,1.0,1.0,1.0,1.0,1.0,-6.2976,-9.7857,-20.5612,-32.1383,17.185,58.8509,38.6,46.2,59.7691,-17.1243,-30.7576,-46.4774
GGB,4.71999979019165,4.610000133514404,4.769999980926514,0.0,69.47,BAJO,9050263552.0,28.81,7.84,0.88,3.07,4.48,10.48,2.37,25.41,2.07,0.29,2.76,5.0,YAHOO,0.4466,0.3589,0.5051,0.064793,5.9138,0.2817,69.55,2026-08-04,18,2026-04-27,81.0,finnhub,1.0,0.0,1.0,1.0,0.0,0.0,1.0,0.0,1.0,4.8889,15.9705,2.6087,11.6515,41.3293,39.4967,4.8,4.8923,4.8923,-1.6667,-3.5222,-3.5222
FCX,58.380001068115234,56.0,59.36000061035156,-0.31,32.18,BAJO,89056829440.0,32.78,15.45,4.56,15.63,7.77,31.07,10.34,1.92,11.01,0.33,2.39,6.0,YAHOO,0.4466,0.3589,0.5051,0.064793,5.9138,0.2817,69.55,2026-07-23,6,,,yahoo,1.0,1.0,1.0,1.0,1.0,0.0,1.0,0.0,0.0,-4.8737,-4.0156,-7.1231,-14.2916,47.7109,57.0525,69.0424,71.5463,71.5463,-15.4433,-18.4025,-18.4025
HL,14.329999923706055,14.09000015258789,14.760000228881836,-1.31,146.99,BAJO,10396042240.0,22.46,12.92,4.04,19.89,13.81,55.52,16.81,2.67,11.49,0.11,4.94,8.0,YAHOO,0.4466,0.3589,0.5051,0.064793,5.9138,0.2817,69.55,2026-08-05,19,,,yahoo,1.0,1.0,1.0,1.0,1.0,1.0,0.0,1.0,1.0,-9.4185,-12.2474,-18.7454,-24.9957,52.1793,67.3716,16.46,21.0451,31.7964,-12.9405,-31.9082,-54.932
NEM,89.69999694824219,88.75,90.94999694824219,-1.24,56.25,BAJO,101150621696.0,12.29,8.75,2.91,25.83,14.89,61.38,33.87,9.69,6.0,0.16,2.44,9.0,YAHOO,0.4466,0.3589,0.5051,0.064793,5.9138,0.2817,69.55,2026-07-23,6,,,yahoo,1.0,1.0,1.0,1.0,1.0,1.0,1.0,1.0,1.0,-5.8663,-7.5639,-17.5596,-20.7218,43.8317,50.2248,103.79,120.4188,131.3767,-13.5755,-25.51,-31.7231
GOLD,38.310001373291016,37.79999923706055,38.93000030517578,-0.96,78.76,BAJO,1133200896.0,12.73,10.76,1.31,10.82,2.76,0.86,0.35,-65.65,15.46,1.82,1.18,4.0,YAHOO,0.4466,0.3589,0.5051,0.064793,5.9138,0.2817,69.55,2026-09-07,52,2026-05-06,72.0,finnhub,1.0,0.0,1.0,1.0,0.0,0.0,0.0,1.0,0.0,-2.8897,-12.912,-0.5833,-17.4441,35.0383,43.2091,44.05,47.0317,63.5992,-13.0306,-18.5444,-39.7634
MUX,16.3700008392334,16.079999923706055,16.68000030517578,-1.33,49.96,BAJO,1066360576.0,15.13,5.26,1.62,13.09,-0.18,14.72,31.4,2.01,37.42,0.2,1.14,5.0,YAHOO,0.4466,0.3589,0.5051,0.064793,5.9138,0.2817,69.55,2026-08-05,19,,,yahoo,1.0,1.0,1.0,0.0,0.0,1.0,0.0,1.0,0.0,-8.4452,-13.3862,-28.2332,-33.8051,51.0559,65.4445,19.38,26.16,29.05,-15.5315,-37.4235,-43.6489
NXE,8.800000190734863,8.588000297546387,8.949999809265137,-0.68,27.26,BAJO,6195472384.0,,-53.94,5.18,-29.61,-3.04,,,-4.53,-61.4,0.42,1.37,2.0,YAHOO,0.4466,0.3589,0.5051,0.064793,5.9138,0.2817,69.55,2026-08-05,19,,,yahoo,0.0,0.0,0.0,1.0,0.0,1.0,0.0,0.0,0.0,-8.9969,-8.6189,-21.7082,-30.4348,53.0579,59.8411,10.65,13.1,13.92,-17.3709,-32.8244,-36.7816
MP,45.2400016784668,43.81999969482422,46.5099983215332,-0.48,-27.98,BAJO,9041746944.0,,49.41,4.59,-4.17,-2.1,-7.88,-20.48,-1.93,-2138.32,0.44,7.18,4.0,YAHOO,0.4466,0.3589,0.5051,0.064793,5.9138,0.2817,69.55,2026-08-06,20,,,yahoo,0.0,1.0,0.0,0.0,1.0,1.0,0.0,1.0,0.0,-13.3499,-15.1379,-26.1629,-27.3836,71.5043,69.4892,60.88,72.65,98.65,-25.6899,-37.7288,-54.1409
JPM,341.1000061035156,335.04998779296875,346.1300048828125,-0.6,19.81,BAJO,918777692160.0,14.68,14.21,2.7,17.79,1.36,50.18,34.92,,,,,3.0,YAHOO,0.4466,0.3589,0.5051,0.064793,5.9138,0.2817,69.55,2026-10-13,88,2026-07-14,3.0,yahoo,1.0,0.0,0.0,0.0,1.0,0.0,1.0,0.0,0.0,1.3761,2.4417,15.0521,10.5458,26.1827,22.6468,346.91,346.91,346.91,-1.6748,-1.6748,-1.6748
AXP,355.3500061035156,351.82000732421875,358.79998779296875,-1.72,17.09,BAJO,242266832896.0,22.18,17.6,7.12,34.42,3.8,21.25,16.3,,,1.78,1.57,4.0,YAHOO,0.4466,0.3589,0.5051,0.064793,5.9138,0.2817,69.55,2026-07-24,7,,,yahoo,1.0,0.0,1.0,1.0,0.0,0.0,1.0,0.0,0.0,1.3606,0.9632,13.6668,9.382,19.7417,25.3301,361.57,361.57,381.7816,-1.7203,-1.7203,-6.9232
MA,543.5999755859375,540.22998046875,551.719970703125,-1.44,-0.56,BAJO,475385823232.0,31.15,23.6,71.02,232.08,25.03,60.84,45.88,3.4,22.74,2.82,0.98,9.0,YAHOO,0.4466,0.3589,0.5051,0.064793,5.9138,0.2817,69.55,2026-07-30,13,,,yahoo,1.0,1.0,1.0,1.0,1.0,1.0,1.0,1.0,1.0,3.2008,0.9495,10.1803,5.0085,30.8476,25.3714,551.54,551.54,595.2507,-1.4396,-1.4396,-8.6771
V,358.55999755859375,357.0,364.6300048828125,-1.8,4.0,BAJO,677058772992.0,31.07,23.95,19.1,60.35,19.19,67.35,51.68,3.08,22.61,0.67,1.09,6.0,YAHOO,0.4466,0.3589,0.5051,0.064793,5.9138,0.2817,69.55,2026-07-28,11,,,yahoo,1.0,0.0,1.0,1.0,1.0,0.0,1.0,0.0,1.0,2.7481,-0.9858,10.0721,14.0283,31.0143,26.8039,365.14,365.14,365.14,-1.8021,-1.8021,-1.8021
PYPL,56.560001373291016,55.689998626708984,57.16999816894531,-0.3,-22.62,BAJO,41785335808.0,8.89,8.23,2.11,25.12,4.74,17.97,15.0,9.77,6.71,0.58,1.26,9.0,YAHOO,0.4466,0.3589,0.5051,0.064793,5.9138,0.2817,69.55,2026-07-28,11,,,yahoo,1.0,1.0,1.0,1.0,1.0,1.0,1.0,1.0,1.0,22.1071,24.3897,27.7785,13.9258,134.5939,48.1439,56.73,56.73,77.5484,-0.2997,-0.2997,-27.0649
PAGS,9.039999961853027,8.869999885559082,9.199999809265137,-1.2,17.34,BAJO,2593939200.0,6.58,4.92,0.91,14.52,6.51,37.33,10.79,201.67,0.31,0.18,1.43,7.0,YAHOO,0.4466,0.3589,0.5051,0.064793,5.9138,0.2817,69.55,2026-08-11,25,,,yahoo,1.0,0.0,1.0,1.0,1.0,0.0,1.0,1.0,1.0,-2.2703,-0.8772,2.0316,-20.0602,7.8749,41.9235,9.28,10.76,11.7187,-2.5862,-15.9851,-22.8581
NU,13.59000015258789,13.329999923706055,13.800000190734863,-1.45,4.84,BAJO,67578478592.0,21.52,12.15,5.4,30.05,4.84,48.23,41.92,,,,,4.0,YAHOO,0.4466,0.3589,0.5051,0.064793,5.9138,0.2817,69.55,2026-08-13,27,,,yahoo,1.0,0.0,1.0,1.0,1.0,0.0,0.0,0.0,0.0,-1.2355,-0.1469,11.4848,-11.9248,26.7959,39.7775,14.06,14.85,18.76,-3.3428,-8.4848,-27.5586
XP,16.670000076293945,16.260000228881836,16.94499969482422,-0.06,-0.2,BAJO,8716348416.0,8.79,7.22,1.86,22.94,1.37,29.95,28.85,,,6.77,1.39,6.0,YAHOO,0.4466,0.3589,0.5051,0.064793,5.9138,0.2817,69.55,2026-08-17,31,,,yahoo,1.0,1.0,1.0,1.0,1.0,0.0,1.0,0.0,0.0,-1.4775,3.1559,-3.3433,-20.0477,28.5869,44.4477,16.92,20.1194,22.6565,-1.4775,-17.1446,-26.423
AIG,80.5,78.38999938964844,80.94000244140625,3.17,1.95,BAJO,41886289920.0,13.91,8.92,1.04,7.72,1.88,18.62,11.84,22.72,4.99,0.23,0.61,5.0,YAHOO,0.4466,0.3589,0.5051,0.064793,5.9138,0.2817,69.55,2026-08-06,20,,,yahoo,1.0,1.0,1.0,1.0,0.0,0.0,1.0,0.0,0.0,1.6799,1.3982,6.4708,3.5988,42.6476,25.6663,81.06,81.06,85.514,-0.6908,-0.6908,-5.8633
BRK-B,490.9100036621094,490.4800109863281,502.989990234375,-0.45,4.07,BAJO,1059209281536.0,14.62,22.83,0.0,10.5,5.39,14.35,19.3,5.78,-2.25,0.18,2.88,4.0,YAHOO,0.4466,0.3589,0.5051,0.064793,5.9138,0.2817,69.55,2026-08-01,15,,,yahoo,1.0,0.0,1.0,0.0,1.0,0.0,1.0,0.0,0.0,-0.5671,-3.3223,1.7008,3.3234,14.3661,13.8662,507.78,507.78,513.81,-3.3223,-3.3223,-4.4569
BBD,3.5399999618530273,3.5199999809265137,3.5799999237060547,-0.28,31.89,BAJO,38371684352.0,8.85,6.41,1.1,13.37,1.05,35.09,25.36,,,,,4.0,YAHOO,0.4466,0.3589,0.5051,0.064793,5.9138,0.2817,69.55,2026-08-05,19,,,yahoo,1.0,1.0,0.0,0.0,1.0,0.0,1.0,0.0,0.0,-3.0137,4.7327,4.2478,-12.7428,16.5571,30.8205,3.65,3.9494,4.1156,-3.0137,-10.367,-13.9864
AEG,9.010000228881836,8.850000381469727,9.029999732971191,0.33,31.64,BAJO,13085751296.0,13.01,9.56,1.56,10.42,0.14,0.27,8.01,-1.56,,0.57,8.0,6.0,YAHOO,0.4466,0.3589,0.5051,0.064793,5.9138,0.2817,69.55,2026-08-20,34,,,finnhub,1.0,1.0,1.0,0.0,1.0,0.0,1.0,0.0,1.0,2.3864,4.0416,10.5426,15.4985,24.5463,21.004,9.08,9.08,9.08,-0.7709,-0.7709,-0.7709
SAN,13.550000190734863,13.329999923706055,13.550000190734863,-0.51,62.99,BAJO,195153068032.0,13.5,11.05,1.63,12.89,0.78,43.26,34.1,,,,,4.0,YAHOO,0.4466,0.3589,0.5051,0.064793,5.9138,0.2817,69.55,2026-07-22,5,,,yahoo,1.0,1.0,0.0,0.0,1.0,0.0,1.0,0.0,0.0,-2.3071,-2.8674,15.4174,11.5208,18.7721,31.6463,14.37,14.37,14.37,-5.7063,-5.7063,-5.7063
GGAL,49.939998626708984,48.45000076293945,50.0099983215332,-0.48,11.4,BAJO,8608234496.0,141.11,7.52,14.14,0.9,0.17,1.78,1.14,,,,,1.0,YAHOO,0.4466,0.3589,0.5051,0.064793,5.9138,0.2817,69.55,2026-08-25,39,2026-05-13,65.0,finnhub,1.0,0.0,0.0,0.0,0.0,0.0,0.0,0.0,0.0,-7.0538,-0.8537,22.432,3.8575,54.7606,58.0945,56.37,56.37,58.7525,-11.4068,-11.4068,-14.9994
MELI,1813.9100341796875,1789.0,1833.260009765625,-2.34,-24.38,BAJO,95000436736.0,49.51,32.11,13.05,31.26,5.11,6.91,6.04,-4.32,25.81,1.7,1.16,5.0,YAHOO,0.4466,0.3589,0.5051,0.064793,5.9138,0.2817,69.55,2026-08-05,19,,,yahoo,1.0,0.0,1.0,1.0,1.0,0.0,1.0,0.0,0.0,-2.0683,2.8667,17.2678,-0.4511,23.989,42.7444,1873.88,1873.88,2510.97,-3.2003,-3.2003,-27.7606
WFC,87.51000213623047,86.5,89.79000091552734,-0.64,11.36,BAJO,258302083072.0,12.4,10.85,1.6,12.03,1.05,29.45,26.74,,,,,3.0,YAHOO,0.4466,0.3589,0.5051,0.064793,5.9138,0.2817,69.55,2026-10-13,88,2026-07-14,3.0,yahoo,1.0,0.0,0.0,0.0,1.0,0.0,1.0,0.0,0.0,0.4016,2.3389,19.191,8.3204,35.444,25.6214,88.07,88.07,95.3733,-0.6359,-0.6359,-8.2448
BCS,27.81999969482422,27.139999389648438,27.940000534057617,-1.45,50.8,BAJO,92822298624.0,12.02,8.11,1.1,9.55,0.44,39.76,26.77,,,,,6.0,YAHOO,0.4466,0.3589,0.5051,0.064793,5.9138,0.2817,69.55,2026-07-28,11,,,yahoo,1.0,1.0,1.0,1.0,0.0,0.0,1.0,0.0,1.0,1.2373,0.18,23.4798,18.383,30.3301,33.0105,28.41,28.41,28.41,-2.0767,-2.0767,-2.0767
HSBC,100.61000061035156,98.37000274658203,100.7699966430664,0.09,68.48,BAJO,340391952384.0,16.4,10.04,7.8,11.61,0.72,50.68,34.98,,,,,5.0,YAHOO,0.4466,0.3589,0.5051,0.064793,5.9138,0.2817,69.55,2026-08-04,18,,,yahoo,1.0,0.0,1.0,1.0,1.0,0.0,1.0,0.0,0.0,1.534,3.9574,13.838,11.7627,10.3267,28.4511,100.61,100.61,100.61,0.0,0.0,0.0
BHP,80.63999938964844,79.05000305175781,81.55999755859375,-0.09,59.08,BAJO,214278111232.0,20.98,16.55,4.25,24.71,12.23,40.73,18.97,3.8,8.93,0.53,1.65,4.0,YAHOO,0.4466,0.3589,0.5051,0.064793,5.9138,0.2817,69.55,2026-08-17,31,,,finnhub,1.0,1.0,1.0,1.0,0.0,0.0,0.0,0.0,0.0,-1.2733,-3.2281,-4.455,1.4723,62.3252,41.6329,87.87,93.15,93.15,-8.2281,-13.43,-13.43
LYG,5.960000038146973,5.829999923706055,5.989999771118164,-1.16,48.79,BAJO,86167724032.0,14.82,9.31,1.35,10.78,0.55,41.41,26.5,,,,,6.0,YAHOO,0.4466,0.3589,0.5051,0.064793,5.9138,0.2817,69.55,2026-07-30,13,,,yahoo,1.0,1.0,1.0,1.0,0.0,0.0,1.0,0.0,1.0,-0.6667,-1.6502,18.0198,7.1942,23.3495,31.9205,6.17,6.17,6.17,-3.4036,-3.4036,-3.4036
ING,32.33000183105469,31.889999389648438,32.4900016784668,-1.52,46.85,BAJO,93651714048.0,13.1,10.46,1.63,16.57,0.78,41.68,34.23,,,,,2.0,YAHOO,0.4466,0.3589,0.5051,0.064793,5.9138,0.2817,69.55,2026-07-30,13,,,yahoo,1.0,0.0,0.0,0.0,0.0,0.0,1.0,0.0,0.0,-0.1852,0.7165,9.8912,13.9986,27.8838,28.6508,33.31,33.31,33.31,-2.9421,-2.9421,-2.9421
IBN,29.760000228881836,29.56999969482422,30.030000686645508,0.64,-9.22,BAJO,104011145216.0,18.24,15.18,2.73,16.36,2.08,33.29,24.93,,,,,3.0,YAHOO,0.4466,0.3589,0.5051,0.064793,5.9138,0.2817,69.55,2026-07-18,1,,,yahoo,1.0,0.0,1.0,1.0,0.0,0.0,0.0,0.0,0.0,2.6207,0.9156,14.2418,4.8626,15.0794,21.8083,30.08,30.08,34.1396,-1.0638,-1.0638,-12.8284
MUFG,21.31999969482422,21.190000534057617,21.549999237060547,-3.66,60.88,BAJO,253729636352.0,17.18,21.84,2.11,9.4,0.45,116.93,25.77,,,,,1.0,YAHOO,0.4466,0.3589,0.5051,0.064793,5.9138,0.2817,69.55,2026-08-03,17,,,yahoo,1.0,0.0,0.0,0.0,0.0,0.0,0.0,0.0,0.0,-1.5242,3.4449,13.1635,15.9957,47.9788,24.7898,22.77,22.77,22.77,-6.368,-6.368,-6.368
GS,1065.219970703125,1047.1500244140625,1085.9300537109375,-2.76,53.89,BAJO,336308469760.0,19.12,16.99,3.2,16.95,1.07,42.32,31.04,,,6.47,2.57,4.0,YAHOO,0.4466,0.3589,0.5051,0.064793,5.9138,0.2817,69.55,2026-10-13,88,2026-07-14,3.0,yahoo,1.0,1.0,0.0,0.0,0.0,0.0,1.0,0.0,1.0,0.9515,4.331,12.8043,18.8794,97.1668,37.9382,1152.0699,1152.0699,1152.0699,-7.5386,-7.5386,-7.5386
BX,126.91000366210938,126.12000274658203,131.0,-1.6,-21.59,BAJO,152244961280.0,31.94,16.73,11.69,29.53,13.03,38.03,21.21,,,0.72,0.9,5.0,YAHOO,0.4466,0.3589,0.5051,0.064793,5.9138,0.2817,69.55,2026-07-23,6,,,yahoo,1.0,0.0,1.0,1.0,1.0,0.0,0.0,0.0,1.0,3.1034,3.3637,7.6512,-0.0344,27.7071,38.7444,128.97,128.97,183.1742,-1.5973,-1.5973,-30.7162
ITUB,8.199999809265137,8.15999984741211,8.279999732971191,-1.2,46.89,BAJO,94237007872.0,10.69,8.57,2.3,21.82,1.57,33.08,33.28,,,,,4.0,YAHOO,0.4466,0.3589,0.5051,0.064793,5.9138,0.2817,69.55,2026-08-04,18,,,yahoo,1.0,1.0,1.0,0.0,0.0,0.0,1.0,0.0,0.0,-4.8724,0.9852,5.6472,-11.1932,18.9935,29.8401,8.62,8.9267,9.3824,-4.8724,-8.1411,-12.6023
BAC,61.27000045776367,60.65999984741211,62.119998931884766,-0.36,32.76,BAJO,425429204992.0,14.0,11.83,1.57,11.2,0.97,38.3,29.52,,,,,5.0,YAHOO,0.4466,0.3589,0.5051,0.064793,5.9138,0.2817,69.55,2026-10-14,89,2026-07-14,3.0,yahoo,1.0,1.0,1.0,0.0,0.0,0.0,1.0,0.0,1.0,2.6814,4.3249,23.7459,15.0969,18.4768,20.6274,61.59,61.59,61.59,-0.5196,-0.5196,-0.5196
RACE,376.8299865722656,375.625,379.5799865722656,-1.5,-24.12,BAJO,64931008512.0,36.51,30.03,14.08,41.97,13.08,29.48,22.19,1.52,27.41,0.72,2.57,9.0,YAHOO,0.4466,0.3589,0.5051,0.064793,5.9138,0.2817,69.55,2026-07-30,13,,,yahoo,1.0,1.0,1.0,1.0,1.0,1.0,1.0,1.0,1.0,0.0504,-2.1145,17.3194,6.9166,28.2629,36.9614,391.86,391.86,511.744,-3.8356,-3.8356,-26.3636
C,129.36000061035156,127.08000183105469,131.25,-1.78,42.03,BAJO,227302244352.0,14.36,10.56,1.19,7.65,0.61,34.08,20.36,,,,,3.0,YAHOO,0.4466,0.3589,0.5051,0.064793,5.9138,0.2817,69.55,2026-10-13,88,2026-07-14,3.0,yahoo,1.0,0.0,0.0,0.0,1.0,0.0,1.0,0.0,0.0,-8.1185,-7.5802,4.8128,0.4886,42.3092,27.235,145.67,145.67,145.67,-11.1965,-11.1965,-11.1965
SCHW,101.55999755859375,100.80999755859375,102.80999755859375,-1.21,7.82,BAJO,175826599936.0,20.1,13.47,4.14,19.08,1.97,49.35,37.99,,,1.21,0.63,7.0,YAHOO,0.4466,0.3589,0.5051,0.064793,5.9138,0.2817,69.55,2026-07-21,4,,,yahoo,1.0,1.0,1.0,1.0,1.0,0.0,1.0,0.0,1.0,-1.5128,4.701,11.7518,10.0458,21.809,26.5602,103.12,103.12,106.4671,-1.5128,-1.5128,-4.6091
PG,149.97999572753906,149.30999755859375,154.32000732421875,-1.0,-0.73,BAJO,340161757184.0,21.71,20.69,6.33,31.11,10.93,23.05,19.16,3.74,14.61,0.68,0.73,6.0,YAHOO,0.4466,0.3589,0.5051,0.064793,5.9138,0.2817,69.55,2026-07-29,12,,,yahoo,1.0,1.0,1.0,1.0,1.0,0.0,1.0,0.0,0.0,1.9995,-0.9445,5.9405,5.5896,29.439,24.3402,152.75,152.75,165.9504,-1.8134,-1.8134,-9.6236
KO,81.55999755859375,80.83000183105469,85.55999755859375,-3.96,20.53,BAJO,357450252288.0,26.13,23.87,10.63,43.37,9.51,35.05,27.8,0.87,23.36,1.25,1.36,7.0,YAHOO,0.4466,0.3589,0.5051,0.064793,5.9138,0.2817,69.55,2026-07-28,11,,,yahoo,1.0,1.0,1.0,0.0,1.0,1.0,1.0,1.0,0.0,-2.3117,-3.0663,1.5671,9.1867,45.567,23.9173,84.92,84.92,84.92,-3.9567,-3.9567,-3.9567
PEP,137.1199951171875,136.17999267578125,141.9600067138672,-1.66,-0.02,BAJO,185024692224.0,17.75,15.07,8.67,51.51,8.88,16.97,10.79,4.22,12.11,2.39,0.93,5.0,YAHOO,0.4466,0.3589,0.5051,0.064793,5.9138,0.2817,69.55,2026-10-08,83,2026-07-09,8.0,yahoo,1.0,0.0,1.0,1.0,0.0,1.0,1.0,0.0,0.0,-0.1893,-4.923,-7.0798,-12.5125,36.9064,24.7225,144.98,156.8399,167.221,-5.4214,-12.5733,-18.0007
MO,74.20999908447266,73.5999984741211,75.27999877929688,1.62,37.04,BAJO,117159575552.0,14.65,11.94,-36.5,,27.61,62.29,39.52,7.29,8.76,,0.62,6.0,YAHOO,0.4466,0.3589,0.5051,0.064793,5.9138,0.2817,69.55,2026-07-30,13,,,yahoo,1.0,0.0,1.0,1.0,0.0,1.0,1.0,1.0,0.0,3.3709,2.063,3.0508,15.9837,39.3849,29.1691,74.21,74.21,74.21,0.0,0.0,0.0
WMT,114.23999786376953,113.5999984741211,118.08999633789062,-0.62,21.66,BAJO,904833531904.0,40.04,34.6,9.6,24.13,6.83,4.22,3.14,0.76,21.77,0.75,0.77,7.0,YAHOO,0.4466,0.3589,0.5051,0.064793,5.9138,0.2817,69.55,2026-08-20,34,,,yahoo,1.0,1.0,1.0,1.0,1.0,0.0,1.0,1.0,0.0,0.2985,2.1459,-13.0924,-8.3015,24.0797,27.6527,119.42,134.2,134.2,-4.3376,-14.8733,-14.8733
TGT,139.60000610351562,138.3300018310547,144.39999389648438,-0.44,41.3,BAJO,60861607936.0,17.7,15.02,3.71,22.02,5.68,4.52,3.24,5.16,9.18,1.18,0.93,6.0,YAHOO,0.4466,0.3589,0.5051,0.064793,5.9138,0.2817,69.55,2026-08-19,33,,,yahoo,1.0,0.0,1.0,1.0,1.0,1.0,1.0,0.0,0.0,3.3003,7.2114,14.8593,13.7269,28.223,34.7159,141.2,141.2,141.2,-1.1331,-1.1331,-1.1331
MCD,267.7099914550781,267.19000244140625,276.3599853515625,-2.1,-7.23,BAJO,191083446272.0,22.17,18.97,-148.59,,13.56,44.25,31.62,3.12,16.46,,1.14,6.0,YAHOO,0.4466,0.3589,0.5051,0.064793,5.9138,0.2817,69.55,2026-08-04,18,,,yahoo,1.0,0.0,1.0,1.0,1.0,0.0,1.0,1.0,0.0,-2.5091,-4.6039,-2.4836,-12.1952,38.8963,23.4028,282.21,300.492,336.8806,-5.138,-10.9094,-20.5327
SBUX,105.48999786376953,105.08000183105469,109.2300033569336,-2.66,15.89,BAJO,121001943040.0,81.05,35.3,-14.29,,7.38,8.42,3.89,-1.08,26.64,,0.92,5.0,YAHOO,0.4466,0.3589,0.5051,0.064793,5.9138,0.2817,69.55,2026-07-29,12,,,yahoo,1.0,0.0,1.0,1.0,1.0,0.0,0.0,0.0,1.0,-0.4905,1.17,-1.2451,7.8775,39.0901,28.4314,108.37,108.37,108.37,-2.6576,-2.6576,-2.6576
NKE,43.7599983215332,43.52000045776367,44.97999954223633,-1.82,-37.5,BAJO,63470821376.0,20.81,18.15,4.27,22.14,6.33,11.95,6.7,,14.45,0.74,1.96,4.0,YAHOO,0.4466,0.3589,0.5051,0.064793,5.9138,0.2817,69.55,2026-09-29,74,2026-06-30,17.0,yahoo,,,,,,,,,,-1.3748,-0.7485,5.424,-3.3883,46.0861,33.7071,45.2,46.9499,77.1236,-3.1858,-6.7942,-43.2599
MDLZ,61.0,60.650001525878906,63.040000915527344,-0.68,-9.12,BAJO,75478605824.0,29.11,17.42,2.93,10.16,3.43,9.31,6.64,3.77,18.33,0.84,0.54,5.0,YAHOO,0.4466,0.3589,0.5051,0.064793,5.9138,0.2817,69.55,2026-07-28,11,,,yahoo,1.0,0.0,1.0,1.0,0.0,0.0,1.0,0.0,1.0,3.6886,0.1478,1.7725,7.7822,44.6718,25.7611,61.42,63.6465,68.3748,-0.6838,-4.1581,-10.7859
HSY,171.4199981689453,170.88999938964844,177.66000366210938,-1.89,3.53,BAJO,34779525120.0,31.93,17.34,7.35,23.23,7.84,21.34,9.12,4.39,17.51,1.2,1.24,4.0,YAHOO,0.4466,0.3589,0.5051,0.064793,5.9138,0.2817,69.55,2026-07-30,13,,,yahoo,1.0,0.0,1.0,1.0,0.0,1.0,0.0,0.0,0.0,-1.2899,-5.8856,-8.3217,-9.7315,34.7816,31.3975,183.04,197.82,234.4774,-6.3483,-13.3455,-26.8927
ANF,95.23999786376953,94.30000305175781,98.58000183105469,-2.19,2.36,BAJO,4126373120.0,8.98,7.92,3.08,39.22,12.73,7.98,9.34,6.87,5.83,0.95,1.45,5.0,YAHOO,0.4466,0.3589,0.5051,0.064793,5.9138,0.2817,69.55,2026-08-26,40,,,yahoo,1.0,0.0,1.0,1.0,0.0,1.0,1.0,0.0,0.0,2.3316,3.0513,34.9582,2.5299,45.1949,49.5932,97.37,97.37,129.85,-2.1875,-2.1875,-26.6538
EBAY,112.05999755859375,109.8499984741211,112.27999877929688,1.04,45.71,BAJO,49967759360.0,25.99,16.71,11.38,42.88,8.59,23.15,17.61,2.4,17.89,1.63,1.22,5.0,YAHOO,0.4466,0.3589,0.5051,0.064793,5.9138,0.2817,69.55,2026-07-29,12,,,yahoo,1.0,1.0,1.0,0.0,0.0,0.0,1.0,0.0,1.0,-4.3857,-2.4208,-3.2372,10.2105,24.2364,32.8245,117.33,118.6311,118.6311,-4.4916,-5.5391,-5.5391
ABEV,3.0299999713897705,3.009999990463257,3.059999942779541,-0.66,31.1,BAJO,47749136384.0,16.26,14.36,2.75,17.25,9.78,26.23,17.66,38.12,1.2,0.03,1.03,8.0,YAHOO,0.4466,0.3589,0.5051,0.064793,5.9138,0.2817,69.55,2026-07-30,13,,,yahoo,1.0,1.0,1.0,1.0,1.0,0.0,1.0,1.0,1.0,-1.3029,-2.2581,-1.021,-0.372,21.2352,42.6245,3.23,3.4202,3.4202,-6.192,-11.4095,-11.4095
UL,62.38999938964844,62.040000915527344,63.459999084472656,-0.51,-3.49,BAJO,131000647680.0,20.62,15.68,7.5,30.95,8.43,20.05,18.75,4.79,14.56,1.61,0.79,7.0,YAHOO,0.4466,0.3589,0.5051,0.064793,5.9138,0.2817,69.55,2026-07-28,11,,,finnhub,1.0,1.0,1.0,0.0,0.0,1.0,1.0,1.0,1.0,1.0855,-0.144,10.9353,9.9663,22.4308,22.7468,62.74,62.74,73.3215,-0.5579,-0.5579,-14.909
URBN,72.9800033569336,72.6500015258789,76.55000305175781,-3.24,1.63,BAJO,6010726400.0,13.5,10.4,2.24,18.73,8.36,8.96,7.48,0.08,8.99,0.46,1.48,8.0,YAHOO,0.4466,0.3589,0.5051,0.064793,5.9138,0.2817,69.55,2026-08-25,39,2026-05-20,58.0,finnhub,1.0,1.0,1.0,1.0,0.0,1.0,1.0,1.0,1.0,6.0293,3.1957,5.8448,5.0374,52.1765,39.0418,76.42,77.38,82.7,-4.5014,-5.6862,-11.7533
CL,92.9800033569336,92.58999633789062,95.93000030517578,-1.16,9.58,BAJO,72841232384.0,35.28,22.46,502.93,363.58,16.1,20.92,10.04,4.56,16.2,16.41,1.02,5.0,YAHOO,0.4466,0.3589,0.5051,0.064793,5.9138,0.2817,69.55,2026-07-31,14,,,yahoo,1.0,0.0,1.0,1.0,1.0,0.0,1.0,0.0,0.0,0.8023,-2.2601,5.5032,11.8845,35.6364,25.5191,95.13,95.13,98.5277,-2.2601,-2.2601,-5.6306
COST,940.8699951171875,933.760009765625,964.3300170898438,-0.5,-0.04,BAJO,408776605696.0,46.3,40.73,24.73,29.15,8.67,3.67,3.01,1.7,29.52,0.6,1.07,6.0,YAHOO,0.4466,0.3589,0.5051,0.064793,5.9138,0.2817,69.55,2026-09-24,69,,,yahoo,1.0,0.0,1.0,1.0,1.0,1.0,0.0,1.0,0.0,2.687,-1.1348,-10.3036,-4.5557,29.2911,23.55,961.09,1094.3199,1094.3199,-2.1039,-14.0224,-14.0224
KMB,108.3499984741211,107.73999786376953,111.18000030517578,-0.59,-10.42,BAJO,35457867776.0,20.66,14.11,19.74,111.73,10.16,19.65,12.8,2.97,12.57,3.71,0.77,4.0,YAHOO,0.4466,0.3589,0.5051,0.064793,5.9138,0.2817,69.55,2026-08-04,18,,,yahoo,1.0,0.0,1.0,1.0,1.0,0.0,0.0,0.0,0.0,-3.6118,-5.5527,14.5222,12.1141,34.7932,28.9369,114.74,114.74,130.3862,-5.5691,-5.5691,-16.9007
ORLY,86.05000305175781,85.27999877929688,88.08000183105469,-0.23,-6.35,BAJO,71062315008.0,27.93,23.7,-66.89,,13.81,18.45,14.3,1.87,19.47,,0.76,7.0,YAHOO,0.4466,0.3589,0.5051,0.064793,5.9138,0.2817,69.55,2026-07-29,12,,,yahoo,1.0,0.0,1.0,1.0,1.0,1.0,1.0,1.0,0.0,-0.2666,-4.6537,-2.7574,-7.1837,52.8423,34.529,92.69,99.4,107.82,-7.1637,-13.4306,-20.1911
PM,192.97999572753906,190.60000610351562,194.6199951171875,1.65,12.35,BAJO,274228428800.0,24.75,19.31,-29.55,,15.46,36.04,26.74,3.13,17.36,,0.98,7.0,YAHOO,0.4466,0.3589,0.5051,0.064793,5.9138,0.2817,69.55,2026-07-22,5,,,yahoo,1.0,1.0,1.0,1.0,1.0,1.0,0.0,1.0,0.0,6.2548,5.8759,2.6211,24.5391,48.6815,32.4319,192.98,192.98,192.98,0.0,0.0,0.0
ETSY,84.0999984741211,82.70999908447266,84.84600067138672,0.74,41.47,BAJO,7882080768.0,31.82,12.86,-6.93,,10.15,18.98,9.81,2.1,21.71,,1.69,5.0,YAHOO,0.4466,0.3589,0.5051,0.064793,5.9138,0.2817,69.55,2026-07-29,12,,,yahoo,1.0,0.0,1.0,1.0,1.0,0.0,1.0,0.0,0.0,3.7631,9.2633,44.8252,41.0837,43.7379,50.1163,85.74,85.74,85.74,-1.9128,-1.9128,-1.9128
TM,177.61000061035156,177.30999755859375,179.14999389648438,-1.2,5.77,BAJO,208674209792.0,9.65,11.17,14.77,10.23,2.37,4.57,7.59,-577.38,6.2,1.07,1.27,3.0,YAHOO,0.4466,0.3589,0.5051,0.064793,5.9138,0.2817,69.55,2026-08-04,18,,,yahoo,1.0,0.0,1.0,1.0,0.0,0.0,0.0,0.0,0.0,0.6574,1.7298,-6.8544,-16.5602,18.7696,26.1116,179.8,200.43,248.29,-1.218,-11.3855,-28.4667
HMC,28.15999984741211,28.110000610351562,28.350000381469727,-2.12,-5.67,BAJO,36447526912.0,,5.66,0.5,-2.85,-0.81,-17.28,-1.95,-3473.24,9.9,1.14,1.28,3.0,YAHOO,0.4466,0.3589,0.5051,0.064793,5.9138,0.2817,69.55,2026-08-05,19,,,yahoo,0.0,0.0,1.0,1.0,0.0,0.0,1.0,0.0,0.0,0.8235,0.4996,7.563,15.5993,35.9571,34.2098,29.63,29.63,34.85,-4.9612,-4.9612,-19.1966
NSANY,4.070000171661377,4.010000228881836,4.099999904632568,0.49,-2.17,BAJO,6678090240.0,,4.44,0.23,-9.86,0.19,1.99,-4.44,-20099.24,22.38,1.7,1.56,5.0,YAHOO,0.4466,0.3589,0.5051,0.064793,5.9138,0.2817,69.55,2026-08-03,17,,,yahoo,0.0,0.0,1.0,1.0,1.0,0.0,1.0,0.0,1.0,3.8265,5.168,-14.3158,-11.5217,26.3729,48.8239,4.3,5.08,6.05,-5.3488,-19.8819,-32.7273
GM,76.06999969482422,75.98999786376953,77.94000244140625,-2.12,44.7,BAJO,69311004672.0,28.05,5.43,1.11,4.01,2.69,9.36,1.38,32.41,9.61,1.99,1.15,5.0,YAHOO,0.4466,0.3589,0.5051,0.064793,5.9138,0.2817,69.55,2026-07-21,4,,,yahoo,1.0,0.0,1.0,1.0,0.0,1.0,1.0,0.0,0.0,-2.2864,0.0921,1.8366,-2.3256,21.2785,32.1549,80.43,84.1676,85.9896,-5.4209,-9.6208,-11.5358
ARCO,8.229999542236328,8.180000305175781,8.520000457763672,-0.84,17.25,BAJO,1727437056.0,7.39,9.53,2.23,36.28,6.71,5.16,4.86,10.56,6.08,2.79,0.8,6.0,YAHOO,0.4466,0.3589,0.5051,0.064793,5.9138,0.2817,69.55,2026-08-13,27,,,yahoo,1.0,1.0,1.0,1.0,0.0,1.0,1.0,0.0,0.0,-2.7187,0.0,2.0656,-4.2914,17.3497,40.9652,8.48,9.3826,9.4222,-2.9481,-12.284,-12.6533
HD,338.8699951171875,338.0899963378906,353.9800109863281,-2.63,-2.74,BAJO,336766173184.0,23.99,20.99,24.27,128.38,12.52,11.93,8.41,3.01,15.99,4.59,1.04,4.0,YAHOO,0.4466,0.3589,0.5051,0.064793,5.9138,0.2817,69.55,2026-08-18,32,,,yahoo,1.0,0.0,1.0,1.0,1.0,0.0,0.0,0.0,0.0,-1.2904,-5.3171,14.7564,1.264,31.4529,28.4761,357.9,357.9,414.7939,-5.3171,-5.3171,-18.304
DIS,97.66999816894531,97.05000305175781,99.79000091552734,-2.05,-17.93,BAJO,166479364096.0,15.34,12.82,1.54,11.01,4.45,15.51,11.54,2.25,10.89,0.41,0.68,8.0,YAHOO,0.4466,0.3589,0.5051,0.064793,5.9138,0.2817,69.55,2026-08-05,19,,,yahoo,1.0,1.0,1.0,1.0,1.0,0.0,1.0,1.0,1.0,2.1439,-1.8392,-4.1877,-5.2759,31.9212,28.0293,103.1,107.8337,121.1852,-5.2667,-9.4254,-19.4044
JNJ,253.0399932861328,251.9499969482422,255.66000366210938,1.23,58.9,BAJO,611072016384.0,29.41,19.9,7.52,26.42,8.42,27.41,21.83,2.05,18.76,0.68,1.02,3.0,YAHOO,0.4466,0.3589,0.5051,0.064793,5.9138,0.2817,69.55,2026-07-15,999,,,yahoo,1.0,1.0,1.0,0.0,0.0,0.0,0.0,0.0,0.0,-1.5332,-3.8017,12.2559,8.5082,31.3312,24.7421,267.24,267.24,267.24,-5.3136,-5.3136,-5.3136
LLY,1179.1099853515625,1151.010009765625,1187.949951171875,0.85,54.33,BAJO,1027767664640.0,40.99,25.68,33.01,107.46,20.74,49.39,34.99,0.89,29.43,1.39,1.5,7.0,YAHOO,0.4466,0.3589,0.5051,0.064793,5.9138,0.2817,69.55,2026-08-05,19,,,yahoo,1.0,1.0,1.0,0.0,0.0,1.0,1.0,1.0,1.0,-0.7967,-2.8668,17.3337,30.6585,26.2026,38.021,1235.5601,1235.5601,1235.5601,-4.5688,-4.5688,-4.5688
NVO,50.31999969482422,50.0,51.400001525878906,-2.25,-17.51,BAJO,217077366784.0,11.77,14.74,7.02,71.4,19.25,61.57,37.21,-5.55,1.97,0.72,0.79,4.0,YAHOO,0.4466,0.3589,0.5051,0.064793,5.9138,0.2817,69.55,2026-08-05,19,,,yahoo,1.0,0.0,1.0,1.0,0.0,1.0,0.0,0.0,0.0,1.6977,-0.2181,12.4721,22.9416,37.3481,35.8464,51.48,51.48,68.3928,-2.2533,-2.2533,-26.425
AMGN,366.2900085449219,361.7200012207031,378.5400085449219,-1.42,28.46,BAJO,191731367936.0,24.69,15.16,20.86,101.32,8.35,33.8,20.96,3.88,14.01,6.24,1.26,7.0,YAHOO,0.4466,0.3589,0.5051,0.064793,5.9138,0.2817,69.55,2026-08-04,18,,,yahoo,1.0,1.0,1.0,1.0,1.0,0.0,0.0,1.0,1.0,0.798,-2.1008,12.2522,5.6287,38.6982,26.4237,374.15,374.15,385.2508,-2.1008,-2.1008,-4.9217
UNH,426.0899963378906,425.1000061035156,437.4700012207031,0.64,55.25,BAJO,386133917696.0,32.04,20.21,3.94,12.18,3.78,8.05,2.68,4.58,20.51,0.74,0.8,6.0,YAHOO,0.4466,0.3589,0.5051,0.064793,5.9138,0.2817,69.55,2026-07-16,999,,,yahoo,1.0,0.0,1.0,1.0,1.0,0.0,1.0,0.0,1.0,0.3462,0.1716,8.8037,35.4373,20.3516,24.9715,431.68,431.68,431.68,-1.2949,-1.2949,-1.2949
PFE,25.049999237060547,24.969999313354492,25.649999618530273,-0.36,9.99,BAJO,138211524608.0,18.51,8.55,1.53,8.31,5.69,31.62,11.83,8.95,7.47,0.72,1.25,5.0,YAHOO,0.4466,0.3589,0.5051,0.064793,5.9138,0.2817,69.55,2026-08-04,18,,,yahoo,1.0,0.0,1.0,1.0,0.0,0.0,0.0,1.0,1.0,3.6409,3.0016,-1.1054,-6.453,23.9463,19.5808,25.21,26.5616,28.0864,-0.6347,-5.6908,-10.8109
ABT,100.68000030517578,99.47000122070312,102.12999725341797,1.87,-16.25,BAJO,154951696384.0,24.92,14.69,2.98,12.33,5.59,13.47,13.9,4.09,15.53,0.65,1.39,5.0,YAHOO,0.4466,0.3589,0.5051,0.064793,5.9138,0.2817,69.55,2026-07-16,999,,,yahoo,1.0,0.0,1.0,1.0,1.0,0.0,0.0,1.0,0.0,7.9507,6.2873,20.0403,6.2094,93.8598,35.3863,100.68,100.68,133.5335,0.0,0.0,-24.6032
CVS,107.47000122070312,106.61000061035156,108.97000122070312,0.91,80.26,BAJO,135477960704.0,46.57,12.62,1.75,3.75,2.67,4.12,0.72,3.84,13.12,1.01,0.87,6.0,YAHOO,0.4466,0.3589,0.5051,0.064793,5.9138,0.2817,69.55,2026-08-05,19,,,yahoo,1.0,0.0,1.0,1.0,1.0,1.0,0.0,0.0,1.0,3.1877,2.6261,12.0763,41.1815,7.8218,30.8558,107.47,107.47,107.47,0.0,0.0,0.0
ABBV,254.49000549316406,254.2899932861328,260.9599914550781,0.04,39.1,BAJO,432475537408.0,120.58,15.06,-64.98,,10.03,32.16,5.79,4.81,16.58,,0.8,7.0,YAHOO,0.4466,0.3589,0.5051,0.064793,5.9138,0.2817,69.55,2026-07-31,14,,,yahoo,1.0,0.0,1.0,1.0,1.0,1.0,0.0,1.0,1.0,3.314,-1.8266,21.8221,22.6381,37.5008,29.4164,259.2249,259.2249,259.2249,-1.8266,-1.8266,-1.8266
TMO,532.47998046875,531.6199951171875,542.02001953125,-1.97,29.32,BAJO,198471876608.0,29.33,19.6,3.82,13.52,5.0,17.89,15.15,2.78,21.11,0.83,1.53,5.0,YAHOO,0.4466,0.3589,0.5051,0.064793,5.9138,0.2817,69.55,2026-07-23,6,,,yahoo,1.0,0.0,1.0,1.0,0.0,1.0,1.0,0.0,0.0,1.0303,1.727,21.5982,3.2972,24.3708,36.5462,543.19,543.19,638.1787,-1.9717,-1.9717,-16.5626
AZN,168.89999389648438,167.14999389648438,170.30999755859375,-0.23,25.37,BAJO,255119261696.0,24.74,17.75,5.38,23.48,8.49,27.94,17.19,2.57,14.04,0.72,0.91,7.0,YAHOO,0.4466,0.3589,0.5051,0.064793,5.9138,0.2817,69.55,2026-07-27,10,,,yahoo,1.0,1.0,1.0,1.0,1.0,1.0,0.0,1.0,0.0,-1.5792,-13.4512,-6.9832,-15.748,34.863,31.1427,195.15,195.15,208.62,-13.4512,-13.4512,-19.0394
CAH,228.52000427246094,228.42999267578125,233.22000122070312,-0.09,45.17,BAJO,53893107712.0,35.08,19.15,-19.09,,3.6,1.41,0.62,9.0,14.78,,0.91,6.0,YAHOO,0.4466,0.3589,0.5051,0.064793,5.9138,0.2817,69.55,2026-08-11,25,,,yahoo,1.0,1.0,1.0,1.0,0.0,0.0,1.0,1.0,0.0,-3.0874,-4.3609,17.3245,7.4695,27.5064,26.9258,239.71,239.71,239.71,-4.6681,-4.6681,-4.6681
ISRG,345.4200134277344,344.54998779296875,367.739990234375,-14.15,-32.93,BAJO,134404800512.0,46.06,32.2,7.7,17.23,10.24,30.87,28.15,1.68,33.46,,4.61,7.0,YAHOO,0.4466,0.3589,0.5051,0.064793,5.9138,0.2817,69.55,2026-07-16,999,,,yahoo,1.0,1.0,1.0,1.0,0.0,1.0,1.0,0.0,1.0,-15.0843,-18.9174,-17.9759,-24.594,132.1466,45.7647,432.83,483.62,592.85,-20.195,-28.5762,-41.7357
MRNA,61.81999969482422,61.060001373291016,63.279998779296875,-2.11,98.22,BAJO,26759266304.0,,-16.4,3.61,-36.56,-13.09,-131.1,-143.55,-0.07,-9.94,0.18,2.41,3.0,YAHOO,0.4466,0.3589,0.5051,0.064793,5.9138,0.2817,69.55,2026-07-31,14,,,yahoo,0.0,1.0,0.0,1.0,0.0,0.0,0.0,1.0,0.0,-9.4478,-22.4925,26.0604,13.0578,63.4322,78.1744,81.8,81.8,81.8,-24.4254,-24.4254,-24.4254
NVS,153.75999450683594,153.13999938964844,155.3000030517578,0.67,39.14,BAJO,286900715520.0,21.54,15.42,7.45,34.93,10.54,30.48,23.92,4.19,14.28,1.21,0.85,8.0,YAHOO,0.4466,0.3589,0.5051,0.064793,5.9138,0.2817,69.55,2026-07-21,4,,,yahoo,1.0,1.0,1.0,1.0,0.0,1.0,1.0,1.0,1.0,-0.1883,-3.8399,3.8358,2.6915,22.4685,24.6248,159.9,159.9,163.6393,-3.8399,-3.8399,-6.0373
PHG,26.950000762939453,26.84000015258789,27.239999771118164,-1.25,14.28,BAJO,25329866752.0,22.86,12.89,1.91,8.36,3.48,6.17,5.5,5.99,14.51,0.71,1.32,7.0,YAHOO,0.4466,0.3589,0.5051,0.064793,5.9138,0.2817,69.55,2026-07-28,11,,,yahoo,1.0,1.0,1.0,1.0,0.0,1.0,0.0,1.0,1.0,-1.6423,-2.8479,6.8173,-2.2,56.2393,29.0311,28.23,28.23,31.6757,-4.5342,-4.5342,-14.9191
MRK,127.5,127.02999877929688,131.74000549316406,-0.1,65.25,BAJO,298305388544.0,34.02,12.55,6.5,18.94,12.58,38.6,13.59,4.71,11.58,1.07,1.3,4.0,YAHOO,0.4466,0.3589,0.5051,0.064793,5.9138,0.2817,69.55,2026-08-04,18,,,yahoo,1.0,0.0,1.0,0.0,0.0,1.0,1.0,0.0,0.0,3.2054,-1.59,15.2962,11.222,41.8794,30.6502,129.56,129.56,129.56,-1.59,-1.59,-1.59
GILD,134.27999877929688,134.08999633789062,140.61000061035156,-1.48,27.77,BAJO,161453735936.0,17.69,13.39,6.87,43.36,13.29,39.28,30.99,4.91,11.79,0.95,1.97,8.0,YAHOO,0.4466,0.3589,0.5051,0.064793,5.9138,0.2817,69.55,2026-08-06,20,,,yahoo,1.0,1.0,1.0,1.0,1.0,0.0,1.0,1.0,1.0,3.4276,2.293,4.3081,-2.445,36.4637,29.2829,136.36,136.36,153.9087,-1.5254,-1.5254,-12.7535
BMY,60.7400016784668,60.470001220703125,62.290000915527344,0.38,34.87,BAJO,116295958528.0,15.95,9.18,5.79,38.73,10.69,33.04,15.01,8.47,8.03,2.31,1.42,8.0,YAHOO,0.4466,0.3589,0.5051,0.064793,5.9138,0.2817,69.55,2026-07-30,13,,,yahoo,1.0,1.0,1.0,1.0,1.0,1.0,0.0,1.0,1.0,5.488,4.4899,7.7643,4.1819,53.2407,31.6878,60.74,60.74,61.0444,0.0,0.0,-0.4986
HIMS,32.84000015258789,31.90999984741211,34.040000915527344,-2.49,-34.35,BAJO,8135738368.0,,39.49,18.17,-2.66,0.6,-7.9,-0.56,2.14,102.1,2.54,1.69,4.0,YAHOO,0.4466,0.3589,0.5051,0.064793,5.9138,0.2817,69.55,2026-08-10,24,,,yahoo,1.0,0.0,1.0,1.0,0.0,1.0,0.0,0.0,0.0,-4.4794,-10.7609,31.0978,21.6747,103.9444,82.8546,38.28,38.28,66.18,-14.2111,-14.2111,-50.3778
CAT,880.280029296875,838.3300170898438,893.1900024414062,0.35,115.54,BAJO,429888929792.0,46.5,30.73,23.04,51.33,8.52,18.18,13.33,0.88,32.27,2.31,1.35,6.0,YAHOO,0.4466,0.3589,0.5051,0.064793,5.9138,0.2817,69.55,2026-08-04,18,,,yahoo,1.0,0.0,1.0,1.0,1.0,1.0,1.0,0.0,0.0,-7.5734,-8.6401,-0.904,14.1454,33.2113,49.124,1064.9,1064.9,1064.9,-17.3368,-17.3368,-17.3368
GE,348.8299865722656,343.0199890136719,357.05999755859375,0.9,33.63,BAJO,369587585024.0,43.83,40.59,20.44,45.43,4.85,20.21,17.86,1.53,34.43,1.17,1.01,6.0,YAHOO,0.4466,0.3589,0.5051,0.064793,5.9138,0.2817,69.55,2026-07-16,999,,,yahoo,1.0,1.0,1.0,0.0,0.0,0.0,1.0,1.0,1.0,-2.9059,-7.4844,24.0595,17.089,41.4098,33.9519,378.68,378.68,378.68,-7.8826,-7.8826,-7.8826
LMT,508.7699890136719,507.67999267578125,527.3300170898438,-0.92,13.08,BAJO,118737952768.0,24.94,16.05,15.82,67.64,7.23,11.0,6.38,3.36,17.2,2.76,1.14,6.0,YAHOO,0.4466,0.3589,0.5051,0.064793,5.9138,0.2817,69.55,2026-07-23,6,,,yahoo,1.0,0.0,1.0,1.0,1.0,0.0,1.0,1.0,0.0,-2.7617,-6.8033,-0.7576,-15.7022,8.0286,28.3746,545.91,551.8175,672.2988,-6.8033,-7.801,-24.3238
RTX,193.50999450683594,192.97000122070312,198.44000244140625,-0.44,30.23,BAJO,262724452352.0,36.53,25.72,3.96,11.57,4.05,13.18,8.03,2.75,19.28,0.57,1.02,8.0,YAHOO,0.4466,0.3589,0.5051,0.064793,5.9138,0.2817,69.55,2026-07-23,6,,,yahoo,1.0,1.0,1.0,1.0,1.0,1.0,0.0,1.0,1.0,-1.2351,-2.8808,13.5156,-0.7832,18.9565,27.165,201.37,201.37,211.2799,-3.9033,-3.9033,-8.4106
UAL,115.41000366210938,114.04000091552734,118.58999633789062,-2.86,25.57,BAJO,39386537984.0,10.85,8.17,2.48,25.73,4.14,4.35,6.06,4.18,7.08,1.95,0.7,7.0,YAHOO,0.4466,0.3589,0.5051,0.064793,5.9138,0.2817,69.55,2026-07-15,999,,,yahoo,1.0,1.0,1.0,1.0,1.0,0.0,1.0,0.0,1.0,-8.4048,-13.4338,24.2973,21.4459,23.0561,52.2523,136.11,136.11,136.11,-15.2083,-15.2083,-15.2083
F,14.229999542236328,13.850000381469727,14.5,0.28,34.26,BAJO,56064626688.0,,7.71,1.5,-14.81,0.34,5.74,-3.22,-4.01,25.51,4.26,1.09,2.0,YAHOO,0.4466,0.3589,0.5051,0.064793,5.9138,0.2817,69.55,2026-07-28,11,,,yahoo,0.0,0.0,1.0,1.0,0.0,0.0,0.0,0.0,0.0,1.6429,6.512,6.194,15.8309,11.6507,52.2561,14.23,17.44,17.44,0.0,-18.406,-18.406
AAL,14.979999542236328,14.949999809265137,15.34000015258789,-3.97,20.21,BAJO,10301073408.0,50.24,6.19,-2.53,,1.85,-0.07,0.36,8.36,9.13,,0.49,4.0,YAHOO,0.4466,0.3589,0.5051,0.064793,5.9138,0.2817,69.55,2026-07-23,6,,,yahoo,1.0,0.0,1.0,1.0,0.0,0.0,0.0,0.0,1.0,-11.6224,-16.4063,21.6897,22.0864,34.1494,50.5453,18.15,18.15,18.15,-17.4656,-17.4656,-17.4656
UNP,301.75,298.1000061035156,303.1499938964844,0.78,37.7,BAJO,170858790912.0,23.71,20.84,8.8,40.69,9.14,40.36,29.2,2.36,16.02,1.62,0.92,8.0,YAHOO,0.4466,0.3589,0.5051,0.064793,5.9138,0.2817,69.55,2026-07-23,6,,,yahoo,1.0,1.0,1.0,1.0,1.0,1.0,1.0,1.0,0.0,5.154,6.9088,12.1074,20.81,29.9442,29.903,301.75,301.75,301.75,0.0,0.0,0.0
FDX,312.9800109863281,312.1300048828125,318.6600036621094,-1.64,75.19,BAJO,75286396928.0,17.02,15.37,2.4,14.85,5.03,11.13,4.68,7.35,8.86,1.36,1.48,5.0,YAHOO,0.4466,0.3589,0.5051,0.064793,5.9138,0.2817,69.55,2026-09-16,61,2026-06-23,24.0,finnhub,1.0,0.0,1.0,1.0,1.0,0.0,1.0,0.0,0.0,-0.5434,-0.0064,3.7485,2.3593,20.5181,36.6962,329.44,337.4831,337.4831,-4.9964,-7.2605,-7.2605
PCAR,126.19999694824219,124.8499984741211,128.25999450683594,-0.37,38.59,BAJO,65056870400.0,26.3,18.04,3.29,13.11,4.14,10.37,8.91,2.28,22.28,0.76,5.56,4.0,YAHOO,0.4466,0.3589,0.5051,0.064793,5.9138,0.2817,69.55,2026-07-28,11,,,yahoo,1.0,0.0,1.0,1.0,0.0,1.0,0.0,0.0,0.0,1.3085,5.6067,14.3945,1.7866,26.1589,32.0337,126.67,126.8061,129.0791,-0.371,-0.478,-2.2305
MMM,159.83999633789062,159.72999572753906,164.22999572753906,-1.19,6.73,BAJO,83888873472.0,31.05,16.94,25.71,71.46,8.12,23.32,11.14,2.77,14.27,3.96,1.59,5.0,YAHOO,0.4466,0.3589,0.5051,0.064793,5.9138,0.2817,69.55,2026-07-21,4,,,yahoo,1.0,0.0,1.0,0.0,0.0,1.0,1.0,0.0,1.0,1.4728,-0.374,9.8801,6.7198,26.5695,22.4253,167.97,167.97,172.9356,-4.8402,-4.8402,-7.5725
PAC,220.91000366210938,219.74000549316406,225.27000427246094,-1.94,-0.41,BAJO,13444435968.0,19.96,20.86,1129.51,28.03,10.48,57.94,30.8,41.5,90.24,1.19,0.84,7.0,YAHOO,0.4466,0.3589,0.5051,0.064793,5.9138,0.2817,69.55,2026-07-20,3,2026-07-14,3.0,finnhub,1.0,1.0,1.0,1.0,0.0,1.0,1.0,0.0,1.0,-6.2511,-12.9281,-7.3558,-10.1919,25.2418,34.1109,254.56,268.28,300.41,-13.2189,-17.6569,-26.4638
GT,7.289999961853027,6.96999979019165,7.320000171661377,2.68,-31.22,BAJO,1943085184.0,,10.18,0.65,-49.98,0.94,0.15,-11.64,7.5,8.12,2.53,1.04,5.0,YAHOO,0.4466,0.3589,0.5051,0.064793,5.9138,0.2817,69.55,2026-08-06,20,,,yahoo,0.0,0.0,1.0,1.0,1.0,1.0,0.0,0.0,1.0,7.0485,10.6222,29.2553,10.6222,34.9811,50.2224,7.29,7.3,11.54,0.0,-0.137,-36.8284
BA,214.02999877929688,211.0,216.9600067138672,-0.14,-6.21,BAJO,172123684864.0,85.96,53.4,28.76,169.95,-2.07,1.71,2.46,1.48,-61.55,8.29,1.18,6.0,YAHOO,0.4466,0.3589,0.5051,0.064793,5.9138,0.2817,69.55,2026-07-28,11,,,yahoo,1.0,1.0,1.0,0.0,1.0,0.0,0.0,1.0,1.0,-3.7115,-5.5013,-2.9298,-2.2158,17.5808,34.6496,234.54,240.6,252.15,-8.7448,-11.0432,-15.118
HON,225.02000427246094,224.52999877929688,230.47000122070312,-0.58,-1.2,BAJO,70357680128.0,17.75,22.67,5.18,24.26,5.95,21.0,10.89,4.17,11.38,2.57,1.39,5.0,YAHOO,0.4466,0.3589,0.5051,0.064793,5.9138,0.2817,69.55,2026-07-23,6,,,yahoo,1.0,0.0,1.0,1.0,0.0,0.0,1.0,0.0,1.0,-0.6183,-2.1056,0.6174,-5.9483,14.3109,34.4854,243.5343,249.4599,258.7145,-7.6024,-9.7971,-13.0238
MOS,22.1299991607666,22.09000015258789,22.899999618530273,-1.78,-36.33,BAJO,7351792640.0,165.21,12.34,0.62,0.59,2.0,0.79,0.36,-3.94,6.49,0.48,1.25,7.0,YAHOO,0.4466,0.3589,0.5051,0.064793,5.9138,0.2817,69.55,2026-08-04,18,,,yahoo,1.0,1.0,1.0,1.0,0.0,1.0,0.0,1.0,1.0,2.8824,4.7326,2.7343,-9.6038,36.7557,44.4539,23.04,24.2732,36.1241,-3.9497,-8.8296,-38.7389
BG,119.1500015258789,117.16999816894531,119.66999816894531,2.87,65.07,BAJO,22628331520.0,30.69,10.46,1.41,4.93,2.38,1.23,0.85,-30.17,17.36,0.94,1.6,3.0,YAHOO,0.4466,0.3589,0.5051,0.064793,5.9138,0.2817,69.55,2026-07-29,12,,,yahoo,1.0,0.0,1.0,1.0,0.0,0.0,0.0,0.0,0.0,4.225,11.92,-2.1099,-2.5555,27.0052,30.2181,119.15,131.41,131.41,0.0,-9.3296,-9.3296
RKLB,67.62000274658203,64.51000213623047,70.62999725341797,0.4,32.04,BAJO,50285416448.0,,2682.67,20.46,-13.55,-6.58,-22.36,-26.87,-0.43,-269.17,0.06,4.47,5.0,YAHOO,0.4466,0.3589,0.5051,0.064793,5.9138,0.2817,69.55,2026-08-06,20,,,yahoo,0.0,1.0,0.0,1.0,1.0,1.0,0.0,1.0,0.0,-16.5597,-32.6896,-45.8043,-18.4613,99.7579,122.5254,107.24,150.23,150.23,-36.9452,-54.989,-54.989
ONDS,6.525000095367432,6.21999979019165,6.75,-1.88,193.06,BAJO,4256295168.0,82.99,-248.98,3.26,42.95,-4.25,-85.13,251.92,-0.37,-29.45,0.02,10.91,5.0,YAHOO,0.4466,0.3589,0.5051,0.064793,5.9138,0.2817,69.55,2026-08-12,26,,,yahoo,0.0,1.0,0.0,1.0,1.0,0.0,0.0,1.0,0.0,-10.124,-11.9433,-38.5593,-36.0294,80.6533,109.1346,9.27,13.58,14.01,-29.6117,-51.9514,-53.4261
SMSN.IL,4200.0,3850.0,4200.0,-2.19,257.04,BAJO,,47.7,73.34,0.0,10.64,2.3,6.08,13.13,,-1.44,0.03,2.88,6.0,YAHOO,0.4466,0.3589,0.5051,0.064793,5.9138,0.2817,69.55,2026-07-29,12,,,yahoo,1.0,1.0,1.0,1.0,0.0,0.0,0.0,1.0,1.0,-13.1154,-16.6667,-6.4171,9.375,74.7064,84.3893,5810.0,6010.0,6010.0,-27.7108,-30.1165,-30.1165
ADS.DE,181.10000610351562,180.3000030517578,182.89999389648438,-1.01,-8.65,BAJO,32215431168.0,23.56,15.4,5.32,22.92,6.62,10.71,5.52,,15.03,0.94,1.35,6.0,YAHOO,0.4466,0.3589,0.5051,0.064793,5.9138,0.2817,69.55,2026-07-30,13,,,yahoo,1.0,1.0,1.0,0.0,0.0,1.0,0.0,1.0,1.0,-0.4124,-2.2666,22.1997,27.3722,20.2117,33.7459,187.9,187.9,201.2237,-3.6189,-3.6189,-10.0006
BAYN.DE,48.459999084472656,46.81999969482422,48.4900016784668,1.55,75.25,BAJO,46930399232.0,,10.16,1.63,-6.93,3.64,26.32,-4.76,15.59,7.93,1.34,1.05,6.0,YAHOO,0.4466,0.3589,0.5051,0.064793,5.9138,0.2817,69.55,2026-08-04,18,,,yahoo,0.0,0.0,1.0,1.0,1.0,0.0,1.0,1.0,1.0,-3.3121,-9.1829,23.5279,17.5021,30.5472,53.8938,53.36,53.36,53.36,-9.1829,-9.1829,-9.1829
RIOT,18.260000228881836,17.440000534057617,19.06999969482422,-2.98,32.21,BAJO,7685923840.0,,-29.1,3.22,-32.49,-12.11,-280.49,-132.76,-5.8,-25.42,0.37,1.08,2.0,YAHOO,0.4466,0.3589,0.5051,0.064793,5.9138,0.2817,69.55,2026-07-30,13,,,yahoo,0.0,0.0,0.0,1.0,0.0,0.0,0.0,1.0,1.0,-12.9025,-17.4129,-22.2648,7.9196,46.4155,78.4933,28.69,28.69,28.69,-36.3541,-36.3541,-36.3541
OKLO,41.11000061035156,39.529998779296875,42.59000015258789,-1.41,-39.94,BAJO,8241552896.0,,-56.39,3.12,-8.87,-7.18,,,-1.21,-33.93,0.0,59.93,4.0,YAHOO,0.4466,0.3589,0.5051,0.064793,5.9138,0.2817,69.55,2026-08-10,24,,,yahoo,0.0,1.0,0.0,1.0,1.0,1.0,0.0,0.0,0.0,-15.8444,-21.4859,-33.9598,-35.9757,67.0542,93.1296,61.17,79.62,174.14,-32.7939,-48.3672,-76.3926
SATL,3.819999933242798,3.4649999141693115,3.990000009536743,7.0,9.29,BAJO,655980160.0,,-49.17,-24.86,,-13.96,-104.16,,-2.54,-31.13,,2.44,4.0,YAHOO,0.4466,0.3589,0.5051,0.064793,5.9138,0.2817,69.55,2026-08-10,24,2026-05-12,66.0,finnhub,0.0,1.0,0.0,0.0,1.0,1.0,0.0,1.0,0.0,-15.859,-29.6501,-61.1789,-49.2021,122.8059,122.3549,6.03,10.74,10.74,-36.6501,-64.432,-64.432
JMIA,6.5,6.449999809265137,6.630000114440918,-0.15,39.65,BAJO,865729728.0,,-20.56,65.94,-154.74,-25.12,-25.85,-30.79,-2.97,-14.58,0.77,1.02,3.0,YAHOO,0.4466,0.3589,0.5051,0.064793,5.9138,0.2817,69.55,2026-08-06,20,,,yahoo,0.0,1.0,0.0,1.0,0.0,0.0,0.0,0.0,1.0,-7.2753,-7.8014,-7.1429,-15.6939,47.3732,70.626,7.24,8.71,14.6,-10.221,-25.3731,-55.4795
LAR,6.360000133514404,6.110000133514404,6.519999980926514,-1.55,133.43,BAJO,1217286528.0,,15.72,1.56,-7.23,-2.09,,,1.47,-36.55,0.29,0.52,1.0,YAHOO,0.4466,0.3589,0.5051,0.064793,5.9138,0.2817,69.55,2026-08-11,25,,,yahoo,0.0,0.0,0.0,1.0,0.0,0.0,0.0,0.0,0.0,-13.2333,-20.3008,-36.1446,-30.9446,83.0808,69.945,9.12,11.79,11.79,-30.2632,-46.056,-46.056
NG,5.179999828338623,5.079999923706055,5.289999961853027,-2.81,-3.43,BAJO,2615132416.0,,-24.97,6.21,-24.63,-4.36,,,-0.91,-73.92,0.41,112.82,4.0,YAHOO,0.4466,0.3589,0.5051,0.064793,5.9138,0.2817,69.55,2026-09-29,74,2026-06-24,23.0,finnhub,0.0,1.0,0.0,1.0,1.0,1.0,0.0,0.0,0.0,-13.2328,-19.5652,-36.2854,-48.8648,48.9864,74.0859,7.8,9.27,14.2,-33.5897,-44.1208,-63.5211
PBI,18.510000228881836,18.25,18.6299991607666,0.0,59.25,BAJO,2414243584.0,17.14,10.19,-2.76,,7.68,23.37,8.92,10.55,8.66,,0.62,7.0,YAHOO,0.4466,0.3589,0.5051,0.064793,5.9138,0.2817,69.55,2026-08-05,19,2026-05-05,73.0,finnhub,1.0,1.0,1.0,1.0,0.0,0.0,1.0,1.0,1.0,0.982,10.0476,18.2748,53.0672,31.0564,32.8529,18.51,18.51,18.51,0.0,0.0,0.0
AXIA,9.789999961853027,9.699999809265137,9.880000114440918,1.03,51.22,BAJO,23167545344.0,11.97,8.69,1.22,7.86,1.97,43.52,21.89,-1.84,6.42,0.65,2.11,6.0,YAHOO,0.4466,0.3589,0.5051,0.064793,5.9138,0.2817,69.55,2026-08-05,19,,,yahoo,1.0,0.0,1.0,1.0,0.0,0.0,1.0,1.0,1.0,-6.673,-5.684,-9.5194,-25.2101,36.4123,35.4576,10.82,12.69,13.43,-9.5194,-22.8526,-27.1035
TEM,52.470001220703125,51.22999954223633,53.5,-2.09,-13.49,BAJO,10658066432.0,,-630.3,25.55,-81.58,-9.07,-24.33,-22.2,-0.52,-60.54,3.17,3.31,4.0,YAHOO,0.4466,0.3589,0.5051,0.064793,5.9138,0.2817,69.55,2026-07-30,13,,,yahoo,0.0,1.0,0.0,1.0,0.0,1.0,0.0,1.0,0.0,-9.8918,-12.9418,19.44,-3.5832,74.5051,73.5129,61.6,61.6,103.25,-14.8214,-14.8214,-49.1816
MRSH,182.17999267578125,181.14999389648438,186.0,0.02,-12.07,BAJO,84947599360.0,22.07,15.61,5.84,27.57,7.27,24.34,14.26,5.85,14.0,1.52,1.11,6.0,YAHOO,0.4466,0.3589,0.5051,0.064793,5.9138,0.2817,69.55,2026-07-21,4,,,yahoo,1.0,0.0,1.0,1.0,1.0,0.0,1.0,0.0,1.0,2.1704,2.0388,13.1201,-0.2136,36.6697,27.0173,182.18,182.18,208.2897,0.0,0.0,-12.5353
CEPU,14.270000457763672,14.039999961853027,14.4350004196167,-0.83,25.42,BAJO,2230295296.0,7.33,8.91,1.25,19.27,6.12,31.89,36.67,-19338.57,1.15,0.27,1.0,7.0,YAHOO,0.4466,0.3589,0.5051,0.064793,5.9138,0.2817,69.55,2026-08-11,25,,,yahoo,1.0,1.0,1.0,1.0,0.0,1.0,1.0,0.0,1.0,-6.4875,-2.6603,3.7818,-8.5842,35.2752,45.5694,15.67,16.01,17.95,-8.9343,-10.8682,-20.5014
BMA,90.13999938964844,86.51000213623047,90.33000183105469,-0.79,45.59,BAJO,5892621312.0,23.51,9.34,16.71,10.82,2.98,69.1,7.58,,,,,5.0,YAHOO,0.4466,0.3589,0.5051,0.064793,5.9138,0.2817,69.55,2026-08-26,40,,,yahoo,,,,,,,,,,-5.1058,0.4793,29.8134,13.1386,69.9885,60.2417,101.0828,101.0828,101.1279,-10.8256,-10.8256,-10.8653
SUPV,9.710000038146973,9.300000190734863,10.006999969482422,0.52,0.05,BAJO,913421824.0,,8.07,1.19,-7.75,-1.14,-9.95,-10.41,,,,,2.0,YAHOO,0.4466,0.3589,0.5051,0.064793,5.9138,0.2817,69.55,2026-08-10,24,,,yahoo,0.0,0.0,1.0,1.0,0.0,0.0,0.0,0.0,0.0,-1.6211,1.6754,29.4667,-1.9192,83.0021,73.1846,11.38,11.38,12.86,-14.6749,-14.6749,-24.4946
PAMP,5170.0,5050.0,5220.0,1.17,44.47,BAJO,,,,,,,,,,,,,,YAHOO,0.4466,0.3589,0.5051,0.064793,5.9138,0.2817,69.55,,999,,,none,,,,,,,,,,-0.1931,0.6816,8.7849,5.9426,24.7956,30.423,5240.0,5305.0,,-1.3359,-2.5448,
EDN,24.59000015258789,24.290000915527344,24.950000762939453,-1.21,-0.98,BAJO,1212190208.0,5.32,8.97,0.65,14.66,3.0,15.97,10.35,-38360.69,0.81,0.45,1.19,6.0,YAHOO,0.4466,0.3589,0.5051,0.064793,5.9138,0.2817,69.55,2026-08-07,21,,,yahoo,1.0,0.0,1.0,0.0,0.0,1.0,1.0,1.0,1.0,-3.2651,1.2768,9.63,-11.0347,50.3849,55.9272,27.86,28.74,35.71,-11.7373,-14.4398,-31.1397
TGS,29.75,29.360000610351562,29.979999542236328,-0.1,14.89,BAJO,4740136448.0,15.98,11.39,1.97,14.34,10.28,49.73,24.67,-511.35,-0.23,0.44,5.11,6.0,YAHOO,0.4466,0.3589,0.5051,0.064793,5.9138,0.2817,69.55,2026-08-03,17,,,yahoo,1.0,0.0,1.0,1.0,0.0,1.0,1.0,1.0,0.0,-3.0629,4.7535,1.1217,-5.0431,51.1218,43.833,31.6,33.36,35.32,-5.8544,-10.8213,-15.7701
TEO,13.119999885559082,12.899999618530273,13.489999771118164,-1.43,45.27,BAJO,6004482048.0,25.35,16.67,1.11,5.23,2.68,12.48,3.92,15653.05,2.0,0.72,0.58,6.0,YAHOO,0.4466,0.3589,0.5051,0.064793,5.9138,0.2817,69.55,2026-08-10,24,,,yahoo,0.0,0.0,1.0,1.0,0.0,1.0,1.0,1.0,1.0,-3.1734,4.5418,10.9983,9.7908,41.288,57.7717,13.85,15.98,15.98,-5.2708,-17.8974,-17.8974
IRS,15.079999923706055,14.890000343322754,15.369999885559082,-0.4,2.91,BAJO,1310633600.0,4.89,28.4,0.92,22.48,4.07,44.36,72.51,13149.43,3.93,0.45,0.6,5.0,YAHOO,0.4466,0.3589,0.5051,0.064793,5.9138,0.2817,69.55,2026-08-31,45,2026-05-06,72.0,finnhub,0.0,0.0,1.0,1.0,1.0,0.0,1.0,1.0,0.0,-2.3948,-4.6173,12.7898,-6.6254,21.2248,45.1873,16.62,17.28,18.41,-9.2659,-12.7315,-18.088
CRES,1701.0,1665.0,1722.0,-0.53,29.64,BAJO,,,,,,,,,,,,,,YAHOO,0.4466,0.3589,0.5051,0.064793,5.9138,0.2817,69.55,,999,,,none,,,,,,,,,,-0.1761,-3.6261,5.5866,0.354,17.3713,35.4453,1776.0,1890.0,,-4.223,-10.0,
LOMA,11.25,11.079999923706055,11.319999694824219,-0.79,7.3,BAJO,1336176384.0,54.52,14.01,1.7,3.38,3.02,13.95,4.25,-6423.22,1.53,0.26,2.02,5.0,YAHOO,0.4466,0.3589,0.5051,0.064793,5.9138,0.2817,69.55,2026-08-05,19,2026-05-04,74.0,finnhub,1.0,0.0,1.0,1.0,0.0,1.0,1.0,0.0,0.0,-2.3438,-4.3367,8.2772,-2.3438,35.4128,54.8264,12.2,12.59,13.12,-7.7869,-10.6434,-14.253
GLOB,32.22999954223633,31.719999313354492,32.849998474121094,0.09,-61.32,BAJO,1375916544.0,12.95,4.83,0.65,5.2,4.74,8.51,4.46,19.47,4.23,0.21,1.82,4.0,YAHOO,0.4466,0.3589,0.5051,0.064793,5.9138,0.2817,69.55,2026-08-13,27,2026-05-14,64.0,finnhub,1.0,0.0,1.0,1.0,0.0,0.0,1.0,0.0,0.0,7.5768,-0.8613,-17.1678,-34.6645,46.8554,72.8877,32.51,47.73,93.3,-0.8613,-32.4743,-65.4555
BBAR,19.520000457763672,18.889999389648438,19.65999984741211,-0.15,31.72,BAJO,4133750528.0,19.46,17.04,1.58,7.15,1.16,14.41,7.13,,,,,4.0,YAHOO,0.4466,0.3589,0.5051,0.064793,5.9138,0.2817,69.55,2026-08-27,41,,,yahoo,1.0,0.0,1.0,1.0,0.0,0.0,1.0,0.0,0.0,-7.7505,0.3599,37.5216,18.9116,58.8567,72.2046,21.8129,21.8129,21.8129,-10.5116,-10.5116,-10.5116
LND,3.7300000190734863,3.700000047683716,3.7799999713897705,0.27,-0.34,BAJO,369573344.0,,,0.94,-0.7,-1.96,-7.33,-1.57,-43.93,-11.22,0.71,1.47,,YAHOO,0.4466,0.3589,0.5051,0.064793,5.9138,0.2817,69.55,,999,,,none,,,,,,,,,,1.6349,3.6111,0.0,-8.5784,20.3115,23.2663,3.73,4.05,4.37,0.0,-7.9012,-14.6453
AGRO,10.069999694824219,9.890000343322754,10.15999984741211,1.41,7.39,BAJO,1495035648.0,518.0,8.28,0.85,1.09,1.07,0.36,0.91,-4.82,12.21,1.16,1.74,2.0,YAHOO,0.4466,0.3589,0.5051,0.064793,5.9138,0.2817,69.55,2026-08-11,25,,,yahoo,0.0,0.0,1.0,1.0,0.0,0.0,0.0,0.0,0.0,-2.3278,4.4606,-23.1884,-23.7355,33.2974,54.4306,10.44,15.18,15.18,-3.5441,-33.6627,-33.6627
