date,mep
2020-09-14,121.3
2020-09-15,121.7
2020-09-16,126.84
2020-09-17,126.41
2020-09-18,128.7
2020-09-21,132.01
2020-09-22,132.56
2020-09-23,139.21
2020-09-24,133.8
2020-09-25,133.75
2020-09-28,138.6
2020-09-29,138.64
2020-09-30,139.4
2020-10-01,137.1
2020-10-02,139.63
2020-10-05,144.18
2020-10-06,143.98
2020-10-07,141.02
2020-10-08,139.25
2020-10-09,142.47
2020-10-13,143.75
2020-10-14,150.57
2020-10-15,157.72
2020-10-16,154.26
2020-10-19,153.94
2020-10-20,149.46
2020-10-21,166.84
2020-10-22,166.31
2020-10-23,162.85
2020-10-26,158.14
2020-10-27,153.32
2020-10-28,146.85
2020-10-29,145.32
2020-10-30,143.62
2020-11-02,140.76
2020-11-03,142.01
2020-11-04,141.31
2020-11-05,143.61
2020-11-09,141.87
2020-11-10,142.78
2020-11-11,143.94
2020-11-12,142.26
2020-11-13,139.8
2020-11-16,143.15
2020-11-17,144.56
2020-11-18,146.26
2020-11-19,145.31
2020-11-20,147.37
2020-11-24,147.2
2020-11-25,145.58
2020-11-26,146.16
2020-11-27,145.6
2020-11-30,144.05
2020-12-01,145.19
2020-12-02,146.3
2020-12-03,142.44
2020-12-04,140.79
2020-12-09,140.83
2020-12-10,137.0
2020-12-11,138.32
2020-12-14,140.79
2020-12-15,139.13
2020-12-16,140.85
2020-12-17,140.4
2020-12-18,140.37
2020-12-21,139.73
2020-12-22,137.57
2020-12-23,142.41
2020-12-28,138.59
2020-12-29,139.34
2020-12-30,140.03
2021-01-04,142.88
2021-01-05,143.53
2021-01-06,144.67
2021-01-07,145.12
2021-01-08,146.99
2021-01-11,146.8
2021-01-12,145.52
2021-01-13,144.79
2021-01-14,146.39
2021-01-15,145.67
2021-01-18,146.04
2021-01-19,146.18
2021-01-20,145.89
2021-01-21,145.95
2021-01-22,146.18
2021-01-25,146.63
2021-01-26,146.91
2021-01-27,147.26
2021-01-28,148.1
2021-01-29,148.24
2021-02-01,148.14
2021-02-02,149.08
2021-02-03,149.27
2021-02-04,149.96
2021-02-05,149.97
2021-02-08,149.47
2021-02-09,149.61
2021-02-10,149.93
2021-02-11,145.39
2021-02-12,146.55
2021-02-17,143.09
2021-02-18,140.56
2021-02-19,139.74
2021-02-22,137.66
2021-02-23,138.51
2021-02-24,141.51
2021-02-25,143.68
2021-02-26,142.97
2021-03-01,143.57
2021-03-02,145.05
2021-03-03,146.71
2021-03-04,145.19
2021-03-05,144.79
2021-03-08,144.61
2021-03-09,143.93
2021-03-10,142.23
2021-03-11,143.56
2021-03-12,143.46
2021-03-15,143.86
2021-03-16,144.72
2021-03-17,145.81
2021-03-18,144.78
2021-03-19,143.06
2021-03-22,143.1
2021-03-23,141.59
2021-03-25,139.6
2021-03-26,137.91
2021-03-29,138.16
2021-03-30,139.89
2021-03-31,141.35
2021-04-05,141.85
2021-04-06,143.0
2021-04-07,143.73
2021-04-08,143.91
2021-04-09,143.93
2021-04-12,142.75
2021-04-13,142.08
2021-04-14,142.53
2021-04-15,143.18
2021-04-16,142.75
2021-04-19,144.85
2021-04-20,145.4
2021-04-21,145.61
2021-04-22,145.26
2021-04-23,148.25
2021-04-26,150.32
2021-04-27,150.95
2021-04-28,152.33
2021-04-29,153.33
2021-04-30,154.55
2021-05-03,153.69
2021-05-04,154.49
2021-05-05,154.21
2021-05-06,154.13
2021-05-07,153.37
2021-05-10,153.56
2021-05-11,151.56
2021-05-12,152.62
2021-05-13,153.73
2021-05-14,153.76
2021-05-17,154.93
2021-05-18,156.47
2021-05-19,157.01
2021-05-20,156.54
2021-05-21,157.82
2021-05-26,157.95
2021-05-27,158.47
2021-05-28,159.64
2021-05-31,160.36
2021-06-01,160.47
2021-06-02,161.67
2021-06-03,161.39
2021-06-04,160.88
2021-06-07,160.52
2021-06-08,159.42
2021-06-09,159.32
2021-06-10,158.46
2021-06-11,157.68
2021-06-14,157.32
2021-06-15,158.15
2021-06-16,159.96
2021-06-17,160.54
2021-06-18,160.4
2021-06-22,160.01
2021-06-23,161.24
2021-06-24,161.92
2021-06-25,164.13
2021-06-28,164.61
2021-06-29,163.12
2021-06-30,164.42
2021-07-01,164.4
2021-07-02,166.23
2021-07-05,168.54
2021-07-06,166.96
2021-07-07,167.59
2021-07-08,166.51
2021-07-12,165.52
2021-07-13,166.05
2021-07-14,165.77
2021-07-15,165.75
2021-07-16,166.75
2021-07-19,167.98
2021-07-20,168.08
2021-07-21,168.17
2021-07-22,169.08
2021-07-23,168.01
2021-07-26,168.89
2021-07-27,168.94
2021-07-28,168.99
2021-07-29,168.66
2021-07-30,169.61
2021-08-02,168.94
2021-08-03,169.7
2021-08-04,170.19
2021-08-05,169.73
2021-08-06,169.95
2021-08-09,169.53
2021-08-10,169.35
2021-08-11,170.26
2021-08-12,168.63
2021-08-13,169.96
2021-08-17,170.1
2021-08-18,171.89
2021-08-19,171.46
2021-08-20,170.3
2021-08-23,170.11
2021-08-24,170.26
2021-08-25,169.76
2021-08-26,170.16
2021-08-27,171.38
2021-08-30,170.61
2021-08-31,170.63
2021-09-01,171.25
2021-09-02,171.77
2021-09-03,171.1
2021-09-06,172.05
2021-09-07,172.42
2021-09-08,171.78
2021-09-09,172.81
2021-09-10,172.71
2021-09-13,171.54
2021-09-14,171.65
2021-09-15,172.54
2021-09-16,172.53
2021-09-17,173.34
2021-09-20,173.96
2021-09-21,173.58
2021-09-22,173.51
2021-09-23,174.24
2021-09-24,174.5
2021-09-27,174.93
2021-09-28,176.9
2021-09-29,177.01
2021-09-30,175.98
2021-10-01,176.22
2021-10-04,176.67
2021-10-05,176.6
2021-10-06,176.56
2021-10-07,176.18
2021-10-12,177.2
2021-10-13,177.35
2021-10-14,177.02
2021-10-15,177.56
2021-10-18,177.99
2021-10-19,178.77
2021-10-20,179.12
2021-10-21,179.35
2021-10-22,179.6
2021-10-25,179.72
2021-10-26,180.5
2021-10-27,180.44
2021-10-28,180.21
2021-10-29,181.65
2021-11-01,181.09
2021-11-02,182.28
2021-11-03,181.3
2021-11-04,181.31
2021-11-05,183.89
2021-11-08,182.47
2021-11-09,184.05
2021-11-10,184.56
2021-11-11,185.48
2021-11-12,185.94
2021-11-15,186.15
2021-11-16,198.33
2021-11-17,202.4
2021-11-18,201.36
2021-11-19,203.11
2021-11-23,205.27
2021-11-24,204.44
2021-11-25,201.91
2021-11-26,202.07
2021-11-29,195.61
2021-11-30,200.26
2021-12-01,200.48
2021-12-02,203.61
2021-12-03,204.95
2021-12-06,202.93
2021-12-07,198.19
2021-12-09,194.71
2021-12-10,196.23
2021-12-13,192.75
2021-12-14,194.0
2021-12-15,191.95
2021-12-16,191.55
2021-12-17,198.13
2021-12-20,201.19
2021-12-21,199.32
2021-12-22,200.64
2021-12-23,197.91
2021-12-27,193.78
2021-12-28,195.33
2021-12-29,194.96
2021-12-30,198.74
2022-01-03,197.27
2022-01-04,197.64
2022-01-05,198.15
2022-01-06,202.85
2022-01-07,203.06
2022-01-10,204.11
2022-01-11,204.26
2022-01-12,202.26
2022-01-13,200.27
2022-01-14,200.95
2022-01-17,203.52
2022-01-18,204.22
2022-01-19,205.76
2022-01-20,212.17
2022-01-21,213.96
2022-01-24,217.79
2022-01-25,216.77
2022-01-26,220.18
2022-01-27,224.22
2022-01-28,214.48
2022-01-31,214.38
2022-02-01,213.74
2022-02-02,210.94
2022-02-03,210.81
2022-02-04,211.57
2022-02-07,208.27
2022-02-08,208.81
2022-02-09,206.19
2022-02-10,207.85
2022-02-11,207.22
2022-02-14,205.26
2022-02-15,206.42
2022-02-16,204.81
2022-02-17,203.43
2022-02-18,201.29
2022-02-21,199.81
2022-02-22,197.59
2022-02-23,195.11
2022-02-24,197.99
2022-02-25,197.9
2022-03-02,197.96
2022-03-03,196.53
2022-03-04,196.05
2022-03-07,196.79
2022-03-08,194.92
2022-03-09,190.32
2022-03-10,189.14
2022-03-11,187.67
2022-03-14,185.62
2022-03-15,187.84
2022-03-16,194.06
2022-03-17,195.81
2022-03-18,194.7
2022-03-21,196.91
2022-03-22,200.32
2022-03-23,200.78
2022-03-25,199.58
2022-03-28,196.75
2022-03-29,192.01
2022-03-30,192.06
2022-03-31,190.02
2022-04-01,188.94
2022-04-04,191.26
2022-04-05,190.55
2022-04-06,190.18
2022-04-07,191.18
2022-04-08,190.74
2022-04-11,191.12
2022-04-12,190.58
2022-04-13,189.78
2022-04-18,190.32
2022-04-19,191.09
2022-04-20,194.24
2022-04-21,201.96
2022-04-22,208.79
2022-04-25,206.91
2022-04-26,210.3
2022-04-27,206.61
2022-04-28,202.53
2022-04-29,204.06
2022-05-02,207.88
2022-05-03,205.15
2022-05-04,208.04
2022-05-05,204.69
2022-05-06,207.87
2022-05-09,205.43
2022-05-10,207.98
2022-05-11,205.87
2022-05-12,206.51
2022-05-13,210.84
2022-05-16,211.2
2022-05-17,207.3
2022-05-19,207.91
2022-05-20,208.45
2022-05-23,209.41
2022-05-24,210.55
2022-05-26,210.73
2022-05-27,210.29
2022-05-30,208.3
2022-05-31,207.26
2022-06-01,207.95
2022-06-02,206.37
2022-06-03,206.79
2022-06-06,208.11
2022-06-07,208.97
2022-06-08,208.52
2022-06-09,215.91
2022-06-10,221.28
2022-06-13,227.63
2022-06-14,232.94
2022-06-15,229.8
2022-06-16,231.63
2022-06-21,233.13
2022-06-22,227.11
2022-06-23,231.0
2022-06-24,230.23
2022-06-27,238.14
2022-06-28,243.02
2022-06-29,246.21
2022-06-30,250.57
2022-07-01,245.45
2022-07-04,269.47
2022-07-05,262.51
2022-07-06,267.78
2022-07-07,280.85
2022-07-08,286.56
2022-07-11,284.89
2022-07-12,278.67
2022-07-13,278.76
2022-07-14,284.21
2022-07-15,290.36
2022-07-18,292.9
2022-07-19,296.55
2022-07-20,304.83
2022-07-21,321.31
2022-07-22,314.97
2022-07-25,319.35
2022-07-26,324.84
2022-07-27,324.23
2022-07-28,303.24
2022-07-29,275.54
2022-08-01,275.19
2022-08-02,280.74
2022-08-03,282.81
2022-08-04,283.86
2022-08-05,280.32
2022-08-08,278.46
2022-08-09,283.42
2022-08-10,282.52
2022-08-11,281.23
2022-08-12,278.53
2022-08-16,276.67
2022-08-17,281.25
2022-08-18,286.02
2022-08-19,291.47
2022-08-22,288.62
2022-08-23,289.54
2022-08-24,288.85
2022-08-25,284.57
2022-08-26,284.17
2022-08-29,281.62
2022-08-30,288.41
2022-08-31,284.36
2022-09-01,279.83
2022-09-02,279.83
2022-09-05,274.47
2022-09-06,273.8
2022-09-07,271.67
2022-09-08,271.71
2022-09-09,270.96
2022-09-12,270.65
2022-09-13,272.4
2022-09-14,274.03
2022-09-15,285.58
2022-09-16,289.41
2022-09-19,294.64
2022-09-20,294.08
2022-09-21,295.58
2022-09-22,301.67
2022-09-23,301.41
2022-09-26,296.56
2022-09-27,293.87
2022-09-28,295.05
2022-09-29,293.34
2022-09-30,296.16
2022-10-03,294.63
2022-10-04,294.88
2022-10-05,293.0
2022-10-06,287.64
2022-10-11,287.17
2022-10-12,293.87
2022-10-13,297.02
2022-10-14,295.14
2022-10-17,292.93
2022-10-18,292.59
2022-10-19,289.9
2022-10-20,289.35
2022-10-21,290.55
2022-10-24,293.28
2022-10-25,288.79
2022-10-26,291.76
2022-10-27,290.96
2022-10-28,292.19
2022-10-31,292.62
2022-11-01,288.62
2022-11-02,290.6
2022-11-03,290.3
2022-11-04,288.61
2022-11-07,289.71
2022-11-08,292.29
2022-11-09,291.77
2022-11-10,294.93
2022-11-11,298.3
2022-11-14,299.36
2022-11-15,305.64
2022-11-16,309.27
2022-11-17,316.79
2022-11-18,315.17
2022-11-22,316.19
2022-11-23,315.82
2022-11-24,315.23
2022-11-25,311.9
2022-11-28,312.64
2022-11-29,310.9
2022-11-30,315.14
2022-12-01,315.56
2022-12-02,318.68
2022-12-05,318.19
2022-12-06,324.95
2022-12-07,323.36
2022-12-12,321.68
2022-12-13,323.42
2022-12-14,321.99
2022-12-15,322.22
2022-12-16,321.74
2022-12-19,323.27
2022-12-20,325.52
2022-12-21,325.84
2022-12-22,326.68
2022-12-23,331.45
2022-12-26,333.14
2022-12-27,337.71
2022-12-28,341.18
2022-12-29,333.82
2022-12-30,334.78
2023-01-02,333.94
2023-01-03,333.86
2023-01-04,333.33
2023-01-05,332.82
2023-01-06,332.03
2023-01-09,327.12
2023-01-10,325.23
2023-01-11,331.1
2023-01-12,341.62
2023-01-13,342.84
2023-01-16,348.29
2023-01-17,349.34
2023-01-18,350.65
2023-01-19,342.65
2023-01-20,350.29
2023-01-23,354.96
2023-01-24,356.45
2023-01-25,356.18
2023-01-26,355.36
2023-01-27,357.34
2023-01-30,357.08
2023-01-31,356.31
2023-02-01,355.8
2023-02-02,354.48
2023-02-03,358.53
2023-02-06,360.04
2023-02-07,355.48
2023-02-08,353.54
2023-02-09,355.42
2023-02-10,356.8
2023-02-13,356.31
2023-02-14,354.06
2023-02-15,355.7
2023-02-16,354.29
2023-02-17,354.81
2023-02-22,355.6
2023-02-23,356.13
2023-02-24,355.48
2023-02-27,355.24
2023-02-28,356.68
2023-03-01,359.59
2023-03-02,362.97
2023-03-03,364.32
2023-03-06,364.12
2023-03-07,364.54
2023-03-08,370.57
2023-03-09,374.5
2023-03-10,374.4
2023-03-13,379.22
2023-03-14,381.33
2023-03-15,381.09
2023-03-16,384.64
2023-03-17,386.82
2023-03-20,387.8
2023-03-21,384.83
2023-03-22,380.82
2023-03-23,377.25
2023-03-27,379.42
2023-03-28,379.37
2023-03-29,382.46
2023-03-30,389.84
2023-03-31,394.36
2023-04-03,395.96
2023-04-04,401.57
2023-04-05,396.18
2023-04-10,392.75
2023-04-11,386.09
2023-04-12,387.0
2023-04-13,391.9
2023-04-14,391.75
2023-04-17,399.09
2023-04-18,409.43
2023-04-19,417.67
2023-04-20,420.18
2023-04-21,439.24
2023-04-24,446.83
2023-04-25,454.39
2023-04-26,447.83
2023-04-27,440.08
2023-04-28,437.49
2023-05-02,435.69
2023-05-03,433.83
2023-05-04,433.29
2023-05-05,433.48
2023-05-08,432.78
2023-05-09,433.91
2023-05-10,433.52
2023-05-11,432.84
2023-05-12,432.48
2023-05-15,438.09
2023-05-16,442.67
2023-05-17,448.92
2023-05-18,476.69
2023-05-19,465.37
2023-05-22,462.4
2023-05-23,461.76
2023-05-24,473.63
2023-05-29,461.26
2023-05-30,465.6
2023-05-31,471.42
2023-06-01,466.12
2023-06-02,474.24
2023-06-05,474.34
2023-06-06,474.31
2023-06-07,471.91
2023-06-08,472.31
2023-06-09,472.8
2023-06-12,473.61
2023-06-13,476.26
2023-06-14,477.88
2023-06-15,467.95
2023-06-16,472.01
2023-06-21,479.08
2023-06-22,478.81
2023-06-23,481.21
2023-06-26,479.17
2023-06-27,482.02
2023-06-28,480.21
2023-06-29,478.39
2023-06-30,479.13
2023-07-03,481.13
2023-07-04,483.98
2023-07-05,485.67
2023-07-06,486.74
2023-07-07,486.76
2023-07-10,486.3
2023-07-11,485.21
2023-07-12,490.63
2023-07-13,494.51
2023-07-14,494.9
2023-07-17,499.65
2023-07-18,492.75
2023-07-19,493.51
2023-07-20,493.1
2023-07-21,496.04
2023-07-24,494.97
2023-07-25,513.29
2023-07-26,522.28
2023-07-27,510.59
2023-07-28,513.84
2023-07-31,513.13
2023-08-01,513.51
2023-08-02,516.99
2023-08-03,539.47
2023-08-04,551.02
2023-08-07,545.16
2023-08-08,547.12
2023-08-09,555.18
2023-08-10,555.58
2023-08-11,549.37
2023-08-14,622.35
2023-08-15,650.0
2023-08-16,681.88
2023-08-17,696.07
2023-08-18,695.57
2023-08-22,658.9
2023-08-23,697.22
2023-08-24,697.56
2023-08-25,698.72
2023-08-28,672.6
2023-08-29,668.94
2023-08-30,699.0
2023-08-31,698.6
2023-09-01,699.04
2023-09-04,704.42
2023-09-05,708.88
2023-09-06,687.97
2023-09-07,704.46
2023-09-08,699.39
2023-09-11,696.15
2023-09-12,697.83
2023-09-13,695.61
2023-09-14,684.09
2023-09-15,686.42
2023-09-18,676.87
2023-09-19,692.09
2023-09-20,699.71
2023-09-21,699.82
2023-09-22,698.46
2023-09-25,708.54
2023-09-26,712.91
2023-09-27,752.94
2023-09-28,769.96
2023-09-29,777.35
2023-10-02,746.84
2023-10-03,825.71
2023-10-04,847.54
2023-10-05,842.7
2023-10-06,858.24
2023-10-09,864.19
2023-10-10,937.86
2023-10-11,912.45
2023-10-12,916.61
2023-10-17,911.91
2023-10-18,939.24
2023-10-19,868.07
2023-10-20,877.19
2023-10-23,924.55
2023-10-24,863.55
2023-10-25,866.92
2023-10-26,846.4
2023-10-27,857.66
2023-10-30,849.09
2023-10-31,844.22
2023-11-01,877.96
2023-11-02,868.85
2023-11-03,844.48
2023-11-07,850.38
2023-11-08,834.99
2023-11-09,857.25
2023-11-10,886.13
2023-11-13,848.02
2023-11-14,870.46
2023-11-15,870.23
2023-11-16,862.8
2023-11-17,870.41
2023-11-21,916.57
2023-11-22,970.99
2023-11-23,983.75
2023-11-24,976.84
2023-11-27,895.91
2023-11-28,861.31
2023-11-29,829.58
2023-11-30,846.24
2023-12-01,931.23
2023-12-04,923.1
2023-12-05,944.6
2023-12-06,922.2
2023-12-07,998.52
2023-12-11,1018.73
2023-12-12,1050.8
2023-12-13,1007.99
2023-12-14,998.36
2023-12-15,1009.15
2023-12-18,957.39
2023-12-19,972.6
2023-12-20,948.18
2023-12-21,957.12
2023-12-22,938.68
2023-12-26,937.82
2023-12-27,923.22
2023-12-28,942.48
2023-12-29,976.49
2024-01-02,981.36
2024-01-03,1021.02
2024-01-04,1043.95
2024-01-05,1087.8
2024-01-08,1140.14
2024-01-09,1144.9
2024-01-10,1134.09
2024-01-11,1118.6
2024-01-12,1084.66
2024-01-15,1122.56
2024-01-16,1167.78
2024-01-17,1225.4
2024-01-18,1220.86
2024-01-19,1234.33
2024-01-22,1239.72
2024-01-23,1227.92
2024-01-24,1238.6
2024-01-25,1216.38
2024-01-26,1179.74
2024-01-29,1212.61
2024-01-30,1197.98
2024-01-31,1176.0
2024-02-01,1228.99
2024-02-02,1229.46
2024-02-05,1203.6
2024-02-06,1177.75
2024-02-07,1198.17
2024-02-08,1174.55
2024-02-09,1149.51
2024-02-14,1114.68
2024-02-15,1082.67
2024-02-16,1063.83
2024-02-19,1106.59
2024-02-20,1077.78
2024-02-21,1066.93
2024-02-22,1036.88
2024-02-23,1061.11
2024-02-26,1040.33
2024-02-27,1044.72
2024-02-28,1023.54
2024-02-29,1021.17
2024-03-01,1038.26
2024-03-04,1023.21
2024-03-05,1012.3
2024-03-06,981.66
2024-03-07,987.18
2024-03-08,998.28
2024-03-11,979.6
2024-03-12,1042.11
2024-03-13,1010.06
2024-03-14,1013.16
2024-03-15,1018.83
2024-03-18,1019.15
2024-03-19,1024.98
2024-03-20,1047.39
2024-03-21,1029.24
2024-03-22,1028.14
2024-03-25,1013.88
2024-03-26,1008.91
2024-03-27,990.94
2024-04-03,996.05
2024-04-04,988.55
2024-04-05,992.77
2024-04-08,977.87
2024-04-09,994.62
2024-04-10,994.24
2024-04-11,993.24
2024-04-12,1000.18
2024-04-15,1016.39
2024-04-16,1032.83
2024-04-17,1025.85
2024-04-18,1013.82
2024-04-19,1018.05
2024-04-22,1011.18
2024-04-23,1003.53
2024-04-24,1010.66
2024-04-25,1030.35
2024-04-26,1027.86
2024-04-29,1031.89
2024-04-30,1036.05
2024-05-02,1057.0
2024-05-03,1061.98
2024-05-06,1063.16
2024-05-07,1047.31
2024-05-08,1038.37
2024-05-09,1037.57
2024-05-10,1032.7
2024-05-13,1031.94
2024-05-14,1045.91
2024-05-15,1049.2
2024-05-16,1059.08
2024-05-17,1069.84
2024-05-20,1101.02
2024-05-21,1172.83
2024-05-22,1231.07
2024-05-23,1223.52
2024-05-24,1198.72
2024-05-27,1222.12
2024-05-28,1197.14
2024-05-29,1175.94
2024-05-30,1177.69
2024-05-31,1219.29
2024-06-03,1264.17
2024-06-04,1276.19
2024-06-05,1288.48
2024-06-06,1282.31
2024-06-07,1286.02
2024-06-10,1271.65
2024-06-11,1277.72
2024-06-12,1279.01
2024-06-13,1237.68
2024-06-14,1235.21
2024-06-18,1241.33
2024-06-19,1272.95
2024-06-24,1290.93
2024-06-25,1303.42
2024-06-26,1330.64
2024-06-27,1320.5
2024-06-28,1342.5
2024-07-01,1406.49
2024-07-02,1434.87
2024-07-03,1382.67
2024-07-04,1396.24
2024-07-05,1393.13
2024-07-08,1384.63
2024-07-10,1376.66
2024-07-11,1398.47
2024-07-12,1415.18
2024-07-15,1305.66
2024-07-16,1291.4
2024-07-17,1311.57
2024-07-18,1316.33
2024-07-19,1323.4
2024-07-22,1329.06
2024-07-23,1327.76
2024-07-24,1340.38
2024-07-25,1327.5
2024-07-26,1316.91
2024-07-29,1299.17
2024-07-30,1277.46
2024-07-31,1291.78
2024-08-01,1304.41
2024-08-02,1330.65
2024-08-05,1350.68
2024-08-06,1334.38
2024-08-07,1332.29
2024-08-08,1312.7
2024-08-09,1298.77
2024-08-12,1285.37
2024-08-13,1274.08
2024-08-14,1264.43
2024-08-15,1280.17
2024-08-16,1297.69
2024-08-19,1290.89
2024-08-20,1294.87
2024-08-21,1293.49
2024-08-22,1287.04
2024-08-23,1283.27
2024-08-26,1282.81
2024-08-27,1288.27
2024-08-28,1281.32
2024-08-29,1271.95
2024-08-30,1280.04
2024-09-02,1287.59
2024-09-03,1288.42
2024-09-04,1276.71
2024-09-05,1255.74
2024-09-06,1238.55
2024-09-09,1219.16
2024-09-10,1232.6
2024-09-11,1237.48
2024-09-12,1234.24
2024-09-13,1219.59
2024-09-16,1215.05
2024-09-17,1213.23
2024-09-18,1204.71
2024-09-19,1194.89
2024-09-20,1202.24
2024-09-23,1207.44
2024-09-24,1203.99
2024-09-25,1208.72
2024-09-26,1209.53
2024-09-27,1206.58
2024-09-30,1211.09
2024-10-01,1217.09
2024-10-02,1207.48
2024-10-03,1190.27
2024-10-04,1187.05
2024-10-07,1184.1
2024-10-08,1170.3
2024-10-09,1145.3
2024-10-10,1133.71
2024-10-14,1137.74
2024-10-15,1138.24
2024-10-16,1158.29
2024-10-17,1162.25
2024-10-18,1158.1
2024-10-21,1162.33
2024-10-22,1165.4
2024-10-23,1165.27
2024-10-24,1157.56
2024-10-25,1142.07
2024-10-28,1132.58
2024-10-29,1135.26
2024-10-30,1136.22
2024-10-31,1128.98
2024-11-01,1140.05
2024-11-04,1149.69
2024-11-05,1149.25
2024-11-06,1149.25
2024-11-07,1134.87
2024-11-08,1123.52
2024-11-11,1130.4
2024-11-12,1127.15
2024-11-13,1120.87
2024-11-14,1103.67
2024-11-15,1094.32
2024-11-19,1073.84
2024-11-20,1071.57
2024-11-21,1078.93
2024-11-22,1075.85
2024-11-25,1074.6
2024-11-26,1077.02
2024-11-27,1072.86
2024-11-28,1075.3
2024-11-29,1070.47
2024-12-02,1067.27
2024-12-03,1072.12
2024-12-04,1076.17
2024-12-05,1061.54
2024-12-06,1059.12
2024-12-09,1051.0
2024-12-10,1060.76
2024-12-11,1055.18
2024-12-12,1056.13
2024-12-13,1070.59
2024-12-16,1095.45
2024-12-17,1129.48
2024-12-18,1141.35
2024-12-19,1139.58
2024-12-20,1143.77
2024-12-23,1150.71
2024-12-24,1150.71
2024-12-26,1170.88
2024-12-27,1166.09
2024-12-30,1169.76
2025-01-02,1162.34
2025-01-03,1160.69
2025-01-06,1165.5
2025-01-07,1165.99
2025-01-08,1180.22
2025-01-09,1166.03
2025-01-10,1164.17
2025-01-13,1169.35
2025-01-14,1169.02
2025-01-15,1167.91
2025-01-16,1167.28
2025-01-17,1167.71
2025-01-20,1171.34
2025-01-21,1165.4
2025-01-22,1168.12
2025-01-23,1165.32
2025-01-24,1152.16
2025-01-27,1160.26
2025-01-28,1161.55
2025-01-29,1164.09
2025-01-30,1161.68
2025-01-31,1169.23
2025-02-03,1178.06
2025-02-04,1184.9
2025-02-05,1197.84
2025-02-06,1187.97
2025-02-07,1188.33
2025-02-10,1182.59
2025-02-11,1181.51
2025-02-12,1186.95
2025-02-13,1187.17
2025-02-14,1185.58
2025-02-17,1208.34
2025-02-18,1202.42
2025-02-19,1206.93
2025-02-20,1205.09
2025-02-21,1205.72
2025-02-24,1206.65
2025-02-25,1208.24
2025-02-26,1209.76
2025-02-27,1217.02
2025-02-28,1219.82
2025-03-05,1230.35
2025-03-06,1240.15
2025-03-07,1215.76
2025-03-10,1223.67
2025-03-11,1228.11
2025-03-12,1227.64
2025-03-13,1231.53
2025-03-14,1237.06
2025-03-17,1251.91
2025-03-18,1291.32
2025-03-19,1290.17
2025-03-20,1285.29
2025-03-21,1285.83
2025-03-25,1294.11
2025-03-26,1297.67
2025-03-27,1293.22
2025-03-28,1304.08
2025-03-31,1316.17
2025-04-01,1312.38
2025-04-03,1318.95
2025-04-04,1332.31
2025-04-07,1361.9
2025-04-08,1379.6
2025-04-09,1353.72
2025-04-10,1362.52
2025-04-11,1340.06
2025-04-14,1249.77
2025-04-15,1235.6
2025-04-16,1168.56
2025-04-21,1120.73
2025-04-22,1135.31
2025-04-23,1170.29
2025-04-24,1185.36
2025-04-25,1180.21
2025-04-28,1175.92
2025-04-29,1172.17
2025-04-30,1174.72
2025-05-05,1199.64
2025-05-06,1202.56
2025-05-07,1155.2
2025-05-08,1140.78
2025-05-09,1143.92
2025-05-12,1139.26
2025-05-13,1137.71
2025-05-14,1140.38
2025-05-15,1145.62
2025-05-16,1151.31
2025-05-19,1148.53
2025-05-20,1151.63
2025-05-21,1150.44
2025-05-22,1142.82
2025-05-23,1141.25
2025-05-26,1144.96
2025-05-27,1159.14
2025-05-28,1162.18
2025-05-29,1179.69
2025-05-30,1190.16
2025-06-02,1183.67
2025-06-03,1189.11
2025-06-04,1190.48
2025-06-05,1192.09
2025-06-06,1190.29
2025-06-09,1191.03
2025-06-10,1186.64
2025-06-11,1188.73
2025-06-12,1187.23
2025-06-13,1182.37
2025-06-17,1176.91
2025-06-18,1167.96
2025-06-19,1171.57
2025-06-23,1185.76
2025-06-24,1181.59
2025-06-25,1195.28
2025-06-26,1195.52
2025-06-27,1195.16
2025-06-30,1208.3
2025-07-01,1232.76
2025-07-02,1236.31
2025-07-03,1235.86
2025-07-04,1245.29
2025-07-07,1278.44
2025-07-08,1258.09
2025-07-10,1269.05
2025-07-11,1266.94
2025-07-14,1288.56
2025-07-15,1274.95
2025-07-16,1269.1
2025-07-17,1279.92
2025-07-18,1287.78
2025-07-21,1274.47
2025-07-22,1261.25
2025-07-23,1262.95
2025-07-24,1271.14
2025-07-25,1282.97
2025-07-28,1296.01
2025-07-29,1287.02
2025-07-30,1321.27
2025-07-31,1358.0
2025-08-01,1365.68
2025-08-04,1357.49
2025-08-05,1343.71
2025-08-06,1333.39
2025-08-07,1327.36
2025-08-08,1327.48
2025-08-11,1323.56
2025-08-12,1322.42
2025-08-13,1318.17
2025-08-14,1294.49
2025-08-18,1304.43
2025-08-19,1298.33
2025-08-20,1300.51
2025-08-21,1326.39
2025-08-22,1327.34
2025-08-25,1362.22
2025-08-26,1350.19
2025-08-27,1357.3
2025-08-28,1345.93
2025-08-29,1349.52
2025-09-01,1379.9
2025-09-02,1370.33
2025-09-03,1371.78
2025-09-04,1396.52
2025-09-05,1386.53
2025-09-08,1431.56
2025-09-09,1428.31
2025-09-10,1425.22
2025-09-11,1444.44
2025-09-12,1473.32
2025-09-15,1490.78
2025-09-16,1468.76
2025-09-17,1488.55
2025-09-18,1519.69
2025-09-19,1529.96
2025-09-22,1429.93
2025-09-23,1397.85
2025-09-24,1370.0
2025-09-25,1375.51
2025-09-26,1442.82
2025-09-29,1472.67
2025-09-30,1489.18
2025-10-01,1531.01
2025-10-02,1498.31
2025-10-03,1490.91
2025-10-06,1497.86
2025-10-07,1527.25
2025-10-08,1516.63
2025-10-09,1416.6
2025-10-13,1407.5
2025-10-14,1427.13
2025-10-15,1436.46
2025-10-16,1465.22
2025-10-17,1539.23
2025-10-20,1537.79
2025-10-21,1586.24
2025-10-22,1582.24
2025-10-23,1527.42
2025-10-24,1544.5
2025-10-27,1455.58
2025-10-28,1472.27
2025-10-29,1469.46
2025-10-30,1469.89
2025-10-31,1474.92
2025-11-03,1494.86
2025-11-04,1497.31
2025-11-05,1477.09
2025-11-06,1477.09
2025-11-07,1452.57
2025-11-10,1459.95
2025-11-11,1454.42
2025-11-12,1449.28
2025-11-13,1460.23
2025-11-14,1448.12
2025-11-17,1448.62
2025-11-18,1437.92
2025-11-19,1439.27
2025-11-20,1451.8
2025-11-25,1480.94
2025-11-26,1481.85
2025-11-27,1481.05
2025-11-28,1476.4
2025-12-01,1480.97
2025-12-02,1477.43
2025-12-03,1470.31
2025-12-04,1473.31
2025-12-05,1473.73
2025-12-09,1469.57
2025-12-10,1470.5
2025-12-11,1472.64
2025-12-12,1472.36
2025-12-15,1498.26
2025-12-16,1511.2
2025-12-17,1505.6
2025-12-18,1496.2
2025-12-19,1494.03
2025-12-22,1492.92
2025-12-23,1481.01
2025-12-26,1485.88
2025-12-29,1483.58
2025-12-30,1480.46
2026-01-02,1501.87
2026-01-05,1501.35
2026-01-06,1491.8
2026-01-07,1494.34
2026-01-08,1492.08
2026-01-09,1486.3
2026-01-12,1478.66
2026-01-13,1490.42
2026-01-14,1484.45
2026-01-15,1471.28
2026-01-16,1468.96
2026-01-19,1463.85
2026-01-20,1472.99
2026-01-21,1462.01
2026-01-22,1458.05
2026-01-23,1468.6
2026-01-26,1472.91
2026-01-27,1463.29
2026-01-28,1461.63
2026-01-29,1461.88
2026-01-30,1464.75
2026-02-02,1454.38
2026-02-03,1459.53
2026-02-04,1459.37
2026-02-05,1463.2
2026-02-06,1450.49
2026-02-09,1438.86
2026-02-10,1433.38
2026-02-11,1433.48
2026-02-12,1417.0
2026-02-13,1419.11
2026-02-18,1407.97
2026-02-19,1405.03
2026-02-20,1397.7
2026-02-23,1393.55
2026-02-24,1394.59
2026-02-25,1429.83
2026-02-26,1433.95
2026-02-27,1436.64
2026-03-02,1413.22
2026-03-03,1438.74
2026-03-04,1431.2
2026-03-05,1432.65
2026-03-06,1430.82
2026-03-09,1428.36
2026-03-10,1420.62
2026-03-11,1413.59
2026-03-12,1412.38
2026-03-13,1425.29
2026-03-16,1421.02
2026-03-17,1419.07
2026-03-18,1422.58
2026-03-19,1420.13
2026-03-20,1419.24
2026-03-25,1404.26
2026-03-26,1399.61
2026-03-27,1428.43
2026-03-30,1434.0
2026-03-31,1422.12
2026-04-01,1434.29
2026-04-06,1426.37
2026-04-07,1433.23
2026-04-08,1421.17
2026-04-09,1417.33
2026-04-10,1414.22
2026-04-13,1403.12
2026-04-14,1410.63
2026-04-15,1399.31
2026-04-16,1404.47
2026-04-17,1413.12
2026-04-20,1412.79
2026-04-21,1409.77
2026-04-22,1419.25
2026-04-23,1419.56
2026-04-24,1438.04
2026-04-27,1459.46
2026-04-28,1437.83
2026-04-29,1433.04
2026-04-30,1448.93
2026-05-04,1435.45
2026-05-05,1428.1
2026-05-06,1426.01
2026-05-07,1429.69
2026-05-08,1427.42
2026-05-11,1424.35
2026-05-12,1418.1
2026-05-13,1421.28
2026-05-14,1420.69
2026-05-15,1426.81
2026-05-18,1429.07
2026-05-19,1435.7
2026-05-20,1433.96
2026-05-21,1422.87
2026-05-22,1425.47
2026-05-26,1433.86
2026-05-27,1430.36
2026-05-28,1433.25
2026-05-29,1432.68
2026-06-01,1439.35
2026-06-02,1449.39
2026-06-03,1460.17
2026-06-04,1455.17
2026-06-05,1458.42
2026-06-08,1473.17
2026-06-09,1452.59
2026-06-10,1455.02
2026-06-11,1450.75
2026-06-12,1445.74
2026-06-16,1461.25
2026-06-17,1461.6
2026-06-18,1463.93
2026-06-19,1478.96
2026-06-22,1482.02
2026-06-23,1505.35
2026-06-24,1499.61
2026-06-25,1499.3
2026-06-26,1501.01
2026-06-29,1510.41
2026-06-30,1521.68
2026-07-01,1518.52
2026-07-02,1531.94
2026-07-03,1523.66
2026-07-06,1524.44
2026-07-07,1529.57
2026-07-08,1523.53
2026-07-10,1523.44
2026-07-13,1519.76
2026-07-14,1500.0
2026-07-15,1505.15
2026-07-16,1513.02
2026-07-17,1516.47
2026-07-20,1518.7
2026-07-21,1508.73
2026-07-22,1513.61
2026-07-23,1518.21
